date,P_Kweek_3_Kday_-32_ETE_55_ORD_54_EXT_64_E2Ekor_67_EXTkor_55_DIFF_22669,a,b,c,d,e,f,g,h,i,j
Thu Sep 24 08:00:00 UTC 2026,532458.5942461784,0.953430000692606,-5324138.662447082,null,-5323938.662447082,null,-441930.37990333256,null,null,-441630.37990333256
Thu Sep 24 09:00:00 UTC 2026,327479.36159348674,-1350660.0465699993,-5261975.417888826,null,-5261775.417888826,null,-1039340.602125555,null,null,-1039040.6021255549
Thu Sep 24 10:00:00 UTC 2026,1044906.6758787618,-1921243.0465699993,-5199812.173330564,null,-5199612.173330564,null,-1636750.824347777,null,null,-1636450.824347777
Thu Sep 24 11:00:00 UTC 2026,583703.4024097784,-2234761.0465699993,-5137648.928772306,null,-5137448.928772306,null,-2234161.0465699993,null,null,-2233861.0465699993
Thu Sep 24 12:00:00 UTC 2026,-543682.377182019,-1340051.0465699993,-5075485.684214048,null,-5075285.684214048,null,null,null,null,null
Thu Sep 24 13:00:00 UTC 2026,-1568578.5404477548,-590969.0465699993,-5013322.43965579,null,-5013122.43965579,null,null,null,null,null
Thu Sep 24 14:00:00 UTC 2026,-1876047.389427077,-1290468.0465699993,-4951159.195097528,null,-4950959.19509753,null,null,null,null,null
Thu Sep 24 15:00:00 UTC 2026,-2029781.8139167384,-1131926.0465699993,-4888995.950539272,null,-4888795.950539272,null,null,null,null,null
Thu Sep 24 16:00:00 UTC 2026,-441192.76085595717,388384.9534300007,-4826832.705981012,null,-4826632.705981012,null,null,null,null,null
Thu Sep 24 17:00:00 UTC 2026,-2234761.0465699993,467396.9534300007,-4764669.461422756,null,-4764469.461422756,null,null,null,null,null
Thu Sep 24 18:00:00 UTC 2026,9961503.296287078,1225163.9534300007,-4702506.216864495,null,-4702306.216864495,null,null,null,null,null
Thu Sep 24 19:00:00 UTC 2026,1.032021695343E7,1262391.9534300007,-4640342.972306237,null,-4640142.972306237,null,null,null,null,null
Thu Sep 24 20:00:00 UTC 2026,8885362.324858312,937251.9534300007,-4578179.727747979,null,-4577979.727747979,null,null,null,null,null
Thu Sep 24 21:00:00 UTC 2026,6579345.957511686,121497.95343000069,-4516016.483189721,null,-4515816.483189721,null,null,null,null,null
Thu Sep 24 22:00:00 UTC 2026,7604242.120776854,293369.9534300007,-4453853.238631459,null,-4453653.238631459,null,null,null,null,null
Thu Sep 24 23:00:00 UTC 2026,5503204.986082921,1634020.9534300007,-4391689.994073203,null,-4391489.994073203,null,null,null,null,null
Fri Sep 25 00:00:00 UTC 2026,4068350.3575118007,386038.9534300007,-4329526.749514943,null,-4329326.749514945,null,null,null,null,null
Fri Sep 25 01:00:00 UTC 2026,7552997.312613254,817925.9534300007,-4267363.504956687,null,-4267163.504956685,null,null,null,null,null
Fri Sep 25 02:00:00 UTC 2026,5810673.835062243,178372.9534300007,-4205200.260398425,null,-4205000.260398425,null,null,null,null,null
Fri Sep 25 03:00:00 UTC 2026,4273329.590164493,3202463.9534300007,-4143037.015840167,null,-4142837.015840167,null,null,null,null,null
Fri Sep 25 04:00:00 UTC 2026,5093246.5207769675,3182647.9534300007,-4080873.771281909,null,-4080673.771281911,null,null,null,null,null
Fri Sep 25 05:00:00 UTC 2026,4478308.822817754,2516948.9534300007,-4018710.526723651,null,-4018510.526723651,null,null,null,null,null
Fri Sep 25 06:00:00 UTC 2026,4170839.973837862,6213532.953430001,-3956547.2821653914,null,-3956347.2821653914,null,6214132.953430001,null,null,6214432.953430001
Fri Sep 25 07:00:00 UTC 2026,3709636.7003688784,3253470.9534300007,-3894384.0376071353,null,-3894184.0376071353,null,6138709.759881614,null,null,6139009.759881613
Fri Sep 25 08:00:00 UTC 2026,3248433.426899326,5009871.953430001,-3832220.7930488754,null,-3832020.7930488773,null,6063286.566333227,null,null,6063586.566333227
Fri Sep 25 09:00:00 UTC 2026,2940964.577920003,4559323.953430001,-3770057.5484906156,null,-3769857.5484906156,null,5987863.37278484,null,null,5988163.372784839
Fri Sep 25 10:00:00 UTC 2026,3094699.002409665,3566048.9534300007,-3707894.3039323576,null,-3707694.3039323594,null,5912440.179236451,null,null,5912740.179236452
Fri Sep 25 11:00:00 UTC 2026,3043454.194246065,3722737.9534300007,-3645731.0593740996,null,-3645531.0593740996,null,5837016.985688065,null,null,5837316.985688065
Fri Sep 25 12:00:00 UTC 2026,4427064.014654154,4447856.953430001,-3583567.8148158416,null,-3583367.8148158416,null,5761593.792139678,null,null,5761893.792139678
Fri Sep 25 13:00:00 UTC 2026,4632043.247307415,4628185.953430001,-3521404.570257582,null,-3521204.570257582,null,5686170.59859129,null,null,5686470.59859129
Fri Sep 25 14:00:00 UTC 2026,6733080.382001348,3989969.9534300007,-3459241.325699322,null,-3459041.325699324,null,5610747.405042904,null,null,5611047.405042904
Fri Sep 25 15:00:00 UTC 2026,6476856.341185058,2575052.9534300007,-3397078.081141066,null,-3396878.081141064,null,5535324.2114945175,null,null,5535624.211494517
Fri Sep 25 16:00:00 UTC 2026,5759429.026899212,3248473.9534300007,-3334914.836582806,null,-3334714.836582808,null,5459901.01794613,null,null,5460201.01794613
Fri Sep 25 17:00:00 UTC 2026,6630590.765674718,2615221.9534300007,-3272751.592024546,null,-3272551.592024546,null,5384477.824397743,null,null,5384777.824397743
Fri Sep 25 18:00:00 UTC 2026,7757976.545266515,3116855.9534300007,-3210588.347466288,null,-3210388.347466288,null,5309054.630849355,null,null,5309354.630849355
Fri Sep 25 19:00:00 UTC 2026,4375819.206491123,2529198.9534300007,-3148425.10290803,null,-3148225.10290803,null,5233631.437300968,null,null,5233931.437300968
Fri Sep 25 20:00:00 UTC 2026,7860466.161593147,1537294.9534300007,-3086261.858349772,null,-3086061.858349772,null,5158208.243752582,null,null,5158508.243752581
Fri Sep 25 21:00:00 UTC 2026,8167935.010572469,1537294.9534300007,-3024098.6137915123,null,-3023898.6137915123,null,5082785.050204194,null,null,5083085.050204194
Fri Sep 25 22:00:00 UTC 2026,4222084.782001462,1537294.9534300007,-2961935.3692332525,null,-2961735.3692332543,null,5007361.856655807,null,null,5007661.856655807
Fri Sep 25 23:00:00 UTC 2026,4990756.9044503365,1537294.9534300007,-2899772.1246749964,null,-2899572.1246749945,null,4931938.663107419,null,null,4932238.66310742
Sat Sep 26 00:00:00 UTC 2026,6579345.957511686,1537294.9534300007,-2837608.8801167365,null,-2837408.8801167384,null,4856515.469559033,null,null,4856815.469559033
Sat Sep 26 01:00:00 UTC 2026,6220632.300368765,1537294.9534300007,-2775445.6355584767,null,-2775245.6355584767,null,4781092.2760106465,null,null,4781392.2760106465
Sat Sep 26 02:00:00 UTC 2026,5861918.643225842,1537294.9534300007,-2713282.3910002187,null,-2713082.3910002187,null,4705669.082462259,null,null,4705969.082462259
Sat Sep 26 03:00:00 UTC 2026,2787230.1534297727,1537294.9534300007,-2651119.1464419607,null,-2650919.1464419607,null,4630245.888913872,null,null,4630545.888913871
Sat Sep 26 04:00:00 UTC 2026,4683288.055470445,1537294.9534300007,-2588955.9018837027,null,-2588755.9018837027,null,4554822.695365485,null,null,4555122.695365485
Sat Sep 26 05:00:00 UTC 2026,3607147.0840422483,1537294.9534300007,-2526792.657325443,null,-2526592.657325441,null,4479399.501817098,null,null,4479699.501817097
Sat Sep 26 06:00:00 UTC 2026,4478308.822817754,1537294.9534300007,-2464629.412767183,null,-2464429.412767185,null,4403976.30826871,null,null,4404276.30826871
Sat Sep 26 07:00:00 UTC 2026,5349470.56159326,1537294.9534300007,-2402466.168208927,null,-2402266.168208925,null,4328553.114720323,null,null,4328853.114720323
Sat Sep 26 08:00:00 UTC 2026,4837022.479960675,1537294.9534300007,-2340302.923650667,null,-2340102.923650667,null,4253129.921171937,null,null,4253429.921171936
Sat Sep 26 09:00:00 UTC 2026,4837022.479960675,1537294.9534300007,-2278139.679092407,null,-2277939.679092407,null,4177706.7276235493,null,null,4178006.7276235493
Sat Sep 26 10:00:00 UTC 2026,4888267.288123705,1537294.9534300007,-2215976.4345341492,null,-2215776.4345341492,null,4102283.5340751614,null,null,4102583.5340751614
Sat Sep 26 11:00:00 UTC 2026,5246980.945266629,1537294.9534300007,-2153813.1899758913,null,-2153613.189975893,null,4026860.3405267745,null,null,4027160.3405267745
Sat Sep 26 12:00:00 UTC 2026,5246980.945266629,1537294.9534300007,-2091649.9454176333,null,-2091449.9454176333,null,3951437.1469783876,null,null,3951737.1469783876
Sat Sep 26 13:00:00 UTC 2026,5195736.137103599,1537294.9534300007,-2029486.7008593734,null,-2029286.7008593716,null,3876013.9534300007,null,null,3876313.9534300007
Sat Sep 26 14:00:00 UTC 2026,5195736.137103599,1537294.9534300007,-1967323.4563011136,null,-1967123.4563011155,null,3800590.759881614,null,null,3800890.759881614
Sat Sep 26 15:00:00 UTC 2026,5246980.945266629,1537294.9534300007,-1905160.2117428593,null,-1904960.2117428593,null,3725167.566333226,null,null,3725467.5663332264
Sat Sep 26 16:00:00 UTC 2026,5298225.753429659,1537294.9534300007,-1842996.9671845976,null,-1842796.9671845976,null,3649744.372784839,null,null,3650044.372784839
Sat Sep 26 17:00:00 UTC 2026,5298225.753429659,1537294.9534300007,-1780833.7226263396,null,-1780633.7226263396,null,3574321.1792364526,null,null,3574621.1792364526
Sat Sep 26 18:00:00 UTC 2026,5093246.5207769675,1537294.9534300007,-1718670.4780680817,null,-1718470.4780680817,null,3498897.985688065,null,null,3499197.9856880656
Sat Sep 26 19:00:00 UTC 2026,5195736.137103599,1537294.9534300007,-1656507.2335098237,null,-1656307.2335098237,null,3423474.7921396783,null,null,3423774.7921396783
Sat Sep 26 20:00:00 UTC 2026,5195736.137103599,1537294.9534300007,-1594343.988951562,null,-1594143.9889515638,null,3348051.5985912913,null,null,3348351.598591291
Sat Sep 26 21:00:00 UTC 2026,5195736.137103599,1537294.9534300007,-1532180.7443933059,null,-1531980.7443933059,null,3272628.405042904,null,null,3272928.405042904
Sat Sep 26 22:00:00 UTC 2026,5298225.753429659,1537294.9534300007,-1470017.499835046,null,-1469817.499835046,null,3197205.211494517,null,null,3197505.211494517
Sat Sep 26 23:00:00 UTC 2026,4683288.055470445,1537294.9534300007,-1407854.25527679,null,-1407654.25527679,null,3121782.0179461297,null,null,3122082.0179461297
Sun Sep 27 00:00:00 UTC 2026,5298225.753429659,1537294.9534300007,-1345691.0107185282,null,-1345491.0107185282,null,3046358.8243977423,null,null,3046658.8243977423
Sun Sep 27 01:00:00 UTC 2026,5349470.56159326,1537294.9534300007,-1283527.7661602702,null,-1283327.7661602702,null,2970935.630849356,null,null,2971235.630849356
Sun Sep 27 02:00:00 UTC 2026,5298225.753429659,1537294.9534300007,-1221364.5216020122,null,-1221164.5216020122,null,2895512.437300969,null,null,2895812.437300969
Sun Sep 27 03:00:00 UTC 2026,5349470.56159326,1537294.9534300007,-1159201.2770437542,null,-1159001.2770437542,null,2820089.243752581,null,null,2820389.243752581
Sun Sep 27 04:00:00 UTC 2026,5451960.17791989,1537294.9534300007,-1097038.0324854925,null,-1096838.0324854944,null,2744666.050204194,null,null,2744966.050204194
Sun Sep 27 05:00:00 UTC 2026,5451960.17791989,1537294.9534300007,-1034874.7879272364,null,-1034674.7879272364,null,2669242.8566558072,null,null,2669542.8566558072
Sun Sep 27 06:00:00 UTC 2026,5451960.17791989,1537294.9534300007,-972711.5433689766,null,-972511.5433689766,null,2593819.6631074203,null,null,2594119.6631074203
Sun Sep 27 07:00:00 UTC 2026,5554449.794245951,1537294.9534300007,-910548.2988107204,null,-910348.2988107204,null,2518396.469559033,null,null,2518696.469559033
Sun Sep 27 08:00:00 UTC 2026,4990756.9044503365,1537294.9534300007,-848385.0542524587,null,-848185.0542524587,null,2442973.2760106456,null,null,2443273.2760106456
Sun Sep 27 09:00:00 UTC 2026,4683288.055470445,1537294.9534300007,-786221.8096942008,null,-786021.8096942008,null,2367550.0824622586,null,null,2367850.0824622586
Sun Sep 27 10:00:00 UTC 2026,5503204.986082921,1537294.9534300007,-724058.5651359428,null,-723858.5651359428,null,2292126.8889138717,null,null,2292426.8889138717
Sun Sep 27 11:00:00 UTC 2026,5246980.945266629,1537294.9534300007,-661895.3205776848,null,-661695.3205776848,null,2216703.695365485,null,null,2217003.695365485
Sun Sep 27 12:00:00 UTC 2026,4068350.3575118007,1537294.9534300007,-599732.0760194231,null,-599532.0760194231,null,2141280.5018170974,null,null,2141580.5018170974
Sun Sep 27 13:00:00 UTC 2026,5554449.794245951,1537294.9534300007,-537568.831461167,null,-537368.831461167,null,2065857.3082687105,null,null,2066157.3082687103
Sun Sep 27 14:00:00 UTC 2026,5554449.794245951,1537294.9534300007,-475405.5869029071,null,-475205.5869029071,null,1990434.1147203231,null,null,1990734.1147203231
Sun Sep 27 15:00:00 UTC 2026,4017105.5493482016,1537294.9534300007,-413242.342344651,null,-413042.34234464914,null,1915010.921171936,null,null,1915310.9211719362
Sun Sep 27 16:00:00 UTC 2026,3965860.7411851697,1537294.9534300007,-351079.0977863893,null,-350879.0977863893,null,1839587.727623549,null,null,1839887.7276235488
Sun Sep 27 17:00:00 UTC 2026,3402167.851388987,1537294.9534300007,-288915.8532281313,null,-288715.8532281313,null,1764164.5340751621,null,null,1764464.5340751621
Sun Sep 27 18:00:00 UTC 2026,3453412.659552587,1537294.9534300007,-226752.60866987333,null,-226552.60866987333,null,1688741.3405267748,null,null,1689041.340526775
Sun Sep 27 19:00:00 UTC 2026,2940964.577920003,1537294.9534300007,-164589.36411161534,null,-164389.36411161534,null,1613318.1469783878,null,null,1613618.1469783878
Sun Sep 27 20:00:00 UTC 2026,2633495.7289401116,1537294.9534300007,-102426.11955335364,null,-102226.11955335364,null,1537894.9534300007,1537994.9534300007,null,1538194.9534300007
Sun Sep 27 21:00:00 UTC 2026,4478308.822817754,2962917.9534300007,-40262.87499509752,null,-40062.87499509752,null,null,2250249.686763334,null,null
Sun Sep 27 22:00:00 UTC 2026,5554449.794245951,3503944.9534300007,21900.369563162327,null,22100.369563160464,null,null,2962504.4200966675,null,null
Sun Sep 27 23:00:00 UTC 2026,6015653.067715503,3141373.9534300007,84063.61412141845,null,84263.61412142031,null,null,3674759.153430001,null,null
Mon Sep 28 00:00:00 UTC 2026,6169387.492205163,7562061.953430001,146226.85867968015,null,146426.85867968015,null,null,4387013.886763334,null,null
Mon Sep 28 01:00:00 UTC 2026,5554449.794245951,7292273.953430001,208390.10323793627,null,208590.10323793627,null,null,5099268.620096667,null,null
Mon Sep 28 02:00:00 UTC 2026,5810673.835062243,7665259.953430001,270553.34779619426,null,270753.34779619426,null,null,5811523.35343,null,null
Mon Sep 28 03:00:00 UTC 2026,3299678.235062356,7175139.953430001,332716.5923544541,null,332916.5923544541,null,null,6523778.086763334,null,null
Mon Sep 28 04:00:00 UTC 2026,5810673.835062243,6611409.953430001,394879.83691271394,null,395079.83691271394,null,null,7236032.820096667,null,null
Mon Sep 28 05:00:00 UTC 2026,5400715.36975629,7348193.953430001,457043.08147097006,null,457243.0814709719,null,null,7948287.553430001,null,null
Mon Sep 28 06:00:00 UTC 2026,5400715.36975629,1.032021695343E7,519206.3260292299,null,519406.32602922805,null,null,8660542.286763333,null,null
Mon Sep 28 07:00:00 UTC 2026,5400715.36975629,1.025840295343E7,581369.5705874898,null,581569.5705874898,null,null,9372797.020096667,null,null
Mon Sep 28 08:00:00 UTC 2026,0.5859,1.106478495343E7,null,643532.8151457477,null,643732.8151457477,null,null,null,1.008505175343E7,null,null
Mon Sep 28 09:00:00 UTC 2026,0.5859,1.162000395343E7,null,705696.0597040057,null,705896.0597040057,null,null,null,1.0797306486763336E7,null,null
Mon Sep 28 10:00:00 UTC 2026,0.5859,1.179817395343E7,null,767859.3042622637,null,768059.3042622637,null,null,null,1.1509561220096668E7,null,null
Mon Sep 28 11:00:00 UTC 2026,0.5859,1.222111595343E7,null,830022.5488205235,null,830222.5488205235,null,null,1.222171595343E7,1.222181595343E7,null,null
Mon Sep 28 12:00:00 UTC 2026,0.5859,1.082353595343E7,null,892185.7933787834,null,892385.7933787815,null,null,1.1957523692560436E7,null,null,null
Mon Sep 28 13:00:00 UTC 2026,0.5859,1.010358995343E7,null,954349.0379370395,null,954549.0379370414,null,null,1.169333143169087E7,null,null,null
Mon Sep 28 14:00:00 UTC 2026,0.5859,1.051941995343E7,null,1016512.2824952994,null,1016712.2824952975,null,null,1.1429139170821305E7,null,null,null
Mon Sep 28 15:00:00 UTC 2026,0.5859,1.125181295343E7,null,1078675.5270535592,null,1078875.5270535592,null,null,1.116494690995174E7,null,null,null
Mon Sep 28 16:00:00 UTC 2026,0.5859,1.174628895343E7,null,1140838.7716118172,null,1141038.7716118172,null,null,1.0900754649082175E7,null,null,null
Mon Sep 28 17:00:00 UTC 2026,0.5859,1.036282795343E7,null,1203002.0161700752,null,1203202.0161700752,null,null,1.0636562388212608E7,null,null,null
Mon Sep 28 18:00:00 UTC 2026,0.5859,9595488.95343,null,1265165.2607283331,null,1265365.2607283331,null,null,1.0372370127343044E7,null,null,null
Mon Sep 28 19:00:00 UTC 2026,0.5859,1.035758095343E7,null,1327328.505286593,null,1327528.5052865949,null,null,1.010817786647348E7,null,null,null
Mon Sep 28 20:00:00 UTC 2026,0.5859,1.013338795343E7,null,1389491.7498448528,null,1389691.749844851,null,null,9843985.605603915,null,null,null
Mon Sep 28 21:00:00 UTC 2026,0.5859,1.048411895343E7,null,1451654.994403109,null,1451854.9944031108,null,null,9579793.344734348,null,null,null
Mon Sep 28 22:00:00 UTC 2026,0.5859,9785772.95343,null,1513818.2389613688,null,1514018.2389613688,null,null,9315601.083864782,null,null,null
Mon Sep 28 23:00:00 UTC 2026,0.5859,9813637.95343,null,1575981.4835196286,null,1576181.4835196286,null,null,9051408.82299522,null,null,null
Tue Sep 29 00:00:00 UTC 2026,0.5859,9400133.95343,null,1638144.7280778866,null,1638344.7280778866,null,null,8787216.562125653,null,null,null
Tue Sep 29 01:00:00 UTC 2026,0.5859,1.031668095343E7,null,1700307.9726361446,null,1700507.9726361446,null,null,8523024.301256087,null,null,null
Tue Sep 29 02:00:00 UTC 2026,0.5859,1.020637095343E7,null,1762471.2171944026,null,1762671.2171944026,null,null,8258832.040386522,null,null,null
Tue Sep 29 03:00:00 UTC 2026,0.5859,9770640.95343,null,1824634.4617526624,null,1824834.4617526643,null,null,7994639.779516957,null,null,null
Tue Sep 29 04:00:00 UTC 2026,0.5859,9892639.95343,null,1886797.7063109223,null,1886997.7063109204,null,null,7730447.518647391,null,null,null
Tue Sep 29 05:00:00 UTC 2026,0.5859,9201838.95343,null,1948960.9508691784,null,1949160.9508691803,null,null,7466255.257777827,null,null,null
Tue Sep 29 06:00:00 UTC 2026,0.5859,9007195.95343,null,2011124.1954274382,null,2011324.1954274382,null,null,7202062.996908262,null,null,null
Tue Sep 29 07:00:00 UTC 2026,0.5859,9500391.95343,null,2073287.439985698,null,2073487.439985698,null,null,6937870.736038696,null,null,null
Tue Sep 29 08:00:00 UTC 2026,0.5859,6966316.953430001,null,2135450.684543956,null,2135650.684543956,null,null,6673678.475169131,null,null,null
Tue Sep 29 09:00:00 UTC 2026,0.5859,7138425.953430001,null,2197613.929102214,null,2197813.929102214,null,null,6409486.214299566,null,null,null
Tue Sep 29 10:00:00 UTC 2026,0.5859,6144693.953430001,null,2259777.173660472,null,2259977.173660472,null,null,6145293.953430001,null,null,null
Tue Sep 29 11:00:00 UTC 2026,0.5859,6826129.953430001,null,2321940.41821873,null,2322140.418218732,null,null,null,null,null,null
Tue Sep 29 12:00:00 UTC 2026,0.5859,7882030.953430001,null,2384103.66277699,null,2384303.66277699,null,null,null,null,null,null
Tue Sep 29 13:00:00 UTC 2026,0.5859,7713208.953430001,null,2446266.907335246,null,2446466.907335246,null,null,null,null,null,null
Tue Sep 29 14:00:00 UTC 2026,0.5859,8629425.95343,null,2508430.1518935077,null,2508630.1518935077,null,null,null,null,null,null
Tue Sep 29 15:00:00 UTC 2026,0.5859,9323438.95343,null,2570593.3964517657,null,2570793.3964517675,null,null,null,null,null,null
Tue Sep 29 16:00:00 UTC 2026,0.5859,8623539.95343,null,2632756.6410100237,null,2632956.6410100237,null,null,null,null,null,null
Tue Sep 29 17:00:00 UTC 2026,0.5859,9116846.95343,null,2694919.8855682816,null,2695119.8855682816,null,null,null,null,null,null
Tue Sep 29 18:00:00 UTC 2026,0.5859,9617009.95343,null,2757083.1301265433,null,2757283.1301265415,null,null,9617609.95343,null,9617809.95343,null
Tue Sep 29 19:00:00 UTC 2026,0.5859,8923133.95343,null,2819246.3746847995,null,2819446.3746847995,null,null,9375347.286763333,null,9375547.286763335,null
Tue Sep 29 20:00:00 UTC 2026,0.5859,8621404.95343,null,2881409.6192430593,null,2881609.6192430593,null,null,9133084.620096667,null,9133284.620096667,null
Tue Sep 29 21:00:00 UTC 2026,0.5859,8429707.95343,null,2943572.8638013154,null,2943772.8638013154,null,null,8890821.95343,null,8891021.95343,null
Tue Sep 29 22:00:00 UTC 2026,0.5859,7693359.953430001,null,3005736.108359577,null,3005936.108359577,null,null,8648559.286763335,null,8648759.286763335,null
Tue Sep 29 23:00:00 UTC 2026,0.5859,7005918.953430001,null,3067899.352917835,null,3068099.352917835,null,null,8406296.620096667,null,8406496.620096667,null
Wed Sep 30 00:00:00 UTC 2026,0.5859,7448328.953430001,null,3130062.597476093,null,3130262.597476093,null,null,8164033.953430001,null,8164233.953430001,null
Wed Sep 30 01:00:00 UTC 2026,0.5859,7959928.953430001,null,3192225.842034351,null,3192425.842034351,null,null,7921771.286763335,null,7921971.286763335,null
Wed Sep 30 02:00:00 UTC 2026,0.5859,6914468.953430001,null,3254389.086592613,null,3254589.086592611,null,null,7679508.620096667,null,7679708.620096667,null
Wed Sep 30 03:00:00 UTC 2026,0.5859,7590099.953430001,null,3316552.331150869,null,3316752.331150869,null,null,7437245.953430001,null,7437445.953430001,null
Wed Sep 30 04:00:00 UTC 2026,0.5859,7346905.953430001,null,3378715.575709127,null,3378915.575709127,null,null,7194983.286763335,null,7195183.286763335,null
Wed Sep 30 05:00:00 UTC 2026,0.5859,6893026.953430001,null,3440878.820267385,null,3441078.8202673867,null,null,6952720.620096667,null,6952920.620096667,null
Wed Sep 30 06:00:00 UTC 2026,0.5859,6827835.953430001,null,3503042.0648256466,null,3503242.0648256466,null,null,6710457.953430001,null,6710657.953430001,null
Wed Sep 30 07:00:00 UTC 2026,0.5859,7340825.953430001,null,3565205.3093839064,null,3565405.3093839064,null,null,6468195.286763334,null,6468395.286763334,null
Wed Sep 30 08:00:00 UTC 2026,0.5859,8420792.95343,null,3627368.5539421607,null,3627568.5539421625,null,null,6225932.620096668,null,6226132.620096668,null
Wed Sep 30 09:00:00 UTC 2026,0.5859,8145075.953430001,null,3689531.7985004205,null,3689731.7985004205,null,null,5983669.953430001,null,5983869.953430001,null
Wed Sep 30 10:00:00 UTC 2026,0.5859,8276230.953430001,null,3751695.0430586822,null,3751895.0430586822,null,null,5741407.286763334,null,5741607.286763334,null
Wed Sep 30 11:00:00 UTC 2026,0.5859,8172052.953430001,null,3813858.28761694,null,3814058.28761694,null,null,5499144.620096668,null,5499344.620096668,null
Wed Sep 30 12:00:00 UTC 2026,0.5859,7418193.953430001,null,3876021.5321751963,null,3876221.5321751963,null,null,5256881.953430001,null,5257081.953430001,null
Wed Sep 30 13:00:00 UTC 2026,0.5859,6196055.953430001,null,3938184.7767334543,null,3938384.776733456,null,null,5014619.286763334,null,5014819.286763334,null
Wed Sep 30 14:00:00 UTC 2026,0.5859,6052837.953430001,null,4000348.021291716,null,4000548.021291716,null,null,4772356.620096668,null,4772556.620096668,null
Wed Sep 30 15:00:00 UTC 2026,0.5859,4709477.953430001,null,4062511.265849976,null,4062711.265849976,null,null,4530093.953430001,null,4530293.953430001,null
Wed Sep 30 16:00:00 UTC 2026,0.5859,3805511.9534300007,null,4124674.51040823,null,4124874.510408232,null,null,4287831.286763334,null,4288031.286763334,null
Wed Sep 30 17:00:00 UTC 2026,0.5859,4262300.953430001,null,4186837.75496649,null,4187037.75496649,null,null,4045568.6200966677,null,4045768.6200966677,null
Wed Sep 30 18:00:00 UTC 2026,0.5859,3802705.9534300007,null,4249000.999524752,null,4249200.999524752,null,null,3803305.9534300007,null,3803505.9534300007,null
Wed Sep 30 19:00:00 UTC 2026,0.5859,4159510.9534300007,null,4311164.24408301,null,4311364.24408301,null,null,null,null,null,null
Wed Sep 30 20:00:00 UTC 2026,0.5859,5312175.953430001,null,4373327.488641266,null,4373527.488641266,null,null,null,null,null,null
Wed Sep 30 21:00:00 UTC 2026,0.5859,6023455.953430001,null,4435490.733199526,null,4435690.733199526,null,null,null,null,null,null
Wed Sep 30 22:00:00 UTC 2026,0.5859,6286238.953430001,null,4497653.977757784,null,4497853.977757784,null,null,null,null,null,null
Wed Sep 30 23:00:00 UTC 2026,0.5859,7229917.953430001,null,4559817.222316042,null,4560017.22231604,null,null,null,null,null,null
Thu Oct 01 00:00:00 UTC 2026,0.5859,7184536.953430001,null,4621980.4668743,null,4622180.4668743,null,null,null,null,null,null
Thu Oct 01 01:00:00 UTC 2026,0.5859,5960511.953430001,null,4684143.711432559,null,4684343.711432559,null,null,null,null,null,null
Thu Oct 01 02:00:00 UTC 2026,0.5859,6143166.953430001,null,4746306.955990819,null,4746506.955990819,null,null,null,null,null,null
Thu Oct 01 03:00:00 UTC 2026,0.5859,5463038.953430001,null,4808470.200549075,null,4808670.200549075,null,null,null,null,null,null
Thu Oct 01 04:00:00 UTC 2026,0.5859,5442068.953430001,null,4870633.445107335,null,4870833.445107333,null,null,null,null,null,null
Thu Oct 01 05:00:00 UTC 2026,0.5859,5444834.953430001,null,4932796.689665595,null,4932996.689665595,null,null,null,null,null,null
Thu Oct 01 06:00:00 UTC 2026,0.5859,1.149348095343E7,null,4994959.934223853,null,4995159.934223853,null,null,1.149408095343E7,null,null,null
Thu Oct 01 07:00:00 UTC 2026,0.5859,5193997.953430001,null,5057123.178782111,null,5057323.178782109,null,null,9717506.95343,null,null,null
Thu Oct 01 08:00:00 UTC 2026,0.5859,4682993.953430001,null,5119286.423340369,null,5119486.423340369,null,null,7940932.953430001,null,null,null
Thu Oct 01 09:00:00 UTC 2026,0.5859,4389338.953430001,null,5181449.667898629,null,5181649.667898629,null,null,6164358.953430001,null,null,null
Thu Oct 01 10:00:00 UTC 2026,0.5859,4387184.953430001,null,5243612.912456889,null,5243812.912456889,null,null,4387784.953430001,null,null,null
Thu Oct 01 11:00:00 UTC 2026,0.5859,5028553.953430001,null,5305776.157015145,null,5305976.157015145,null,null,null,null,null,null
Thu Oct 01 12:00:00 UTC 2026,0.5859,4549733.953430001,null,5367939.401573405,null,5368139.401573403,null,null,null,null,null,null
Thu Oct 01 13:00:00 UTC 2026,0.5859,4632136.953430001,null,5430102.6461316645,null,5430302.6461316645,null,null,null,null,null,null
Thu Oct 01 14:00:00 UTC 2026,0.5859,5887407.953430001,null,5492265.8906899225,null,5492465.890689924,null,null,null,null,null,null
Thu Oct 01 15:00:00 UTC 2026,0.5859,6396697.953430001,null,5554429.1352481805,null,5554629.135248179,null,null,null,null,null,null
Thu Oct 01 16:00:00 UTC 2026,0.5859,6848385.953430001,null,5616592.379806438,null,5616792.379806438,null,null,null,null,null,null
Thu Oct 01 17:00:00 UTC 2026,0.5859,7316973.953430001,null,5678755.624364698,null,5678955.6243647,null,null,null,null,null,null
Thu Oct 01 18:00:00 UTC 2026,0.5859,6713502.953430001,null,5740918.868922958,null,5741118.868922958,null,null,null,null,null,null
Thu Oct 01 19:00:00 UTC 2026,0.5859,6447898.953430001,null,5803082.113481214,null,5803282.113481214,null,null,null,null,null,null
Thu Oct 01 20:00:00 UTC 2026,0.5859,5508140.953430001,null,5865245.358039474,null,5865445.358039474,null,null,null,null,null,null
Thu Oct 01 21:00:00 UTC 2026,0.5859,5591935.953430001,null,5927408.602597734,null,5927608.602597734,null,null,null,null,null,null
Thu Oct 01 22:00:00 UTC 2026,0.5859,5679580.953430001,null,5989571.847155992,null,5989771.847155994,null,null,null,null,null,null
Thu Oct 01 23:00:00 UTC 2026,0.5859,5888895.953430001,null,6051735.09171425,null,6051935.09171425,null,null,null,null,null,null
Fri Oct 02 00:00:00 UTC 2026,0.5859,5759045.953430001,null,6113898.336272508,null,6114098.336272508,null,null,null,null,null,null
Fri Oct 02 01:00:00 UTC 2026,0.5859,6332022.953430001,null,6176061.580830768,null,6176261.58083077,null,null,null,null,null,null
Fri Oct 02 02:00:00 UTC 2026,0.5859,6754819.953430001,null,6238224.825389028,null,6238424.825389028,null,null,null,null,null,null
Fri Oct 02 03:00:00 UTC 2026,0.5859,7187025.953430001,null,6300388.069947284,null,6300588.069947284,null,null,null,null,null,null
Fri Oct 02 04:00:00 UTC 2026,0.5859,6870569.953430001,null,6362551.314505544,null,6362751.314505544,null,null,null,null,null,null
Fri Oct 02 05:00:00 UTC 2026,0.5859,6959999.953430001,null,6424714.559063803,null,6424914.559063803,null,null,null,null,null,null
Fri Oct 02 06:00:00 UTC 2026,0.5859,7277512.953430001,null,6486877.803622061,null,6487077.803622063,null,null,null,null,null,null
Fri Oct 02 07:00:00 UTC 2026,0.5859,7200629.953430001,null,6549041.0481803175,null,6549241.0481803175,null,null,null,null,null,null
Fri Oct 02 08:00:00 UTC 2026,0.5859,9290671.95343,null,6611204.292738579,null,6611404.292738577,null,null,null,null,null,null
Fri Oct 02 09:00:00 UTC 2026,0.5859,8663151.95343,null,6673367.537296837,null,6673567.537296837,null,null,null,null,null,null
Fri Oct 02 10:00:00 UTC 2026,0.5859,8517748.95343,null,6735530.781855093,null,6735730.781855093,null,null,null,null,null,null
Fri Oct 02 11:00:00 UTC 2026,0.5859,8689400.95343,null,6797694.026413351,null,6797894.026413351,null,null,null,null,null,null
Fri Oct 02 12:00:00 UTC 2026,0.5859,9364340.95343,null,6859857.270971613,null,6860057.270971613,null,null,null,null,null,null
Fri Oct 02 13:00:00 UTC 2026,0.5859,9065952.95343,null,6922020.515529873,null,6922220.515529871,null,null,null,null,null,null
Fri Oct 02 14:00:00 UTC 2026,0.5859,9803843.95343,null,6984183.760088127,null,6984383.760088127,null,null,null,null,null,null
Fri Oct 02 15:00:00 UTC 2026,0.5859,9897272.95343,null,7046347.004646387,null,7046547.004646387,null,null,null,null,null,null
Fri Oct 02 16:00:00 UTC 2026,0.5859,9142566.95343,null,7108510.249204649,null,7108710.249204647,null,null,null,null,null,null
Fri Oct 02 17:00:00 UTC 2026,0.5859,9703270.95343,null,7170673.493762907,null,7170873.493762907,null,null,null,null,null,null
Fri Oct 02 18:00:00 UTC 2026,0.5859,9339374.95343,null,7232836.738321163,null,7233036.738321163,null,null,null,null,null,null
Fri Oct 02 19:00:00 UTC 2026,0.5859,8185524.953430001,null,7294999.982879421,null,7295199.982879421,null,null,null,null,null,null
Fri Oct 02 20:00:00 UTC 2026,0.5859,8471640.95343,null,7357163.227437682,null,7357363.227437682,null,null,null,null,null,null
Fri Oct 02 21:00:00 UTC 2026,0.5859,8471640.95343,null,7419326.471995942,null,7419526.471995942,null,null,null,null,null,null
Fri Oct 02 22:00:00 UTC 2026,0.5859,8471640.95343,null,7481489.716554197,null,7481689.716554197,null,null,null,null,null,null
Fri Oct 02 23:00:00 UTC 2026,0.5859,8471640.95343,null,7543652.961112456,null,7543852.961112456,null,null,null,null,null,null
Sat Oct 03 00:00:00 UTC 2026,0.5859,8471640.95343,null,7605816.205670718,null,7606016.205670718,null,null,null,null,null,null
Sat Oct 03 01:00:00 UTC 2026,0.5859,8471640.95343,null,7667979.450228976,null,7668179.450228976,null,null,null,null,null,null
Sat Oct 03 02:00:00 UTC 2026,0.5859,8471640.95343,null,7730142.694787232,null,7730342.694787232,null,null,null,null,null,null
Sat Oct 03 03:00:00 UTC 2026,0.5859,8471640.95343,null,7792305.93934549,null,7792505.939345492,null,null,null,null,null,null
Sat Oct 03 04:00:00 UTC 2026,0.5859,8471640.95343,null,7854469.183903752,null,7854669.183903752,null,null,null,null,null,null
Sat Oct 03 05:00:00 UTC 2026,0.5859,8471640.95343,null,7916632.428462012,null,7916832.428462012,null,null,null,null,null,null
Sat Oct 03 06:00:00 UTC 2026,0.5859,8471640.95343,null,7978795.673020266,null,7978995.673020268,null,null,null,null,null,null
Sat Oct 03 07:00:00 UTC 2026,0.5859,8471640.95343,null,8040958.917578526,null,8041158.917578526,null,null,null,null,null,null
Sat Oct 03 08:00:00 UTC 2026,0.5859,8471640.95343,null,8103122.162136788,null,8103322.162136788,null,null,null,null,null,null
Sat Oct 03 09:00:00 UTC 2026,0.5859,8471640.95343,null,8165285.4066950455,null,8165485.406695045,null,null,null,null,null,null
Sat Oct 03 10:00:00 UTC 2026,0.5859,8471640.95343,null,8227448.651253303,null,8227648.651253302,null,null,null,null,null,null
Sat Oct 03 11:00:00 UTC 2026,0.5859,8471640.95343,null,8289611.895811561,null,8289811.8958115615,null,null,null,null,null,null
Sat Oct 03 12:00:00 UTC 2026,0.5859,8471640.95343,null,8351775.140369821,null,8351975.14036982,null,null,null,null,null,null
Sat Oct 03 13:00:00 UTC 2026,0.5859,8471640.95343,null,8413938.384928081,null,8414138.384928081,null,null,null,null,null,null
Sat Oct 03 14:00:00 UTC 2026,0.5859,8471640.95343,null,8476101.629486337,null,8476301.629486337,null,null,null,null,null,null
Sat Oct 03 15:00:00 UTC 2026,0.5859,8471640.95343,null,8538264.874044597,null,8538464.874044595,null,null,null,null,null,null
Sat Oct 03 16:00:00 UTC 2026,0.5859,8471640.95343,null,8600428.118602857,null,8600628.118602853,null,null,null,null,null,null
Sat Oct 03 17:00:00 UTC 2026,0.5859,8471640.95343,null,8662591.363161113,null,8662791.36316111,null,null,null,null,null,null
Sat Oct 03 18:00:00 UTC 2026,0.5859,8471640.95343,null,8724754.60771937,null,8724954.60771937,null,null,null,null,null,null
Sat Oct 03 19:00:00 UTC 2026,0.5859,8471640.95343,null,8786917.85227763,null,8787117.852277631,null,null,null,null,null,null
Sat Oct 03 20:00:00 UTC 2026,0.5859,8471640.95343,null,8849081.096835889,null,8849281.09683589,null,null,null,null,null,null
Sat Oct 03 21:00:00 UTC 2026,0.5859,8471640.95343,null,8911244.341394147,null,8911444.341394149,null,null,null,null,null,null
Sat Oct 03 22:00:00 UTC 2026,0.5859,8471640.95343,null,8973407.585952407,null,8973607.585952405,null,null,null,null,null,null
Sat Oct 03 23:00:00 UTC 2026,0.5859,8471640.95343,null,9035570.830510668,null,9035770.830510665,null,null,null,null,null,null
Sun Oct 04 00:00:00 UTC 2026,0.5859,8471640.95343,null,9097734.075068925,null,9097934.075068925,null,null,null,null,null,null
Sun Oct 04 01:00:00 UTC 2026,0.5859,8471640.95343,null,9159897.31962718,null,9160097.31962718,null,null,null,null,null,null
Sun Oct 04 02:00:00 UTC 2026,0.5859,8471640.95343,null,9222060.56418544,null,9222260.56418544,null,null,null,null,null,null
Sun Oct 04 03:00:00 UTC 2026,0.5859,8471640.95343,null,9284223.8087437,null,9284423.808743699,null,null,null,null,null,null
Sun Oct 04 04:00:00 UTC 2026,0.5859,8471640.95343,null,9346387.05330196,null,9346587.053301958,null,null,null,null,null,null
Sun Oct 04 05:00:00 UTC 2026,0.5859,8471640.95343,null,9408550.297860214,null,9408750.297860216,null,null,null,null,null,null
Sun Oct 04 06:00:00 UTC 2026,0.5859,8471640.95343,null,9470713.542418474,null,9470913.542418476,null,null,null,null,null,null
Sun Oct 04 07:00:00 UTC 2026,0.5859,8471640.95343,null,9532876.786976736,null,9533076.786976736,null,null,null,null,null,null
Sun Oct 04 08:00:00 UTC 2026,0.5859,8471640.95343,null,9595040.031534996,null,9595240.031534996,null,null,null,null,null,null
Sun Oct 04 09:00:00 UTC 2026,0.5859,8471640.95343,null,9657203.276093252,null,9657403.276093252,null,null,null,null,null,null
Sun Oct 04 10:00:00 UTC 2026,0.5859,8471640.95343,null,9719366.520651508,null,9719566.520651508,null,null,null,null,null,null
Sun Oct 04 11:00:00 UTC 2026,0.5859,8471640.95343,null,9781529.765209768,null,9781729.76520977,null,null,null,null,null,null
Sun Oct 04 12:00:00 UTC 2026,0.5859,8471640.95343,null,9843693.009768028,null,9843893.009768028,null,null,null,null,null,null
Sun Oct 04 13:00:00 UTC 2026,0.5859,8471640.95343,null,9905856.254326286,null,9906056.254326286,null,null,null,null,null,null
Sun Oct 04 14:00:00 UTC 2026,0.5859,8471640.95343,null,9968019.498884546,null,9968219.498884546,null,null,null,null,null,null
Sun Oct 04 15:00:00 UTC 2026,0.5859,8471640.95343,null,1.0030182743442807E7,null,1.0030382743442804E7,null,null,null,null,null,null
Sun Oct 04 16:00:00 UTC 2026,0.5859,8471640.95343,null,1.0092345988001063E7,null,1.0092545988001063E7,null,null,null,null,null,null
Sun Oct 04 17:00:00 UTC 2026,0.5859,8471640.95343,null,1.015450923255932E7,null,1.015470923255932E7,null,null,null,null,null,null
Sun Oct 04 18:00:00 UTC 2026,0.5859,8471640.95343,null,1.021667247711758E7,null,1.021687247711758E7,null,null,null,null,null,null
Sun Oct 04 19:00:00 UTC 2026,0.5859,8471640.95343,null,1.027883572167584E7,null,1.027903572167584E7,null,null,null,null,null,null
Sun Oct 04 20:00:00 UTC 2026,0.5859,8471640.95343,null,1.03409989662341E7,null,1.0341198966234095E7,null,null,null,null,null,null
Sun Oct 04 21:00:00 UTC 2026,0.5859,8117081.953430001,null,1.0403162210792353E7,null,1.0403362210792353E7,null,null,null,null,null,null
Sun Oct 04 22:00:00 UTC 2026,0.5859,8475046.95343,null,1.0465325455350613E7,null,1.0465525455350613E7,null,null,null,null,null,null
Sun Oct 04 23:00:00 UTC 2026,0.5859,9906890.95343,null,1.0527488699908875E7,null,1.0527688699908875E7,null,null,null,null,null,null
Mon Oct 05 00:00:00 UTC 2026,0.5859,9659217.95343,null,1.0589651944467135E7,null,1.0589851944467135E7,null,null,null,null,null,null
Mon Oct 05 01:00:00 UTC 2026,0.5859,9991073.95343,null,1.065181518902539E7,null,1.065201518902539E7,null,null,null,null,null,null
Mon Oct 05 02:00:00 UTC 2026,0.5859,1.088492495343E7,null,1.0713978433583647E7,null,1.0714178433583647E7,null,null,1.088552495343E7,null,null,null
Mon Oct 05 03:00:00 UTC 2026,0.5859,1.002175095343E7,null,1.0776141678141907E7,null,1.0776341678141907E7,null,null,1.051525805343E7,null,null,null
Mon Oct 05 04:00:00 UTC 2026,0.5859,1.062838095343E7,null,1.0838304922700163E7,null,1.0838504922700163E7,null,null,1.0144991153430002E7,null,null,null
Mon Oct 05 05:00:00 UTC 2026,0.5859,9926831.95343,null,1.0900468167258423E7,null,1.0900668167258423E7,null,null,9774724.253430001,null,null,null
Mon Oct 05 06:00:00 UTC 2026,0.5859,1.020518995343E7,null,1.0962631411816685E7,null,1.0962831411816685E7,null,null,9404457.353430001,null,null,null
Mon Oct 05 07:00:00 UTC 2026,0.5859,9716039.95343,null,1.1024794656374944E7,null,1.102499465637494E7,null,null,9034190.45343,null,null,null
Mon Oct 05 08:00:00 UTC 2026,0.5859,8222552.953430001,null,1.1086957900933199E7,null,1.1087157900933199E7,null,null,8663923.55343,null,null,null
Mon Oct 05 09:00:00 UTC 2026,0.5859,8654118.95343,null,1.1149121145491458E7,null,1.1149321145491458E7,null,null,8293656.653430001,null,null,null
Mon Oct 05 10:00:00 UTC 2026,0.5859,7008818.953430001,null,1.1211284390049718E7,null,1.1211484390049718E7,null,null,7923389.7534300005,null,null,null
Mon Oct 05 11:00:00 UTC 2026,0.5859,5662133.953430001,null,1.1273447634607978E7,null,1.1273647634607978E7,null,null,7553122.853430001,null,null,null
Mon Oct 05 12:00:00 UTC 2026,0.5859,6285760.953430001,null,1.1335610879166234E7,null,1.1335810879166234E7,null,null,7182855.953430001,null,null,null
Mon Oct 05 13:00:00 UTC 2026,0.5859,5021133.953430001,null,1.139777412372449E7,null,1.139797412372449E7,null,null,6812589.053430001,null,null,null
Mon Oct 05 14:00:00 UTC 2026,0.5859,4720996.953430001,null,1.1459937368282752E7,null,1.1460137368282752E7,null,null,6442322.153430001,null,null,null
Mon Oct 05 15:00:00 UTC 2026,0.5859,3751552.9534300007,null,1.1522100612841012E7,null,1.1522300612841012E7,null,null,6072055.2534300005,null,null,null
Mon Oct 05 16:00:00 UTC 2026,0.5859,3978710.9534300007,null,1.158426385739927E7,null,1.158446385739927E7,null,null,5701788.35343,null,null,null
Mon Oct 05 17:00:00 UTC 2026,0.5859,4369745.953430001,null,1.164642710195753E7,null,1.1646627101957528E7,null,null,5331521.453430001,null,null,null
Mon Oct 05 18:00:00 UTC 2026,0.5859,4148854.9534300007,null,1.170859034651579E7,null,1.170879034651579E7,null,null,4961254.553430001,null,null,null
Mon Oct 05 19:00:00 UTC 2026,0.5859,4494417.953430001,null,1.1770753591074046E7,null,1.1770953591074046E7,null,null,4590987.65343,null,null,null
Mon Oct 05 20:00:00 UTC 2026,0.5859,4750804.953430001,null,1.1832916835632302E7,null,1.1833116835632302E7,null,null,4220720.753430001,null,null,null
Mon Oct 05 21:00:00 UTC 2026,0.5859,4131206.9534300007,null,1.1895080080190562E7,null,1.1895280080190562E7,null,null,3850453.85343,null,null,null
Mon Oct 05 22:00:00 UTC 2026,0.5859,3479586.9534300007,null,1.1957243324748823E7,null,1.1957443324748822E7,null,null,3480186.9534300007,null,null,null
Mon Oct 05 23:00:00 UTC 2026,0.5859,4892497.953430001,null,1.2019406569307083E7,null,1.2019606569307081E7,null,null,null,null,null,null
Tue Oct 06 00:00:00 UTC 2026,0.5859,5576857.953430001,null,1.2081569813865338E7,null,1.208176981386534E7,null,null,null,null,null,null
Tue Oct 06 01:00:00 UTC 2026,0.5859,5531885.953430001,null,1.2143733058423597E7,null,1.2143933058423596E7,null,null,null,null,null,null
Tue Oct 06 02:00:00 UTC 2026,0.5859,5363265.953430001,null,1.2205896302981857E7,null,1.2206096302981857E7,null,null,null,null,null,null
Tue Oct 06 03:00:00 UTC 2026,0.5859,5579334.953430001,null,1.2268059547540117E7,null,1.2268259547540117E7,null,null,null,null,null,null
Tue Oct 06 04:00:00 UTC 2026,0.5859,5744257.953430001,null,1.2330222792098373E7,null,1.2330422792098373E7,null,null,null,null,null,null
Tue Oct 06 05:00:00 UTC 2026,0.5859,5903007.953430001,null,1.239238603665663E7,null,1.2392586036656633E7,null,null,null,null,null,null
Tue Oct 06 06:00:00 UTC 2026,0.5859,5192401.953430001,null,1.2454549281214891E7,null,1.245474928121489E7,null,null,null,null,null,null
Tue Oct 06 07:00:00 UTC 2026,0.5859,5806973.953430001,null,1.251671252577315E7,null,1.2516912525773149E7,null,null,null,null,null,null
Tue Oct 06 08:00:00 UTC 2026,0.5859,1.475672495343E7,null,1.2578875770331409E7,null,1.2579075770331407E7,null,null,null,null,null,null
Tue Oct 06 09:00:00 UTC 2026,0.5859,1.489125595343E7,null,1.2641039014889669E7,null,1.2641239014889667E7,null,null,null,null,null,null
Tue Oct 06 10:00:00 UTC 2026,0.5859,1.531839895343E7,null,1.2703202259447929E7,null,1.2703402259447929E7,null,null,null,null,null,null
Tue Oct 06 11:00:00 UTC 2026,0.5859,1.488586595343E7,null,1.2765365504006185E7,null,1.2765565504006185E7,null,null,null,null,null,null
Tue Oct 06 12:00:00 UTC 2026,0.5859,1.430236395343E7,null,1.282752874856444E7,null,1.282772874856444E7,null,null,null,null,null,null
Tue Oct 06 13:00:00 UTC 2026,0.5859,1.489351495343E7,null,1.28896919931227E7,null,1.28898919931227E7,null,null,null,null,null,null
Tue Oct 06 14:00:00 UTC 2026,0.5859,1.493333895343E7,null,1.295185523768096E7,null,1.295205523768096E7,null,null,null,null,null,null
Tue Oct 06 15:00:00 UTC 2026,0.5859,1.462319395343E7,null,1.3014018482239218E7,null,1.3014218482239217E7,null,null,null,null,null,null
Tue Oct 06 16:00:00 UTC 2026,0.5859,1.519525395343E7,null,1.3076181726797475E7,null,1.3076381726797476E7,null,null,null,null,null,null
Tue Oct 06 17:00:00 UTC 2026,0.5859,1.480766995343E7,null,1.3138344971355736E7,null,1.3138544971355734E7,null,null,null,null,null,null
Tue Oct 06 18:00:00 UTC 2026,0.5859,1.526935695343E7,null,1.3200508215913996E7,null,1.3200708215913994E7,null,null,null,null,null,null
Tue Oct 06 19:00:00 UTC 2026,0.5859,1.481098495343E7,null,1.3262671460472252E7,null,1.3262871460472252E7,null,null,null,null,null,null
Tue Oct 06 20:00:00 UTC 2026,0.5859,1.536100195343E7,null,1.3324834705030512E7,null,1.3325034705030512E7,null,null,null,null,null,null
Tue Oct 06 21:00:00 UTC 2026,0.5859,1.692974495343E7,null,1.3386997949588772E7,null,1.3387197949588772E7,null,null,null,null,null,null
Tue Oct 06 22:00:00 UTC 2026,0.5859,1.650742495343E7,null,1.3449161194147028E7,null,1.3449361194147032E7,null,null,null,null,null,null
Tue Oct 06 23:00:00 UTC 2026,0.5859,1.629620195343E7,null,1.3511324438705286E7,null,1.3511524438705284E7,null,null,null,null,null,null
Wed Oct 07 00:00:00 UTC 2026,0.5859,1.652956195343E7,null,1.3573487683263546E7,null,1.3573687683263544E7,null,null,null,null,null,null
Wed Oct 07 01:00:00 UTC 2026,0.5859,1.914557995343E7,null,1.3635650927821808E7,null,1.3635850927821806E7,null,null,null,null,null,null
Wed Oct 07 02:00:00 UTC 2026,0.5859,1.902129595343E7,null,1.3697814172380067E7,null,1.3698014172380066E7,null,null,null,null,null,null
Wed Oct 07 03:00:00 UTC 2026,0.5859,1.903703795343E7,null,1.375997741693832E7,null,1.3760177416938324E7,null,null,null,null,null,null
Wed Oct 07 04:00:00 UTC 2026,0.5859,1.932705895343E7,null,1.382214066149658E7,null,1.3822340661496582E7,null,null,null,null,null,null
Wed Oct 07 05:00:00 UTC 2026,0.5859,1.944190595343E7,null,1.388430390605484E7,null,1.388450390605484E7,null,null,null,null,null,null
Wed Oct 07 06:00:00 UTC 2026,0.5859,2.395762095343E7,null,1.39464671506131E7,null,1.39466671506131E7,null,null,null,null,null,null
Wed Oct 07 07:00:00 UTC 2026,0.5859,2.429222495343E7,null,1.4008630395171357E7,null,1.4008830395171355E7,null,null,2.429282495343E7,null,null,null
Wed Oct 07 08:00:00 UTC 2026,0.5859,2.387379295343E7,null,1.4070793639729613E7,null,1.4070993639729615E7,null,null,2.389747345343E7,null,null,null
Wed Oct 07 09:00:00 UTC 2026,0.5859,2.388067395343E7,null,1.4132956884287875E7,null,1.4133156884287875E7,null,null,2.350212195343E7,null,null,null
Wed Oct 07 10:00:00 UTC 2026,0.5859,2.360909795343E7,null,1.4195120128846135E7,null,1.4195320128846131E7,null,null,2.310677045343E7,null,null,null
Wed Oct 07 11:00:00 UTC 2026,0.5859,2.354664795343E7,null,1.4257283373404391E7,null,1.425748337340439E7,null,null,2.271141895343E7,null,null,null
Wed Oct 07 12:00:00 UTC 2026,0.5859,1.916677595343E7,null,1.4319446617962651E7,null,1.431964661796265E7,null,null,2.231606745343E7,null,null,null
Wed Oct 07 13:00:00 UTC 2026,0.5859,1.899828995343E7,null,1.438160986252091E7,null,1.438180986252091E7,null,null,2.192071595343E7,null,null,null
Wed Oct 07 14:00:00 UTC 2026,0.5859,1.863180495343E7,null,1.4443773107079167E7,null,1.444397310707917E7,null,null,2.152536445343E7,null,null,null
Wed Oct 07 15:00:00 UTC 2026,0.5859,1.877128095343E7,null,1.4505936351637425E7,null,1.4506136351637427E7,null,null,2.113001295343E7,null,null,null
Wed Oct 07 16:00:00 UTC 2026,0.5859,1.860508895343E7,null,1.4568099596195685E7,null,1.4568299596195683E7,null,null,2.073466145343E7,null,null,null
Wed Oct 07 17:00:00 UTC 2026,0.5859,1.869562695343E7,null,1.4630262840753946E7,null,1.4630462840753943E7,null,null,2.033930995343E7,null,null,null
Wed Oct 07 18:00:00 UTC 2026,0.5859,1.873358395343E7,null,1.4692426085312206E7,null,1.4692626085312203E7,null,null,1.994395845343E7,null,null,null
Wed Oct 07 19:00:00 UTC 2026,0.5859,1.883618795343E7,null,1.4754589329870459E7,null,1.475478932987046E7,null,null,1.954860695343E7,null,null,null
Wed Oct 07 20:00:00 UTC 2026,0.5859,1.861188095343E7,null,1.4816752574428719E7,null,1.481695257442872E7,null,null,1.915325545343E7,null,null,null
Wed Oct 07 21:00:00 UTC 2026,0.5859,1.826302295343E7,null,1.4878915818986978E7,null,1.4879115818986978E7,null,null,1.875790395343E7,null,null,null
Wed Oct 07 22:00:00 UTC 2026,0.5859,1.814857795343E7,null,1.4941079063545238E7,null,1.4941279063545238E7,null,null,1.836255245343E7,null,null,null
Wed Oct 07 23:00:00 UTC 2026,0.5859,1.796660095343E7,null,1.5003242308103494E7,null,1.5003442308103494E7,null,null,1.796720095343E7,null,null,null
Thu Oct 08 00:00:00 UTC 2026,0.5859,1.848645395343E7,null,1.5065405552661756E7,null,1.5065605552661754E7,null,null,null,null,null,null
Thu Oct 08 01:00:00 UTC 2026,0.5859,1.849152895343E7,null,1.5127568797220012E7,null,1.5127768797220014E7,null,null,null,null,null,null
Thu Oct 08 02:00:00 UTC 2026,0.5859,1.887638495343E7,null,1.518973204177827E7,null,1.518993204177827E7,null,null,null,null,null,null
Thu Oct 08 03:00:00 UTC 2026,0.5859,1.872551695343E7,null,1.525189528633653E7,null,1.5252095286336526E7,null,null,null,null,null,null
Thu Oct 08 04:00:00 UTC 2026,0.5859,1.874241795343E7,null,1.531405853089479E7,null,1.5314258530894788E7,null,null,null,null,null,null
Thu Oct 08 05:00:00 UTC 2026,0.5859,1.935939895343E7,null,1.537622177545305E7,null,1.5376421775453048E7,null,null,null,null,null,null
Thu Oct 08 06:00:00 UTC 2026,0.5859,1.924056995343E7,null,1.5438385020011302E7,null,1.5438585020011306E7,null,null,null,null,null,null
Thu Oct 08 07:00:00 UTC 2026,0.5859,1.951334995343E7,null,1.5500548264569562E7,null,1.5500748264569566E7,null,null,null,null,null,null
Thu Oct 08 08:00:00 UTC 2026,0.5859,1.950156495343E7,null,1.5562711509127824E7,null,1.5562911509127825E7,null,null,null,null,null,null
Thu Oct 08 09:00:00 UTC 2026,0.5859,1.985824195343E7,null,1.5624874753686083E7,null,1.5625074753686082E7,null,null,null,null,null,null
Thu Oct 08 10:00:00 UTC 2026,0.5859,1.944124495343E7,null,1.5687037998244341E7,null,1.5687237998244338E7,null,null,null,null,null,null
Thu Oct 08 11:00:00 UTC 2026,0.5859,1.954121495343E7,null,1.5749201242802598E7,null,1.5749401242802598E7,null,null,null,null,null,null
Thu Oct 08 12:00:00 UTC 2026,0.5859,1.904450995343E7,null,1.5811364487360857E7,null,1.581156448736086E7,null,null,null,null,null,null
Thu Oct 08 13:00:00 UTC 2026,0.5859,1.873505895343E7,null,1.5873527731919117E7,null,1.587372773191912E7,null,null,null,null,null,null
Thu Oct 08 14:00:00 UTC 2026,0.5859,1.872170095343E7,null,1.5935690976477373E7,null,1.5935890976477377E7,null,null,null,null,null,null
Thu Oct 08 15:00:00 UTC 2026,0.5859,1.940810595343E7,null,1.5997854221035633E7,null,1.5998054221035633E7,null,null,null,null,null,null
Thu Oct 08 16:00:00 UTC 2026,0.5859,1.979460295343E7,null,1.6060017465593893E7,null,1.6060217465593893E7,null,null,null,null,null,null
Thu Oct 08 17:00:00 UTC 2026,0.5859,2.014116495343E7,null,1.6122180710152151E7,null,1.6122380710152153E7,null,null,null,null,null,null
Thu Oct 08 18:00:00 UTC 2026,0.5859,2.030010995343E7,null,1.6184343954710407E7,null,1.6184543954710409E7,null,null,null,null,null,null
Thu Oct 08 19:00:00 UTC 2026,0.5859,2.077464195343E7,null,1.6246507199268669E7,null,1.6246707199268669E7,null,null,null,null,null,null
Thu Oct 08 20:00:00 UTC 2026,0.5859,2.081527195343E7,null,1.6308670443826929E7,null,1.6308870443826925E7,null,null,null,null,null,null
Thu Oct 08 21:00:00 UTC 2026,0.5859,2.110952695343E7,null,1.6370833688385189E7,null,1.6371033688385185E7,null,null,2.111012695343E7,null,null,null
Thu Oct 08 22:00:00 UTC 2026,0.5859,2.100587595343E7,null,1.6432996932943441E7,null,1.6433196932943443E7,null,null,2.076440695343E7,null,null,null
Thu Oct 08 23:00:00 UTC 2026,0.5859,2.024715795343E7,null,1.64951601775017E7,null,1.6495360177501703E7,null,null,2.041868695343E7,null,null,null
Fri Oct 09 00:00:00 UTC 2026,0.5859,2.103027795343E7,null,1.655732342205996E7,null,1.6557523422059964E7,null,null,2.007296695343E7,null,null,null
Fri Oct 09 01:00:00 UTC 2026,0.5859,2.057008395343E7,null,1.6619486666618222E7,null,1.661968666661822E7,null,null,1.972724695343E7,null,null,null
Fri Oct 09 02:00:00 UTC 2026,0.5859,1.732725495343E7,null,1.6681649911176478E7,null,1.6681849911176477E7,null,null,1.9381526953430004E7,null,null,null
Fri Oct 09 03:00:00 UTC 2026,0.5859,1.752775395343E7,null,1.6743813155734736E7,null,1.6744013155734736E7,null,null,1.903580695343E7,null,null,null
Fri Oct 09 04:00:00 UTC 2026,0.5859,1.741027295343E7,null,1.6805976400292996E7,null,1.6806176400292996E7,null,null,1.869008695343E7,null,null,null
Fri Oct 09 05:00:00 UTC 2026,0.5859,1.733514995343E7,null,1.6868139644851256E7,null,1.6868339644851256E7,null,null,1.834436695343E7,null,null,null
Fri Oct 09 06:00:00 UTC 2026,0.5859,1.705428895343E7,null,1.6930302889409512E7,null,1.6930502889409512E7,null,null,1.7998646953430004E7,null,null,null
Fri Oct 09 07:00:00 UTC 2026,0.5859,1.748012995343E7,null,1.6992466133967772E7,null,1.6992666133967772E7,null,null,1.765292695343E7,null,null,null
Fri Oct 09 08:00:00 UTC 2026,0.5859,1.694168095343E7,null,1.7054629378526032E7,null,1.7054829378526032E7,null,null,1.730720695343E7,null,null,null
Fri Oct 09 09:00:00 UTC 2026,0.5859,1.662774595343E7,null,1.7116792623084284E7,null,1.7116992623084288E7,null,null,1.696148695343E7,null,null,null
Fri Oct 09 10:00:00 UTC 2026,0.5859,1.636957895343E7,null,1.7178955867642544E7,null,1.7179155867642548E7,null,null,1.661576695343E7,null,null,null
Fri Oct 09 11:00:00 UTC 2026,0.5859,1.626944695343E7,null,1.7241119112200808E7,null,1.7241319112200808E7,null,null,1.627004695343E7,null,null,null
Fri Oct 09 12:00:00 UTC 2026,0.5859,1.637196895343E7,null,1.7303282356759068E7,null,1.7303482356759064E7,null,null,null,null,null,null
Fri Oct 09 13:00:00 UTC 2026,0.5859,1.678378995343E7,null,1.7365445601317324E7,null,1.736564560131732E7,null,null,null,null,null,null
Fri Oct 09 14:00:00 UTC 2026,0.5859,1.662717695343E7,null,1.742760884587558E7,null,1.742780884587558E7,null,null,null,null,null,null
Fri Oct 09 15:00:00 UTC 2026,0.5859,1.637208395343E7,null,1.748977209043384E7,null,1.7489972090433843E7,null,null,null,null,null,null
Fri Oct 09 16:00:00 UTC 2026,0.5859,1.629346395343E7,null,1.75519353349921E7,null,1.7552135334992103E7,null,null,null,null,null,null
Fri Oct 09 17:00:00 UTC 2026,0.5859,1.629570395343E7,null,1.7614098579550356E7,null,1.761429857955036E7,null,null,null,null,null,null
Fri Oct 09 18:00:00 UTC 2026,0.5859,1.742722495343E7,null,1.7676261824108616E7,null,1.767646182410862E7,null,null,null,null,null,null
Fri Oct 09 19:00:00 UTC 2026,0.5859,1.754081995343E7,null,1.773842506866688E7,null,1.7738625068666875E7,null,null,null,null,null,null
Fri Oct 09 20:00:00 UTC 2026,0.5859,1.761469895343E7,null,1.7800588313225135E7,null,1.7800788313225135E7,null,null,null,null,null,null
Fri Oct 09 21:00:00 UTC 2026,0.5859,1.761469895343E7,null,1.786275155778339E7,null,1.786295155778339E7,null,null,null,null,null,null
Fri Oct 09 22:00:00 UTC 2026,0.5859,1.761469895343E7,null,1.792491480234165E7,null,1.792511480234165E7,null,null,null,null,null,null
Fri Oct 09 23:00:00 UTC 2026,0.5859,1.761469895343E7,null,1.798707804689991E7,null,1.798727804689991E7,null,null,null,null,null,null
Sat Oct 10 00:00:00 UTC 2026,0.5859,1.761469895343E7,null,1.804924129145817E7,null,1.8049441291458167E7,null,null,null,null,null,null
Sat Oct 10 01:00:00 UTC 2026,0.5859,1.761469895343E7,null,1.8111404536016427E7,null,1.8111604536016427E7,null,null,null,null,null,null
Sat Oct 10 02:00:00 UTC 2026,0.5859,1.761469895343E7,null,1.8173567780574683E7,null,1.8173767780574687E7,null,null,null,null,null,null
Sat Oct 10 03:00:00 UTC 2026,0.5859,1.761469895343E7,null,1.8235731025132947E7,null,1.8235931025132947E7,null,null,null,null,null,null
Sat Oct 10 04:00:00 UTC 2026,0.5859,1.761469895343E7,null,1.8297894269691207E7,null,1.8298094269691207E7,null,null,null,null,null,null
Sat Oct 10 05:00:00 UTC 2026,0.5859,1.761469895343E7,null,1.8360057514249463E7,null,1.8360257514249463E7,null,null,null,null,null,null
Sat Oct 10 06:00:00 UTC 2026,0.5859,1.761469895343E7,null,1.842222075880772E7,null,1.842242075880772E7,null,null,null,null,null,null
Sat Oct 10 07:00:00 UTC 2026,0.5859,1.761469895343E7,null,1.848438400336598E7,null,1.848458400336598E7,null,null,null,null,null,null
Sat Oct 10 08:00:00 UTC 2026,0.5859,1.761469895343E7,null,1.854654724792424E7,null,1.854674724792424E7,null,null,null,null,null,null
Sat Oct 10 09:00:00 UTC 2026,0.5859,1.761469895343E7,null,1.8608710492482495E7,null,1.8608910492482495E7,null,null,null,null,null,null
Sat Oct 10 10:00:00 UTC 2026,0.5859,1.761469895343E7,null,1.8670873737040758E7,null,1.8671073737040758E7,null,null,null,null,null,null
Sat Oct 10 11:00:00 UTC 2026,0.5859,1.761469895343E7,null,1.8733036981599018E7,null,1.8733236981599014E7,null,null,null,null,null,null
Sat Oct 10 12:00:00 UTC 2026,0.5859,1.761469895343E7,null,1.8795200226157274E7,null,1.8795400226157274E7,null,null,null,null,null,null
Sat Oct 10 13:00:00 UTC 2026,0.5859,1.761469895343E7,null,1.885736347071553E7,null,1.885756347071553E7,null,null,null,null,null,null
Sat Oct 10 14:00:00 UTC 2026,0.5859,1.761469895343E7,null,1.891952671527379E7,null,1.891972671527379E7,null,null,null,null,null,null
Sat Oct 10 15:00:00 UTC 2026,0.5859,1.761469895343E7,null,1.898168995983205E7,null,1.898188995983205E7,null,null,null,null,null,null
Sat Oct 10 16:00:00 UTC 2026,0.5859,1.761469895343E7,null,1.904385320439031E7,null,1.9044053204390306E7,null,null,null,null,null,null
Sat Oct 10 17:00:00 UTC 2026,0.5859,1.761469895343E7,null,1.9106016448948562E7,null,1.9106216448948562E7,null,null,null,null,null,null
Sat Oct 10 18:00:00 UTC 2026,0.5859,1.761469895343E7,null,1.9168179693506822E7,null,1.9168379693506822E7,null,null,null,null,null,null
Sat Oct 10 19:00:00 UTC 2026,0.5859,1.761469895343E7,null,1.9230342938065086E7,null,1.9230542938065086E7,null,null,null,null,null,null
Sat Oct 10 20:00:00 UTC 2026,0.5859,1.761469895343E7,null,1.929250618262334E7,null,1.929270618262334E7,null,null,null,null,null,null
Sat Oct 10 21:00:00 UTC 2026,0.5859,1.761469895343E7,null,1.93546694271816E7,null,1.93548694271816E7,null,null,null,null,null,null
Sat Oct 10 22:00:00 UTC 2026,0.5859,1.761469895343E7,null,1.941683267173986E7,null,1.9417032671739858E7,null,null,null,null,null,null
Sat Oct 10 23:00:00 UTC 2026,0.5859,1.761469895343E7,null,1.9478995916298117E7,null,1.9479195916298117E7,null,null,null,null,null,null
Sun Oct 11 00:00:00 UTC 2026,0.5859,1.761469895343E7,null,1.9541159160856374E7,null,1.9541359160856374E7,null,null,null,null,null,null
Sun Oct 11 01:00:00 UTC 2026,0.5859,1.761469895343E7,null,1.9603322405414633E7,null,1.9603522405414633E7,null,null,null,null,null,null
Sun Oct 11 02:00:00 UTC 2026,0.5859,1.761469895343E7,null,1.9665485649972893E7,null,1.9665685649972893E7,null,null,null,null,null,null
Sun Oct 11 03:00:00 UTC 2026,0.5859,1.761469895343E7,null,1.9727648894531157E7,null,1.9727848894531157E7,null,null,null,null,null,null
Sun Oct 11 04:00:00 UTC 2026,0.5859,1.761469895343E7,null,1.978981213908941E7,null,1.9790012139089413E7,null,null,null,null,null,null
Sun Oct 11 05:00:00 UTC 2026,0.5859,1.761469895343E7,null,1.985197538364767E7,null,1.985217538364767E7,null,null,null,null,null,null
Sun Oct 11 06:00:00 UTC 2026,0.5859,1.761469895343E7,null,1.991413862820593E7,null,1.991433862820593E7,null,null,null,null,null,null
Sun Oct 11 07:00:00 UTC 2026,0.5859,1.761469895343E7,null,1.997630187276419E7,null,1.997650187276419E7,null,null,null,null,null,null
Sun Oct 11 08:00:00 UTC 2026,0.5859,1.761469895343E7,null,2.0038465117322445E7,null,2.0038665117322445E7,null,null,null,null,null,null
Sun Oct 11 09:00:00 UTC 2026,0.5859,1.761469895343E7,null,2.01006283618807E7,null,2.0100828361880705E7,null,null,null,null,null,null
Sun Oct 11 10:00:00 UTC 2026,0.5859,1.761469895343E7,null,2.0162791606438965E7,null,2.016299160643896E7,null,null,null,null,null,null
Sun Oct 11 11:00:00 UTC 2026,0.5859,1.761469895343E7,null,2.0224954850997224E7,null,2.0225154850997224E7,null,null,null,null,null,null
Sun Oct 11 12:00:00 UTC 2026,0.5859,1.761469895343E7,null,2.028711809555548E7,null,2.0287318095555477E7,null,null,null,null,null,null
Sun Oct 11 13:00:00 UTC 2026,0.5859,1.761469895343E7,null,2.034928134011374E7,null,2.034948134011374E7,null,null,null,null,null,null
Sun Oct 11 14:00:00 UTC 2026,0.5859,1.761469895343E7,null,2.0411444584672E7,null,2.0411644584672E7,null,null,null,null,null,null
Sun Oct 11 15:00:00 UTC 2026,0.5859,1.761469895343E7,null,2.0473607829230256E7,null,2.0473807829230256E7,null,null,null,null,null,null
Sun Oct 11 16:00:00 UTC 2026,0.5859,1.761469895343E7,null,2.0535771073788512E7,null,2.0535971073788512E7,null,null,null,null,null,null
Sun Oct 11 17:00:00 UTC 2026,0.5859,1.761469895343E7,null,2.0597934318346772E7,null,2.0598134318346772E7,null,null,null,null,null,null
Sun Oct 11 18:00:00 UTC 2026,0.5859,1.761469895343E7,null,2.0660097562905032E7,null,2.0660297562905032E7,null,null,null,null,null,null
Sun Oct 11 19:00:00 UTC 2026,0.5859,1.761469895343E7,null,2.0722260807463296E7,null,2.0722460807463292E7,null,null,null,null,null,null
Sun Oct 11 20:00:00 UTC 2026,0.5859,1.761469895343E7,null,2.078442405202155E7,null,2.078462405202155E7,null,null,null,null,null,null
Sun Oct 11 21:00:00 UTC 2026,0.5859,1.745315895343E7,null,2.0846587296579808E7,null,2.0846787296579808E7,null,null,null,null,null,null
Sun Oct 11 22:00:00 UTC 2026,0.5859,1.760864695343E7,null,2.0908750541138068E7,null,2.0908950541138068E7,null,null,null,null,null,null
Sun Oct 11 23:00:00 UTC 2026,0.5859,1.872935495343E7,null,2.0970913785696328E7,null,2.0971113785696328E7,null,null,null,null,null,null
Mon Oct 12 00:00:00 UTC 2026,0.5859,1.878271395343E7,null,2.1033077030254584E7,null,2.1033277030254584E7,null,null,null,null,null,null
Mon Oct 12 01:00:00 UTC 2026,0.5859,1.849933995343E7,null,2.109524027481284E7,null,2.1095440274812844E7,null,null,null,null,null,null
Mon Oct 12 02:00:00 UTC 2026,0.5859,1.868014495343E7,null,2.11574035193711E7,null,2.11576035193711E7,null,null,null,null,null,null
Mon Oct 12 03:00:00 UTC 2026,0.5859,1.858199595343E7,null,2.121956676392936E7,null,2.121976676392936E7,null,null,null,null,null,null
Mon Oct 12 04:00:00 UTC 2026,0.5859,1.844987495343E7,null,2.128173000848762E7,null,2.1281930008487616E7,null,null,null,null,null,null
Mon Oct 12 05:00:00 UTC 2026,0.5859,1.828973195343E7,null,2.134389325304588E7,null,2.134409325304588E7,null,null,null,null,null,null
Mon Oct 12 06:00:00 UTC 2026,0.5859,1.864829695343E7,null,2.140605649760414E7,null,2.140625649760414E7,null,null,null,null,null,null
Mon Oct 12 07:00:00 UTC 2026,0.5859,1.898128495343E7,null,2.146821974216239E7,null,2.1468419742162395E7,null,null,null,null,null,null
Mon Oct 12 08:00:00 UTC 2026,0.5859,1.912945095343E7,null,2.153038298672065E7,null,2.153058298672065E7,null,null,null,null,null,null
Mon Oct 12 09:00:00 UTC 2026,0.5859,1.905416995343E7,null,2.159254623127891E7,null,2.159274623127891E7,null,null,null,null,null,null
Mon Oct 12 10:00:00 UTC 2026,0.5859,1.978460895343E7,null,2.165470947583717E7,null,2.165490947583717E7,null,null,null,null,null,null
Mon Oct 12 11:00:00 UTC 2026,0.5859,2.041967795343E7,null,2.171687272039543E7,null,2.1717072720395427E7,null,null,2.042027795343E7,null,null,null
Mon Oct 12 12:00:00 UTC 2026,0.5859,1.951202295343E7,null,2.1779035964953687E7,null,2.1779235964953687E7,null,null,2.0055703786763333E7,null,null,null
Mon Oct 12 13:00:00 UTC 2026,0.5859,1.914145495343E7,null,2.1841199209511947E7,null,2.1841399209511947E7,null,null,1.969112962009667E7,null,null,null
Mon Oct 12 14:00:00 UTC 2026,0.5859,1.950687995343E7,null,2.1903362454070207E7,null,2.1903562454070203E7,null,null,1.932655545343E7,null,null,null
Mon Oct 12 15:00:00 UTC 2026,0.5859,1.868912095343E7,null,2.1965525698628463E7,null,2.1965725698628463E7,null,null,1.8961981286763333E7,null,null,null
Mon Oct 12 16:00:00 UTC 2026,0.5859,1.837251795343E7,null,2.2027688943186723E7,null,2.2027888943186723E7,null,null,1.859740712009667E7,null,null,null
Mon Oct 12 17:00:00 UTC 2026,0.5859,1.823223295343E7,null,2.2089852187744983E7,null,2.2090052187744983E7,null,null,1.823283295343E7,null,null,null
Mon Oct 12 18:00:00 UTC 2026,0.5859,1.864742695343E7,null,2.215201543230324E7,null,2.2152215432303242E7,null,null,null,null,null,null
Mon Oct 12 19:00:00 UTC 2026,0.5859,1.890698695343E7,null,2.2214178676861495E7,null,2.22143786768615E7,null,null,null,null,null,null
Mon Oct 12 20:00:00 UTC 2026,0.5859,1.885596595343E7,null,2.2276341921419755E7,null,2.2276541921419755E7,null,null,null,null,null,null
Mon Oct 12 21:00:00 UTC 2026,0.5859,1.863835795343E7,null,2.233850516597802E7,null,2.2338705165978014E7,null,null,null,null,null,null
Mon Oct 12 22:00:00 UTC 2026,0.5859,1.839900195343E7,null,2.2400668410536278E7,null,2.2400868410536274E7,null,null,null,null,null,null
Mon Oct 12 23:00:00 UTC 2026,0.5859,1.960045295343E7,null,2.246283165509453E7,null,2.2463031655094534E7,null,null,null,null,null,null
Tue Oct 13 00:00:00 UTC 2026,0.5859,1.952089895343E7,null,2.252499489965279E7,null,2.2525194899652794E7,null,null,null,null,null,null
Tue Oct 13 01:00:00 UTC 2026,0.5859,1.956713295343E7,null,2.258715814421105E7,null,2.258735814421105E7,null,null,null,null,null,null
Tue Oct 13 02:00:00 UTC 2026,0.5859,1.972699295343E7,null,2.264932138876931E7,null,2.264952138876931E7,null,null,null,null,null,null
Tue Oct 13 03:00:00 UTC 2026,0.5859,1.994320195343E7,null,2.2711484633327566E7,null,2.2711684633327566E7,null,null,null,null,null,null
Tue Oct 13 04:00:00 UTC 2026,0.5859,2.034017495343E7,null,2.2773647877885826E7,null,2.2773847877885826E7,null,null,null,null,null,null
Tue Oct 13 05:00:00 UTC 2026,0.5859,2.038526295343E7,null,2.2835811122444086E7,null,2.2836011122444086E7,null,null,null,null,null,null
Tue Oct 13 06:00:00 UTC 2026,0.5859,1.998072895343E7,null,2.2897974367002346E7,null,2.2898174367002342E7,null,null,null,null,null,null
Tue Oct 13 07:00:00 UTC 2026,0.5859,2.002566895343E7,null,2.29601376115606E7,null,2.2960337611560598E7,null,null,null,null,null,null
Tue Oct 13 08:00:00 UTC 2026,0.5859,2.314650195343E7,null,2.302230085611886E7,null,2.302250085611886E7,null,null,null,null,null,null
Tue Oct 13 09:00:00 UTC 2026,0.5859,2.307287495343E7,null,2.308446410067712E7,null,2.308466410067712E7,null,null,null,null,null,null
Tue Oct 13 10:00:00 UTC 2026,0.5859,2.291656195343E7,null,2.3146627345235378E7,null,2.314682734523538E7,null,null,null,null,null,null
Tue Oct 13 11:00:00 UTC 2026,0.5859,2.305792295343E7,null,2.3208790589793634E7,null,2.3208990589793637E7,null,null,null,null,null,null
Tue Oct 13 12:00:00 UTC 2026,0.5859,2.290761895343E7,null,2.3270953834351897E7,null,2.3271153834351894E7,null,null,null,null,null,null
Tue Oct 13 13:00:00 UTC 2026,0.5859,2.411260195343E7,null,2.3333117078910157E7,null,2.3333317078910153E7,null,null,null,null,null,null
Tue Oct 13 14:00:00 UTC 2026,0.5859,2.419910695343E7,null,2.3395280323468417E7,null,2.3395480323468413E7,null,null,2.419970695343E7,null,null,null
Tue Oct 13 15:00:00 UTC 2026,0.5859,2.301524095343E7,null,2.345744356802667E7,null,2.345764356802667E7,null,null,2.397351562009667E7,null,null,null
Tue Oct 13 16:00:00 UTC 2026,0.5859,2.294067495343E7,null,2.351960681258493E7,null,2.351980681258493E7,null,null,2.3747324286763333E7,null,null,null
Tue Oct 13 17:00:00 UTC 2026,0.5859,2.299286995343E7,null,2.358177005714319E7,null,2.3581970057143193E7,null,null,2.352113295343E7,null,null,null
Tue Oct 13 18:00:00 UTC 2026,0.5859,2.294295895343E7,null,2.3643933301701445E7,null,2.3644133301701445E7,null,null,2.329494162009667E7,null,null,null
Tue Oct 13 19:00:00 UTC 2026,0.5859,2.254952095343E7,null,2.3706096546259705E7,null,2.3706296546259705E7,null,null,2.3068750286763333E7,null,null,null
Tue Oct 13 20:00:00 UTC 2026,0.5859,2.236938395343E7,null,2.376825979081797E7,null,2.3768459790817965E7,null,null,2.284255895343E7,null,null,null
Tue Oct 13 21:00:00 UTC 2026,0.5859,2.232447895343E7,null,2.3830423035376225E7,null,2.3830623035376225E7,null,null,2.261636762009667E7,null,null,null
Tue Oct 13 22:00:00 UTC 2026,0.5859,2.231938895343E7,null,2.389258627993448E7,null,2.389278627993448E7,null,null,2.2390176286763333E7,null,null,null
Tue Oct 13 23:00:00 UTC 2026,0.5859,2.216338495343E7,null,2.395474952449274E7,null,2.395494952449274E7,null,null,2.216398495343E7,null,null,null
Wed Oct 14 00:00:00 UTC 2026,0.5859,2.247937495343E7,null,2.4016912769051E7,null,2.4017112769050997E7,null,null,null,null,null,null
Wed Oct 14 01:00:00 UTC 2026,0.5859,2.249669595343E7,null,2.407907601360926E7,null,2.407927601360926E7,null,null,null,null,null,null
Wed Oct 14 02:00:00 UTC 2026,0.5859,2.258466895343E7,null,2.4141239258167513E7,null,2.4141439258167516E7,null,null,null,null,null,null
Wed Oct 14 03:00:00 UTC 2026,0.5859,2.258287495343E7,null,2.4203402502725773E7,null,2.4203602502725776E7,null,null,null,null,null,null
Wed Oct 14 04:00:00 UTC 2026,0.5859,2.254910095343E7,null,2.4265565747284032E7,null,2.4265765747284036E7,null,null,null,null,null,null
Wed Oct 14 05:00:00 UTC 2026,0.5859,2.259082495343E7,null,2.4327728991842296E7,null,2.4327928991842292E7,null,null,null,null,null,null
Wed Oct 14 06:00:00 UTC 2026,0.5859,2.240562595343E7,null,2.4389892236400552E7,null,2.439009223640055E7,null,null,null,null,null,null
Wed Oct 14 07:00:00 UTC 2026,0.5859,2.260765395343E7,null,2.445205548095881E7,null,2.445225548095881E7,null,null,null,null,null,null
Wed Oct 14 08:00:00 UTC 2026,0.5859,2.267175495343E7,null,2.4514218725517068E7,null,2.4514418725517068E7,null,null,null,null,null,null
Wed Oct 14 09:00:00 UTC 2026,0.5859,2.380490895343E7,null,2.4576381970075328E7,null,2.4576581970075328E7,null,null,null,null,null,null
Wed Oct 14 10:00:00 UTC 2026,0.5859,2.434791295343E7,null,2.4638545214633584E7,null,2.4638745214633588E7,null,null,null,null,null,null
Wed Oct 14 11:00:00 UTC 2026,0.5859,2.430682195343E7,null,2.4700708459191844E7,null,2.4700908459191844E7,null,null,null,null,null,null
Wed Oct 14 12:00:00 UTC 2026,0.5859,2.407425595343E7,null,2.4762871703750104E7,null,2.4763071703750104E7,null,null,null,null,null,null
Wed Oct 14 13:00:00 UTC 2026,0.5859,2.387757195343E7,null,2.4825034948308364E7,null,2.4825234948308364E7,null,null,null,null,null,null
Wed Oct 14 14:00:00 UTC 2026,0.5859,2.391081695343E7,null,2.488719819286662E7,null,2.488739819286662E7,null,null,null,null,null,null
Wed Oct 14 15:00:00 UTC 2026,0.5859,2.405698595343E7,null,2.494936143742488E7,null,2.494956143742488E7,null,null,null,null,null,null
Wed Oct 14 16:00:00 UTC 2026,0.5859,2.420578395343E7,null,2.501152468198314E7,null,2.5011724681983136E7,null,null,null,null,null,null
Wed Oct 14 17:00:00 UTC 2026,0.5859,2.418927795343E7,null,2.50736879265414E7,null,2.5073887926541395E7,null,null,null,null,null,null
Wed Oct 14 18:00:00 UTC 2026,0.5859,2.417663495343E7,null,2.513585117109965E7,null,2.513605117109965E7,null,null,null,null,null,null
Wed Oct 14 19:00:00 UTC 2026,0.5859,2.491605195343E7,null,2.519801441565791E7,null,2.5198214415657915E7,null,null,null,null,null,null
Wed Oct 14 20:00:00 UTC 2026,0.5859,2.469972295343E7,null,2.526017766021617E7,null,2.5260377660216175E7,null,null,null,null,null,null
Wed Oct 14 21:00:00 UTC 2026,0.5859,2.483637295343E7,null,2.5322340904774435E7,null,2.5322540904774435E7,null,null,null,null,null,null
Wed Oct 14 22:00:00 UTC 2026,0.5859,2.457639995343E7,null,2.538450414933269E7,null,2.5384704149332687E7,null,null,null,null,null,null
Wed Oct 14 23:00:00 UTC 2026,0.5859,2.512314295343E7,null,2.5446667393890947E7,null,2.5446867393890947E7,null,null,null,null,null,null
Thu Oct 15 00:00:00 UTC 2026,0.5859,2.548517595343E7,null,2.5508830638449207E7,null,2.5509030638449207E7,null,null,null,null,null,null
Thu Oct 15 01:00:00 UTC 2026,0.5859,2.543326795343E7,null,2.5570993883007463E7,null,2.5571193883007463E7,null,null,null,null,null,null
Thu Oct 15 02:00:00 UTC 2026,0.5859,2.521932495343E7,null,2.5633157127565723E7,null,2.5633357127565723E7,null,null,null,null,null,null
Thu Oct 15 03:00:00 UTC 2026,0.5859,2.529348495343E7,null,2.5695320372123983E7,null,2.5695520372123983E7,null,null,null,null,null,null
Thu Oct 15 04:00:00 UTC 2026,0.5859,2.532020195343E7,null,2.5757483616682243E7,null,2.5757683616682243E7,null,null,null,null,null,null
Thu Oct 15 05:00:00 UTC 2026,0.5859,2.506123695343E7,null,2.5819646861240495E7,null,2.58198468612405E7,null,null,null,null,null,null
Thu Oct 15 06:00:00 UTC 2026,0.5859,2.534927095343E7,null,2.588181010579876E7,null,2.588201010579876E7,null,null,null,null,null,null
Thu Oct 15 07:00:00 UTC 2026,0.5859,2.504843195343E7,null,2.594397335035702E7,null,2.594417335035702E7,null,null,null,null,null,null
Thu Oct 15 08:00:00 UTC 2026,0.5859,2.499372395343E7,null,2.600613659491528E7,null,2.600633659491528E7,null,null,null,null,null,null
Thu Oct 15 09:00:00 UTC 2026,0.5859,2.500118295343E7,null,2.6068299839473534E7,null,2.6068499839473534E7,null,null,null,null,null,null
Thu Oct 15 10:00:00 UTC 2026,0.5859,2.488225695343E7,null,2.613046308403179E7,null,2.613066308403179E7,null,null,null,null,null,null
Thu Oct 15 11:00:00 UTC 2026,0.5859,2.487503295343E7,null,2.619262632859005E7,null,2.619282632859005E7,null,null,null,null,null,null
Thu Oct 15 12:00:00 UTC 2026,0.5859,2.497825895343E7,null,2.625478957314831E7,null,2.625498957314831E7,null,null,null,null,null,null
Thu Oct 15 13:00:00 UTC 2026,0.5859,2.502307395343E7,null,2.6316952817706566E7,null,2.631715281770657E7,null,null,null,null,null,null
Thu Oct 15 14:00:00 UTC 2026,0.5859,2.481877395343E7,null,2.637911606226483E7,null,2.637931606226483E7,null,null,null,null,null,null
Thu Oct 15 15:00:00 UTC 2026,0.5859,2.471226395343E7,null,2.644127930682309E7,null,2.6441479306823086E7,null,null,null,null,null,null
Thu Oct 15 16:00:00 UTC 2026,0.5859,2.484472495343E7,null,2.6503442551381346E7,null,2.6503642551381346E7,null,null,null,null,null,null
Thu Oct 15 17:00:00 UTC 2026,0.5859,2.480272895343E7,null,2.6565605795939602E7,null,2.6565805795939602E7,null,null,null,null,null,null
Thu Oct 15 18:00:00 UTC 2026,0.5859,2.483234195343E7,null,2.662776904049786E7,null,2.662796904049786E7,null,null,null,null,null,null
Thu Oct 15 19:00:00 UTC 2026,0.5859,2.472398595343E7,null,2.668993228505612E7,null,2.669013228505612E7,null,null,null,null,null,null
Thu Oct 15 20:00:00 UTC 2026,0.5859,2.460008195343E7,null,2.675209552961438E7,null,2.6752295529614378E7,null,null,null,null,null,null
Thu Oct 15 21:00:00 UTC 2026,0.5859,2.445097595343E7,null,2.6814258774172634E7,null,2.6814458774172638E7,null,null,null,null,null,null
Thu Oct 15 22:00:00 UTC 2026,0.5859,2.451992895343E7,null,2.6876422018730897E7,null,2.6876622018730897E7,null,null,null,null,null,null
Thu Oct 15 23:00:00 UTC 2026,0.5859,2.432362095343E7,null,2.6938585263289157E7,null,2.6938785263289157E7,null,null,null,null,null,null
Fri Oct 16 00:00:00 UTC 2026,0.5859,2.473640295343E7,null,2.7000748507847417E7,null,2.7000948507847417E7,null,null,null,null,null,null
Fri Oct 16 01:00:00 UTC 2026,0.5859,2.693550595343E7,null,2.7062911752405673E7,null,2.7063111752405673E7,null,null,null,null,null,null
Fri Oct 16 02:00:00 UTC 2026,0.5859,2.704965195343E7,null,2.712507499696393E7,null,2.712527499696393E7,null,null,null,null,null,null
Fri Oct 16 03:00:00 UTC 2026,0.5859,2.704542195343E7,null,2.718723824152219E7,null,2.718743824152219E7,null,null,null,null,null,null
Fri Oct 16 04:00:00 UTC 2026,0.5859,2.700667195343E7,null,2.724940148608045E7,null,2.724960148608045E7,null,null,null,null,null,null
Fri Oct 16 05:00:00 UTC 2026,0.5859,2.711609595343E7,null,2.7311564730638705E7,null,2.7311764730638705E7,null,null,null,null,null,null
Fri Oct 16 06:00:00 UTC 2026,0.5859,2.710562195343E7,null,2.737372797519697E7,null,2.737392797519697E7,null,null,null,null,null,null
Fri Oct 16 07:00:00 UTC 2026,0.5859,2.708375595343E7,null,2.743589121975523E7,null,2.7436091219755225E7,null,null,null,null,null,null
Fri Oct 16 08:00:00 UTC 2026,0.5859,2.752273895343E7,null,2.7498054464313485E7,null,2.7498254464313485E7,null,null,null,null,null,null
Fri Oct 16 09:00:00 UTC 2026,0.5859,2.728752295343E7,null,2.756021770887174E7,null,2.756041770887174E7,null,null,null,null,null,null
Fri Oct 16 10:00:00 UTC 2026,0.5859,2.762228095343E7,null,2.762238095343E7,null,2.762258095343E7,null,null,2.762288095343E7,null,null,null
Fri Oct 16 11:00:00 UTC 2026,0.5859,2.729287095343E7,null,null,null,null,null,null,2.759875889308517E7,null,null,null
Fri Oct 16 12:00:00 UTC 2026,0.5859,2.707955495343E7,null,null,null,null,null,null,2.7574636832740348E7,null,null,null
Fri Oct 16 13:00:00 UTC 2026,0.5859,2.693231995343E7,null,null,null,null,null,null,2.7550514772395514E7,null,null,null
Fri Oct 16 14:00:00 UTC 2026,0.5859,2.633444195343E7,null,null,null,null,null,null,2.752639271205069E7,null,null,null
Fri Oct 16 15:00:00 UTC 2026,0.5859,2.631679295343E7,null,null,null,null,null,null,2.750227065170586E7,null,null,null
Fri Oct 16 16:00:00 UTC 2026,0.5859,2.633556395343E7,null,null,null,null,null,null,2.747814859136104E7,null,null,null
Fri Oct 16 17:00:00 UTC 2026,0.5859,2.648471895343E7,null,null,null,null,null,null,2.745402653101621E7,null,null,null
Fri Oct 16 18:00:00 UTC 2026,0.5859,2.658539395343E7,null,null,null,null,null,null,2.7429904470671378E7,null,null,null
Fri Oct 16 19:00:00 UTC 2026,0.5859,2.660397795343E7,null,null,null,null,null,null,2.740578241032655E7,null,null,null
Fri Oct 16 20:00:00 UTC 2026,0.5859,2.652817595343E7,null,null,null,null,null,null,2.738166034998172E7,null,null,null
Fri Oct 16 21:00:00 UTC 2026,0.5859,2.652817595343E7,null,null,null,null,null,null,2.73575382896369E7,null,null,null
Fri Oct 16 22:00:00 UTC 2026,0.5859,2.652817595343E7,null,null,null,null,null,null,2.733341622929207E7,null,null,null
Fri Oct 16 23:00:00 UTC 2026,0.5859,2.652817595343E7,null,null,null,null,null,null,2.7309294168947242E7,null,null,null
Sat Oct 17 00:00:00 UTC 2026,0.5859,2.652817595343E7,null,null,null,null,null,null,2.7285172108602416E7,null,null,null
Sat Oct 17 01:00:00 UTC 2026,0.5859,2.652817595343E7,null,null,null,null,null,null,2.7261050048257586E7,null,null,null
Sat Oct 17 02:00:00 UTC 2026,0.5859,2.652817595343E7,null,null,null,null,null,null,2.723692798791276E7,null,null,null
Sat Oct 17 03:00:00 UTC 2026,0.5859,2.652817595343E7,null,null,null,null,null,null,2.7212805927567933E7,null,null,null
Sat Oct 17 04:00:00 UTC 2026,0.5859,2.652817595343E7,null,null,null,null,null,null,2.7188683867223106E7,null,null,null
Sat Oct 17 05:00:00 UTC 2026,0.5859,2.652817595343E7,null,null,null,null,null,null,2.7164561806878276E7,null,null,null
Sat Oct 17 06:00:00 UTC 2026,0.5859,2.652817595343E7,null,null,null,null,null,null,2.714043974653345E7,null,null,null
Sat Oct 17 07:00:00 UTC 2026,0.5859,2.652817595343E7,null,null,null,null,null,null,2.711631768618862E7,null,null,null
Sat Oct 17 08:00:00 UTC 2026,0.5859,2.652817595343E7,null,null,null,null,null,null,2.7092195625843793E7,null,null,null
Sat Oct 17 09:00:00 UTC 2026,0.5859,2.652817595343E7,null,null,null,null,null,null,2.7068073565498967E7,null,null,null
Sat Oct 17 10:00:00 UTC 2026,0.5859,2.652817595343E7,null,null,null,null,null,null,2.704395150515414E7,null,null,null
Sat Oct 17 11:00:00 UTC 2026,0.5859,2.652817595343E7,null,null,null,null,null,null,2.701982944480931E7,null,null,null
Sat Oct 17 12:00:00 UTC 2026,0.5859,2.652817595343E7,null,null,null,null,null,null,2.6995707384464484E7,null,null,null
Sat Oct 17 13:00:00 UTC 2026,0.5859,2.652817595343E7,null,null,null,null,null,null,2.6971585324119654E7,null,null,null
Sat Oct 17 14:00:00 UTC 2026,0.5859,2.652817595343E7,null,null,null,null,null,null,2.6947463263774827E7,null,null,null
Sat Oct 17 15:00:00 UTC 2026,0.5859,2.652817595343E7,null,null,null,null,null,null,2.692334120343E7,null,null,null
Sat Oct 17 16:00:00 UTC 2026,0.5859,2.652817595343E7,null,null,null,null,null,null,2.6899219143085174E7,null,null,null
Sat Oct 17 17:00:00 UTC 2026,0.5859,2.652817595343E7,null,null,null,null,null,null,2.6875097082740348E7,null,null,null
Sat Oct 17 18:00:00 UTC 2026,0.5859,2.652817595343E7,null,null,null,null,null,null,2.6850975022395514E7,null,null,null
Sat Oct 17 19:00:00 UTC 2026,0.5859,2.652817595343E7,null,null,null,null,null,null,2.682685296205069E7,null,null,null
Sat Oct 17 20:00:00 UTC 2026,0.5859,2.652817595343E7,null,null,null,null,null,null,2.680273090170586E7,null,null,null
Sat Oct 17 21:00:00 UTC 2026,0.5859,2.652817595343E7,null,null,null,null,null,null,2.677860884136104E7,null,null,null
Sat Oct 17 22:00:00 UTC 2026,0.5859,2.652817595343E7,null,null,null,null,null,null,2.675448678101621E7,null,null,null
Sat Oct 17 23:00:00 UTC 2026,0.5859,2.652817595343E7,null,null,null,null,null,null,2.6730364720671378E7,null,null,null
Sun Oct 18 00:00:00 UTC 2026,0.5859,2.652817595343E7,null,null,null,null,null,null,2.670624266032655E7,null,null,null
Sun Oct 18 01:00:00 UTC 2026,0.5859,2.652817595343E7,null,null,null,null,null,null,2.668212059998172E7,null,null,null
Sun Oct 18 02:00:00 UTC 2026,0.5859,2.652817595343E7,null,null,null,null,null,null,2.66579985396369E7,null,null,null
Sun Oct 18 03:00:00 UTC 2026,0.5859,2.652817595343E7,null,null,null,null,null,null,2.663387647929207E7,null,null,null
Sun Oct 18 04:00:00 UTC 2026,0.5859,2.652817595343E7,null,null,null,null,null,null,2.6609754418947246E7,null,null,null
Sun Oct 18 05:00:00 UTC 2026,0.5859,2.652817595343E7,null,null,null,null,null,null,2.6585632358602416E7,null,null,null
Sun Oct 18 06:00:00 UTC 2026,0.5859,2.652817595343E7,null,null,null,null,null,null,2.6561510298257586E7,null,null,null
Sun Oct 18 07:00:00 UTC 2026,0.5859,2.652817595343E7,null,null,null,null,null,null,2.653738823791276E7,null,null,null
Sun Oct 18 08:00:00 UTC 2026,0.5859,2.652817595343E7,null,null,null,null,null,null,2.651326617756793E7,null,null,null
Sun Oct 18 09:00:00 UTC 2026,0.5859,2.652817595343E7,null,null,null,null,null,null,2.6489144117223106E7,null,null,null
Sun Oct 18 10:00:00 UTC 2026,0.5859,2.652817595343E7,null,null,null,null,null,null,2.6465022056878276E7,null,null,null
Sun Oct 18 11:00:00 UTC 2026,0.5859,2.652817595343E7,null,null,null,null,null,null,2.6440899996533453E7,null,null,null
Sun Oct 18 12:00:00 UTC 2026,0.5859,2.652817595343E7,null,null,null,null,null,null,2.641677793618862E7,null,null,null
Sun Oct 18 13:00:00 UTC 2026,0.5859,2.652817595343E7,null,null,null,null,null,null,2.6392655875843793E7,null,null,null
Sun Oct 18 14:00:00 UTC 2026,0.5859,2.652817595343E7,null,null,null,null,null,null,2.6368533815498967E7,null,null,null
Sun Oct 18 15:00:00 UTC 2026,0.5859,2.652817595343E7,null,null,null,null,null,null,2.634441175515414E7,null,null,null
Sun Oct 18 16:00:00 UTC 2026,0.5859,2.652817595343E7,null,null,null,null,null,null,2.632028969480931E7,null,null,null
Sun Oct 18 17:00:00 UTC 2026,0.5859,2.652817595343E7,null,null,null,null,null,null,2.6296167634464484E7,null,null,null
Sun Oct 18 18:00:00 UTC 2026,0.5859,2.652817595343E7,null,null,null,null,null,null,2.6272045574119657E7,null,null,null
Sun Oct 18 19:00:00 UTC 2026,0.5859,2.652817595343E7,null,null,null,null,null,null,2.6247923513774827E7,null,null,null
Sun Oct 18 20:00:00 UTC 2026,0.5859,2.652817595343E7,null,null,null,null,null,null,2.622380145343E7,null,null,null
Sun Oct 18 21:00:00 UTC 2026,0.5859,2.643534695343E7,null,null,null,null,null,null,2.6199679393085174E7,null,null,null
Sun Oct 18 22:00:00 UTC 2026,0.5859,2.655951095343E7,null,null,null,null,null,null,2.6175557332740348E7,null,null,null
Sun Oct 18 23:00:00 UTC 2026,0.5859,2.660888795343E7,null,null,null,null,null,null,2.6151435272395514E7,null,null,null
Mon Oct 19 00:00:00 UTC 2026,0.5859,2.655012895343E7,null,null,null,null,null,null,2.612731321205069E7,null,null,null
Mon Oct 19 01:00:00 UTC 2026,0.5859,2.651987495343E7,null,null,null,null,null,null,2.610319115170586E7,null,null,null
Mon Oct 19 02:00:00 UTC 2026,0.5859,2.653868795343E7,null,null,null,null,null,null,2.6079069091361035E7,null,null,null
Mon Oct 19 03:00:00 UTC 2026,0.5859,2.653495195343E7,null,null,null,null,null,null,2.605494703101621E7,null,null,null
Mon Oct 19 04:00:00 UTC 2026,0.5859,2.659321095343E7,null,null,null,null,null,null,2.603082497067138E7,null,null,null
Mon Oct 19 05:00:00 UTC 2026,0.5859,2.654732695343E7,null,null,null,null,null,null,2.600670291032655E7,null,null,null
Mon Oct 19 06:00:00 UTC 2026,0.5859,2.651278995343E7,null,null,null,null,null,null,2.598258084998172E7,null,null,null
Mon Oct 19 07:00:00 UTC 2026,0.5859,2.658862795343E7,null,null,null,null,null,null,2.59584587896369E7,null,null,null
Mon Oct 19 08:00:00 UTC 2026,0.5859,2.663327295343E7,null,null,null,null,null,null,2.593433672929207E7,null,null,null
Mon Oct 19 09:00:00 UTC 2026,0.5859,2.665775095343E7,null,null,null,null,null,null,2.5910214668947242E7,null,null,null
Mon Oct 19 10:00:00 UTC 2026,0.5859,2.648881095343E7,null,null,null,null,null,null,2.5886092608602416E7,null,null,null
Mon Oct 19 11:00:00 UTC 2026,0.5859,2.644418295343E7,null,null,null,null,null,null,2.5861970548257582E7,null,null,null
Mon Oct 19 12:00:00 UTC 2026,0.5859,2.646539895343E7,null,null,null,null,null,null,2.583784848791276E7,null,null,null
Mon Oct 19 13:00:00 UTC 2026,0.5859,2.645901895343E7,null,null,null,null,null,null,2.581372642756793E7,null,null,null
Mon Oct 19 14:00:00 UTC 2026,0.5859,2.482697495343E7,null,null,null,null,null,null,2.5789604367223106E7,null,null,null
Mon Oct 19 15:00:00 UTC 2026,0.5859,2.466839595343E7,null,null,null,null,null,null,2.5765482306878276E7,null,null,null
Mon Oct 19 16:00:00 UTC 2026,0.5859,2.463547895343E7,null,null,null,null,null,null,2.5741360246533453E7,null,null,null
Mon Oct 19 17:00:00 UTC 2026,0.5859,2.453656395343E7,null,null,null,null,null,null,2.571723818618862E7,null,null,null
Mon Oct 19 18:00:00 UTC 2026,0.5859,2.453189395343E7,null,null,null,null,null,null,2.5693116125843793E7,null,null,null
Mon Oct 19 19:00:00 UTC 2026,0.5859,2.417119195343E7,null,null,null,null,null,null,2.5668994065498967E7,null,null,null
Mon Oct 19 20:00:00 UTC 2026,0.5859,2.423549495343E7,null,null,null,null,null,null,2.5644872005154137E7,null,null,null
Mon Oct 19 21:00:00 UTC 2026,0.5859,2.480950595343E7,null,null,null,null,null,null,2.5620749944809314E7,null,null,null
Mon Oct 19 22:00:00 UTC 2026,0.5859,2.485110995343E7,null,null,null,null,null,null,2.5596627884464484E7,null,null,null
Mon Oct 19 23:00:00 UTC 2026,0.5859,2.478267595343E7,null,null,null,null,null,null,2.5572505824119657E7,null,null,null
Tue Oct 20 00:00:00 UTC 2026,0.5859,2.476466695343E7,null,null,null,null,null,null,2.5548383763774827E7,null,null,null
Tue Oct 20 01:00:00 UTC 2026,0.5859,2.461621995343E7,null,null,null,null,null,null,2.5524261703430004E7,null,null,null
Tue Oct 20 02:00:00 UTC 2026,0.5859,2.472129495343E7,null,null,null,null,null,null,2.5500139643085174E7,null,null,null
Tue Oct 20 03:00:00 UTC 2026,0.5859,2.476066495343E7,null,null,null,null,null,null,2.5476017582740344E7,null,null,null
Tue Oct 20 04:00:00 UTC 2026,0.5859,2.462374695343E7,null,null,null,null,null,null,2.5451895522395514E7,null,null,null
Tue Oct 20 05:00:00 UTC 2026,0.5859,2.459792395343E7,null,null,null,null,null,null,2.5427773462050688E7,null,null,null
Tue Oct 20 06:00:00 UTC 2026,0.5859,2.459355095343E7,null,null,null,null,null,null,2.540365140170586E7,null,null,null
Tue Oct 20 07:00:00 UTC 2026,0.5859,2.464012895343E7,null,null,null,null,null,null,2.537952934136104E7,null,null,null
Tue Oct 20 08:00:00 UTC 2026,0.5859,2.230183695343E7,null,null,null,null,null,null,2.535540728101621E7,null,null,null
Tue Oct 20 09:00:00 UTC 2026,0.5859,2.231542495343E7,null,null,null,null,null,null,2.533128522067138E7,null,null,null
Tue Oct 20 10:00:00 UTC 2026,0.5859,2.232287295343E7,null,null,null,null,null,null,2.5307163160326548E7,null,null,null
Tue Oct 20 11:00:00 UTC 2026,0.5859,2.232435195343E7,null,null,null,null,null,null,2.5283041099981725E7,null,null,null
Tue Oct 20 12:00:00 UTC 2026,0.5859,2.232616495343E7,null,null,null,null,null,null,2.5258919039636895E7,null,null,null
Tue Oct 20 13:00:00 UTC 2026,0.5859,2.227412895343E7,null,null,null,null,null,null,2.5234796979292072E7,null,null,null
Tue Oct 20 14:00:00 UTC 2026,0.5859,2.226028295343E7,null,null,null,null,null,null,2.5210674918947242E7,null,null,null
Tue Oct 20 15:00:00 UTC 2026,0.5859,2.229547095343E7,null,null,null,null,null,null,2.518655285860242E7,null,null,null
Tue Oct 20 16:00:00 UTC 2026,0.5859,2.230453795343E7,null,null,null,null,null,null,2.5162430798257586E7,null,null,null
Tue Oct 20 17:00:00 UTC 2026,0.5859,2.235966095343E7,null,null,null,null,null,null,2.513830873791276E7,null,null,null
Tue Oct 20 18:00:00 UTC 2026,0.5859,2.237779195343E7,null,null,null,null,null,null,2.511418667756793E7,null,null,null
Tue Oct 20 19:00:00 UTC 2026,0.5859,2.237983995343E7,null,null,null,null,null,null,2.5090064617223106E7,null,null,null
Tue Oct 20 20:00:00 UTC 2026,0.5859,2.240294795343E7,null,null,null,null,null,null,2.5065942556878276E7,null,null,null
Tue Oct 20 21:00:00 UTC 2026,0.5859,2.239588895343E7,null,null,null,null,null,null,2.5041820496533453E7,null,null,null
Tue Oct 20 22:00:00 UTC 2026,0.5859,2.239532395343E7,null,null,null,null,null,null,2.501769843618862E7,null,null,null
Tue Oct 20 23:00:00 UTC 2026,0.5859,2.240988695343E7,null,null,null,null,null,null,2.4993576375843793E7,null,null,null
Wed Oct 21 00:00:00 UTC 2026,0.5859,2.238127695343E7,null,null,null,null,null,null,2.4969454315498967E7,null,null,null
Wed Oct 21 01:00:00 UTC 2026,0.5859,2.236920595343E7,null,null,null,null,null,null,2.494533225515414E7,null,null,null
Wed Oct 21 02:00:00 UTC 2026,0.5859,2.235369595343E7,null,null,null,null,null,null,2.492121019480931E7,null,null,null
Wed Oct 21 03:00:00 UTC 2026,0.5859,2.236984595343E7,null,null,null,null,null,null,2.4897088134464487E7,null,null,null
Wed Oct 21 04:00:00 UTC 2026,0.5859,2.237736595343E7,null,null,null,null,null,null,2.4872966074119654E7,null,null,null
Wed Oct 21 05:00:00 UTC 2026,0.5859,2.236821395343E7,null,null,null,null,null,null,2.4848844013774827E7,null,null,null
Wed Oct 21 06:00:00 UTC 2026,0.5859,2.237615495343E7,null,null,null,null,null,null,2.482472195343E7,null,null,null
Wed Oct 21 07:00:00 UTC 2026,0.5859,2.239055195343E7,null,null,null,null,null,null,2.4800599893085174E7,null,null,null
Wed Oct 21 08:00:00 UTC 2026,0.5859,2.237991595343E7,null,null,null,null,null,null,2.4776477832740344E7,null,null,null
Wed Oct 21 09:00:00 UTC 2026,0.5859,2.236035795343E7,null,null,null,null,null,null,2.475235577239552E7,null,null,null
Wed Oct 21 10:00:00 UTC 2026,0.5859,2.232008295343E7,null,null,null,null,null,null,2.472823371205069E7,null,null,null
Wed Oct 21 11:00:00 UTC 2026,0.5859,2.228714095343E7,null,null,null,null,null,null,2.470411165170586E7,null,null,null
Wed Oct 21 12:00:00 UTC 2026,0.5859,2.223559495343E7,null,null,null,null,null,null,2.4679989591361035E7,null,null,null
Wed Oct 21 13:00:00 UTC 2026,0.5859,2.226881795343E7,null,null,null,null,null,null,2.465586753101621E7,null,null,null
Wed Oct 21 14:00:00 UTC 2026,0.5859,2.229247495343E7,null,null,null,null,null,null,2.4631745470671378E7,null,null,null
Wed Oct 21 15:00:00 UTC 2026,0.5859,2.229021695343E7,null,null,null,null,null,null,2.4607623410326555E7,null,null,null
Wed Oct 21 16:00:00 UTC 2026,0.5859,2.219187295343E7,null,null,null,null,null,null,2.4583501349981725E7,null,null,null
Wed Oct 21 17:00:00 UTC 2026,0.5859,2.218290495343E7,null,null,null,null,null,null,2.4559379289636895E7,null,null,null
Wed Oct 21 18:00:00 UTC 2026,0.5859,2.219900295343E7,null,null,null,null,null,null,2.4535257229292072E7,null,null,null
Wed Oct 21 19:00:00 UTC 2026,0.5859,2.222779195343E7,null,null,null,null,null,null,2.4511135168947242E7,null,null,null
Wed Oct 21 20:00:00 UTC 2026,0.5859,2.219822695343E7,null,null,null,null,null,null,2.4487013108602412E7,null,null,null
Wed Oct 21 21:00:00 UTC 2026,0.5859,2.217962395343E7,null,null,null,null,null,null,2.446289104825759E7,null,null,null
Wed Oct 21 22:00:00 UTC 2026,0.5859,2.218181595343E7,null,null,null,null,null,null,2.443876898791276E7,null,null,null
Wed Oct 21 23:00:00 UTC 2026,0.5859,2.217012095343E7,null,null,null,null,null,null,2.441464692756793E7,null,null,null
Thu Oct 22 00:00:00 UTC 2026,0.5859,2.217072395343E7,null,null,null,null,null,null,2.4390524867223106E7,null,null,null
Thu Oct 22 01:00:00 UTC 2026,0.5859,2.221116395343E7,null,null,null,null,null,null,2.4366402806878276E7,null,null,null
Thu Oct 22 02:00:00 UTC 2026,0.5859,2.219874795343E7,null,null,null,null,null,null,2.4342280746533446E7,null,null,null
Thu Oct 22 03:00:00 UTC 2026,0.5859,2.220156495343E7,null,null,null,null,null,null,2.4318158686188623E7,null,null,null
Thu Oct 22 04:00:00 UTC 2026,0.5859,2.221765795343E7,null,null,null,null,null,null,2.4294036625843793E7,null,null,null
Thu Oct 22 05:00:00 UTC 2026,0.5859,2.226801195343E7,null,null,null,null,null,null,2.4269914565498963E7,null,null,null
Thu Oct 22 06:00:00 UTC 2026,0.5859,2.226726395343E7,null,null,null,null,null,null,2.424579250515414E7,null,null,null
Thu Oct 22 07:00:00 UTC 2026,0.5859,2.227208595343E7,null,null,null,null,null,null,2.422167044480931E7,null,null,null
Thu Oct 22 08:00:00 UTC 2026,0.5859,2.225258995343E7,null,null,null,null,null,null,2.419754838446448E7,null,null,null
Thu Oct 22 09:00:00 UTC 2026,0.5859,2.225082395343E7,null,null,null,null,null,null,2.4173426324119657E7,null,null,null
Thu Oct 22 10:00:00 UTC 2026,0.5859,2.225703095343E7,null,null,null,null,null,null,2.4149304263774827E7,null,null,null
Thu Oct 22 11:00:00 UTC 2026,0.5859,2.225129895343E7,null,null,null,null,null,null,2.412518220343E7,null,null,null
Thu Oct 22 12:00:00 UTC 2026,0.5859,2.224700195343E7,null,null,null,null,null,null,2.4101060143085174E7,null,null,null
Thu Oct 22 13:00:00 UTC 2026,0.5859,2.227853495343E7,null,null,null,null,null,null,2.4076938082740344E7,null,null,null
Thu Oct 22 14:00:00 UTC 2026,0.5859,2.225311595343E7,null,null,null,null,null,null,2.4052816022395518E7,null,null,null
Thu Oct 22 15:00:00 UTC 2026,0.5859,2.227847795343E7,null,null,null,null,null,null,2.402869396205069E7,null,null,null
Thu Oct 22 16:00:00 UTC 2026,0.5859,2.228980795343E7,null,null,null,null,null,null,2.400457190170586E7,null,null,null
Thu Oct 22 17:00:00 UTC 2026,0.5859,2.228852495343E7,null,null,null,null,null,null,2.3980449841361035E7,null,null,null
Thu Oct 22 18:00:00 UTC 2026,0.5859,2.225427395343E7,null,null,null,null,null,null,2.395632778101621E7,null,null,null
Thu Oct 22 19:00:00 UTC 2026,0.5859,2.227266795343E7,null,null,null,null,null,null,2.3932205720671378E7,null,null,null
Thu Oct 22 20:00:00 UTC 2026,0.5859,2.228372295343E7,null,null,null,null,null,null,2.3908083660326555E7,null,null,null
Thu Oct 22 21:00:00 UTC 2026,0.5859,2.230641195343E7,null,null,null,null,null,null,2.3883961599981725E7,null,null,null
Thu Oct 22 22:00:00 UTC 2026,0.5859,2.208597895343E7,null,null,null,null,null,null,2.38598395396369E7,null,null,null
Thu Oct 22 23:00:00 UTC 2026,0.5859,2.205025995343E7,null,null,null,null,null,null,2.383571747929207E7,null,null,null
Fri Oct 23 00:00:00 UTC 2026,0.5859,2.210078395343E7,null,null,null,null,null,null,2.3811595418947242E7,null,null,null
Fri Oct 23 01:00:00 UTC 2026,0.5859,2.212943995343E7,null,null,null,null,null,null,2.3787473358602412E7,null,null,null
Fri Oct 23 02:00:00 UTC 2026,0.5859,2.212440895343E7,null,null,null,null,null,null,2.376335129825759E7,null,null,null
Fri Oct 23 03:00:00 UTC 2026,0.5859,2.215339895343E7,null,null,null,null,null,null,2.373922923791276E7,null,null,null
Fri Oct 23 04:00:00 UTC 2026,0.5859,2.214157995343E7,null,null,null,null,null,null,2.3715107177567933E7,null,null,null
Fri Oct 23 05:00:00 UTC 2026,0.5859,2.215418595343E7,null,null,null,null,null,null,2.3690985117223103E7,null,null,null
Fri Oct 23 06:00:00 UTC 2026,0.5859,2.213182495343E7,null,null,null,null,null,null,2.3666863056878276E7,null,null,null
Fri Oct 23 07:00:00 UTC 2026,0.5859,2.214105995343E7,null,null,null,null,null,null,2.3642740996533446E7,null,null,null
Fri Oct 23 08:00:00 UTC 2026,0.5859,2.214702195343E7,null,null,null,null,null,null,2.3618618936188623E7,null,null,null
Fri Oct 23 09:00:00 UTC 2026,0.5859,2.215389295343E7,null,null,null,null,null,null,2.3594496875843793E7,null,null,null
Fri Oct 23 10:00:00 UTC 2026,0.5859,2.207225995343E7,null,null,null,null,null,null,2.3570374815498967E7,null,null,null
Fri Oct 23 11:00:00 UTC 2026,0.5859,2.207560095343E7,null,null,null,null,null,null,2.354625275515414E7,null,null,null
Fri Oct 23 12:00:00 UTC 2026,0.5859,2.212866695343E7,null,null,null,null,null,null,2.352213069480931E7,null,null,null
Fri Oct 23 13:00:00 UTC 2026,0.5859,2.215567695343E7,null,null,null,null,null,null,2.349800863446448E7,null,null,null
Fri Oct 23 14:00:00 UTC 2026,0.5859,2.217620395343E7,null,null,null,null,null,null,2.3473886574119657E7,null,null,null
Fri Oct 23 15:00:00 UTC 2026,0.5859,2.216889795343E7,null,null,null,null,null,null,2.3449764513774827E7,null,null,null
Fri Oct 23 16:00:00 UTC 2026,0.5859,2.215061995343E7,null,null,null,null,null,null,2.342564245343E7,null,null,null
Fri Oct 23 17:00:00 UTC 2026,0.5859,2.219229995343E7,null,null,null,null,null,null,2.3401520393085174E7,null,null,null
Fri Oct 23 18:00:00 UTC 2026,0.5859,2.215456295343E7,null,null,null,null,null,null,2.3377398332740344E7,null,null,null
Fri Oct 23 19:00:00 UTC 2026,0.5859,2.216540395343E7,null,null,null,null,null,null,2.3353276272395518E7,null,null,null
Fri Oct 23 20:00:00 UTC 2026,0.5859,2.208883695343E7,null,null,null,null,null,null,2.332915421205069E7,null,null,null
Fri Oct 23 21:00:00 UTC 2026,0.5859,2.208883695343E7,null,null,null,null,null,null,2.3305032151705865E7,null,null,null
Fri Oct 23 22:00:00 UTC 2026,0.5859,2.208883695343E7,null,null,null,null,null,null,2.3280910091361035E7,null,null,null
Fri Oct 23 23:00:00 UTC 2026,0.5859,2.208883695343E7,null,null,null,null,null,null,2.325678803101621E7,null,null,null
Sat Oct 24 00:00:00 UTC 2026,0.5859,2.208883695343E7,null,null,null,null,null,null,2.3232665970671378E7,null,null,null
Sat Oct 24 01:00:00 UTC 2026,0.5859,2.208883695343E7,null,null,null,null,null,null,2.3208543910326555E7,null,null,null
Sat Oct 24 02:00:00 UTC 2026,0.5859,2.208883695343E7,null,null,null,null,null,null,2.3184421849981725E7,null,null,null
Sat Oct 24 03:00:00 UTC 2026,0.5859,2.208883695343E7,null,null,null,null,null,null,2.3160299789636895E7,null,null,null
Sat Oct 24 04:00:00 UTC 2026,0.5859,2.208883695343E7,null,null,null,null,null,null,2.3136177729292072E7,null,null,null
Sat Oct 24 05:00:00 UTC 2026,0.5859,2.208883695343E7,null,null,null,null,null,null,2.3112055668947242E7,null,null,null
Sat Oct 24 06:00:00 UTC 2026,0.5859,2.208883695343E7,null,null,null,null,null,null,2.3087933608602412E7,null,null,null
Sat Oct 24 07:00:00 UTC 2026,0.5859,2.208883695343E7,null,null,null,null,null,null,2.306381154825759E7,null,null,null
Sat Oct 24 08:00:00 UTC 2026,0.5859,2.208883695343E7,null,null,null,null,null,null,2.303968948791276E7,null,null,null
Sat Oct 24 09:00:00 UTC 2026,0.5859,2.208883695343E7,null,null,null,null,null,null,2.3015567427567933E7,null,null,null
Sat Oct 24 10:00:00 UTC 2026,0.5859,2.208883695343E7,null,null,null,null,null,null,2.2991445367223103E7,null,null,null
Sat Oct 24 11:00:00 UTC 2026,0.5859,2.208883695343E7,null,null,null,null,null,null,2.2967323306878276E7,null,null,null
Sat Oct 24 12:00:00 UTC 2026,0.5859,2.208883695343E7,null,null,null,null,null,null,2.294320124653345E7,null,null,null
Sat Oct 24 13:00:00 UTC 2026,0.5859,2.208883695343E7,null,null,null,null,null,null,2.2919079186188623E7,null,null,null
Sat Oct 24 14:00:00 UTC 2026,0.5859,2.208883695343E7,null,null,null,null,null,null,2.2894957125843793E7,null,null,null
Sat Oct 24 15:00:00 UTC 2026,0.5859,2.208883695343E7,null,null,null,null,null,null,2.2870835065498963E7,null,null,null
Sat Oct 24 16:00:00 UTC 2026,0.5859,2.208883695343E7,null,null,null,null,null,null,2.284671300515414E7,null,null,null
Sat Oct 24 17:00:00 UTC 2026,0.5859,2.208883695343E7,null,null,null,null,null,null,2.282259094480931E7,null,null,null
Sat Oct 24 18:00:00 UTC 2026,0.5859,2.208883695343E7,null,null,null,null,null,null,2.279846888446448E7,null,null,null
Sat Oct 24 19:00:00 UTC 2026,0.5859,2.208883695343E7,null,null,null,null,null,null,2.2774346824119657E7,null,null,null
Sat Oct 24 20:00:00 UTC 2026,0.5859,2.208883695343E7,null,null,null,null,null,null,2.275022476377483E7,null,null,null
Sat Oct 24 21:00:00 UTC 2026,0.5859,2.208883695343E7,null,null,null,null,null,null,2.272610270343E7,null,null,null
Sat Oct 24 22:00:00 UTC 2026,0.5859,2.208883695343E7,null,null,null,null,null,null,2.270198064308517E7,null,null,null
Sat Oct 24 23:00:00 UTC 2026,0.5859,2.208883695343E7,null,null,null,null,null,null,2.2677858582740344E7,null,null,null
Sun Oct 25 00:00:00 UTC 2026,0.5859,2.208883695343E7,null,null,null,null,null,null,2.2653736522395518E7,null,null,null
Sun Oct 25 01:00:00 UTC 2026,0.5859,2.208883695343E7,null,null,null,null,null,null,2.262961446205069E7,null,null,null
Sun Oct 25 02:00:00 UTC 2026,0.5859,2.208883695343E7,null,null,null,null,null,null,2.260549240170586E7,null,null,null
Sun Oct 25 03:00:00 UTC 2026,0.5859,2.208883695343E7,null,null,null,null,null,null,2.2581370341361035E7,null,null,null
Sun Oct 25 04:00:00 UTC 2026,0.5859,2.208883695343E7,null,null,null,null,null,null,2.255724828101621E7,null,null,null
Sun Oct 25 05:00:00 UTC 2026,0.5859,2.208883695343E7,null,null,null,null,null,null,2.2533126220671378E7,null,null,null
Sun Oct 25 06:00:00 UTC 2026,0.5859,2.208883695343E7,null,null,null,null,null,null,2.2509004160326555E7,null,null,null
Sun Oct 25 07:00:00 UTC 2026,0.5859,2.208883695343E7,null,null,null,null,null,null,2.2484882099981725E7,null,null,null
Sun Oct 25 08:00:00 UTC 2026,0.5859,2.208883695343E7,null,null,null,null,null,null,2.24607600396369E7,null,null,null
Sun Oct 25 09:00:00 UTC 2026,0.5859,2.208883695343E7,null,null,null,null,null,null,2.243663797929207E7,null,null,null
Sun Oct 25 10:00:00 UTC 2026,0.5859,2.208883695343E7,null,null,null,null,null,null,2.2412515918947242E7,null,null,null
Sun Oct 25 11:00:00 UTC 2026,0.5859,2.208883695343E7,null,null,null,null,null,null,2.2388393858602412E7,null,null,null
Sun Oct 25 12:00:00 UTC 2026,0.5859,2.208883695343E7,null,null,null,null,null,null,2.2364271798257586E7,null,null,null
Sun Oct 25 13:00:00 UTC 2026,0.5859,2.208883695343E7,null,null,null,null,null,null,2.234014973791276E7,null,null,null
Sun Oct 25 14:00:00 UTC 2026,0.5859,2.208883695343E7,null,null,null,null,null,null,2.2316027677567933E7,null,null,null
Sun Oct 25 15:00:00 UTC 2026,0.5859,2.208883695343E7,null,null,null,null,null,null,2.2291905617223103E7,null,null,null
Sun Oct 25 16:00:00 UTC 2026,0.5859,2.208883695343E7,null,null,null,null,null,null,2.2267783556878276E7,null,null,null
Sun Oct 25 17:00:00 UTC 2026,0.5859,2.208883695343E7,null,null,null,null,null,null,2.224366149653345E7,null,null,null
Sun Oct 25 18:00:00 UTC 2026,0.5859,2.208883695343E7,null,null,null,null,null,null,2.2219539436188623E7,null,null,null
Sun Oct 25 19:00:00 UTC 2026,0.5859,2.208883695343E7,null,null,null,null,null,null,2.2195417375843793E7,null,null,null
Sun Oct 25 20:00:00 UTC 2026,0.5859,2.208883695343E7,null,null,null,null,null,null,2.2171295315498967E7,null,null,null
Sun Oct 25 21:00:00 UTC 2026,0.5859,2.209695595343E7,null,null,null,null,null,null,2.214717325515414E7,null,null,null
Sun Oct 25 22:00:00 UTC 2026,0.5859,2.211800895343E7,null,null,null,null,null,null,2.212305119480931E7,null,null,null
Sun Oct 25 23:00:00 UTC 2026,0.5859,2.212727295343E7,null,null,null,null,null,null,2.209892913446448E7,null,null,null
Mon Oct 26 00:00:00 UTC 2026,0.5859,2.205833295343E7,null,null,null,null,null,null,2.2074807074119654E7,null,null,null
Mon Oct 26 01:00:00 UTC 2026,0.5859,2.202887495343E7,null,null,null,null,null,null,2.205068501377483E7,null,null,null
Mon Oct 26 02:00:00 UTC 2026,0.5859,2.202596295343E7,null,null,null,null,null,null,2.202656295343E7,null,null,null
Mon Oct 26 03:00:00 UTC 2026,0.5859,2.204919595343E7,null,null,null,null,null,null,null,null,null,null
Mon Oct 26 04:00:00 UTC 2026,0.5859,2.202740995343E7,null,null,null,null,null,null,null,null,null,null
Mon Oct 26 05:00:00 UTC 2026,0.5859,2.203203295343E7,null,null,null,null,null,null,null,null,null,null
Mon Oct 26 06:00:00 UTC 2026,0.5859,2.226675995343E7,null,null,null,null,null,null,null,null,null,null
Mon Oct 26 07:00:00 UTC 2026,0.5859,2.225723395343E7,null,null,null,null,null,null,null,null,null,null
