date,P_Kweek_31_Kday_76_ETE_61_ORD_61_EXT_73_E2Ekor_72_EXTkor_60_DIFF_24,a,b,c,d,e,f,g,h,i,j
Fri Sep 04 06:00:00 UTC 2026,-44.822686638417,1.3079000000000178,null,null,null,4275.278065745856,2282.8195731517512,2382.819573151751,2482.819573151751,null
Fri Sep 04 07:00:00 UTC 2026,-40.51329032642599,-4.692099999999982,null,null,null,4263.796297790054,2276.646421400778,2376.6464214007783,2476.6464214007783,null
Fri Sep 04 08:00:00 UTC 2026,-33.194632609415436,-0.6920999999999822,null,null,null,4252.314529834254,2270.4732696498054,2370.4732696498054,2470.4732696498054,null
Fri Sep 04 09:00:00 UTC 2026,-12.48061883731853,8.307900000000018,null,null,null,4240.832761878452,2264.300117898833,2364.3001178988325,2464.300117898833,null
Fri Sep 04 10:00:00 UTC 2026,-52.456902522679,7.307900000000018,null,null,null,4229.3509939226515,2258.1269661478595,2358.12696614786,2458.1269661478595,null
Fri Sep 04 11:00:00 UTC 2026,-52.00736435145487,19.307900000000018,null,null,null,4217.869225966851,2251.9538143968866,2351.953814396887,2451.953814396887,null
Fri Sep 04 12:00:00 UTC 2026,-25.683819360393045,17.307900000000018,null,null,null,4206.38745801105,2245.780662645914,2345.780662645914,2445.780662645914,null
Fri Sep 04 13:00:00 UTC 2026,-10.414506144474132,17.307900000000018,null,null,null,4194.905690055248,2239.6075108949412,2339.6075108949412,2439.6075108949412,null
Fri Sep 04 14:00:00 UTC 2026,14.377083274844239,12.307900000000018,null,null,null,4183.423922099448,2233.434359143969,2333.434359143969,2433.4343591439683,null
Fri Sep 04 15:00:00 UTC 2026,15.902868714823853,18.307900000000018,null,null,null,4171.942154143647,2227.261207392996,2327.261207392996,2427.261207392996,null
Fri Sep 04 16:00:00 UTC 2026,16.836321505660777,17.307900000000018,null,null,null,4160.460386187845,2221.0880556420234,2321.088055642023,2421.088055642023,null
Fri Sep 04 17:00:00 UTC 2026,7.75388755214226,-29.692099999999982,null,null,null,4148.978618232045,2214.9149038910505,2314.9149038910505,2414.9149038910505,null
Fri Sep 04 18:00:00 UTC 2026,7.706289392836084,-62.69209999999998,null,null,null,4137.496850276243,2208.7417521400776,2308.7417521400776,2408.7417521400776,null
Fri Sep 04 19:00:00 UTC 2026,19.307900000000018,-136.69209999999998,null,null,null,4126.015082320442,2202.568600389105,2302.5686003891046,2402.568600389105,null
Fri Sep 04 20:00:00 UTC 2026,17.206529411374618,-152.69209999999998,null,null,null,4114.533314364641,2196.395448638132,2296.395448638132,2396.395448638132,null
Fri Sep 04 21:00:00 UTC 2026,4.838059570945376,-156.69209999999998,null,null,null,4103.05154640884,2190.2222968871592,2290.2222968871597,2390.2222968871597,null
Fri Sep 04 22:00:00 UTC 2026,-2.5555211746012674,-156.69209999999998,null,null,null,4091.5697784530385,2184.049145136187,2284.049145136187,2384.049145136187,null
Fri Sep 04 23:00:00 UTC 2026,-77.5957822154555,-156.69209999999998,null,null,null,4080.088010497237,2177.875993385214,2277.875993385214,2377.8759933852143,null
Sat Sep 05 00:00:00 UTC 2026,-51.97122500827655,-156.69209999999998,null,null,null,4068.6062425414366,2171.7028416342414,2271.7028416342414,2371.702841634241,null
Sat Sep 05 01:00:00 UTC 2026,-21.29068554591757,-156.69209999999998,null,null,null,4057.124474585635,2165.5296898832685,2265.5296898832685,2365.5296898832685,null
Sat Sep 05 02:00:00 UTC 2026,-22.337845050653414,-156.69209999999998,null,null,null,4045.642706629834,2159.356538132295,2259.356538132295,2359.356538132295,null
Sat Sep 05 03:00:00 UTC 2026,-18.871112447858707,-156.69209999999998,null,null,null,4034.160938674033,2153.1833863813226,2253.1833863813226,2353.1833863813226,null
Sat Sep 05 04:00:00 UTC 2026,-24.139523525129363,-156.69209999999998,null,null,null,4022.679170718231,2147.01023463035,2247.0102346303497,2347.0102346303497,null
Sat Sep 05 05:00:00 UTC 2026,-16.397771058729774,-156.69209999999998,null,null,null,4011.197402762431,2140.8370828793772,2240.8370828793772,2340.8370828793772,null
Sat Sep 05 06:00:00 UTC 2026,-11.096746427862655,-156.69209999999998,null,null,null,3999.715634806629,2134.6639311284043,2234.663931128405,2334.6639311284043,null
Sat Sep 05 07:00:00 UTC 2026,-11.943817374033102,-156.69209999999998,null,null,null,3988.233866850829,2128.490779377432,2228.490779377432,2328.490779377432,null
Sat Sep 05 08:00:00 UTC 2026,-5.065883354300837,-156.69209999999998,null,null,null,3976.7520988950273,2122.317627626459,2222.317627626459,2322.317627626459,null
Sat Sep 05 09:00:00 UTC 2026,-6.186202992783109,-156.69209999999998,null,null,null,3965.2703309392264,2116.144475875486,2216.144475875486,2316.1444758754865,null
Sat Sep 05 10:00:00 UTC 2026,-6.1994247037031585,-156.69209999999998,null,null,null,3953.788562983426,2109.9713241245136,2209.9713241245136,2309.9713241245136,null
Sat Sep 05 11:00:00 UTC 2026,-13.949991644046122,-156.69209999999998,null,null,null,3942.3067950276245,2103.798172373541,2203.7981723735406,2303.7981723735406,null
Sat Sep 05 12:00:00 UTC 2026,-13.972909276304364,-156.69209999999998,null,null,null,3930.825027071823,2097.6250206225677,2197.6250206225677,2297.6250206225677,null
Sat Sep 05 13:00:00 UTC 2026,-13.243070833609693,-156.69209999999998,null,null,null,3919.3432591160226,2091.4518688715953,2191.4518688715953,2291.4518688715953,null
Sat Sep 05 14:00:00 UTC 2026,-13.96321335496367,-156.69209999999998,null,null,null,3907.8614911602212,2085.278717120623,2185.2787171206223,2285.2787171206223,null
Sat Sep 05 15:00:00 UTC 2026,-13.96585769714818,-156.69209999999998,null,null,null,3896.37972320442,2079.1055653696494,2179.10556536965,2279.10556536965,null
Sat Sep 05 16:00:00 UTC 2026,-13.39644268026376,-156.69209999999998,null,null,null,3884.8979552486194,2072.932413618677,2172.9324136186774,2272.932413618677,null
Sat Sep 05 17:00:00 UTC 2026,-13.974672171091527,-156.69209999999998,null,null,null,3873.416187292818,2066.7592618677045,2166.7592618677045,2266.7592618677045,null
Sat Sep 05 18:00:00 UTC 2026,-13.331215573065833,-156.69209999999998,null,null,null,3861.9344193370166,2060.586110116731,2160.586110116731,2260.586110116731,null
Sat Sep 05 19:00:00 UTC 2026,-13.962331907568824,-156.69209999999998,null,null,null,3850.452651381215,2054.412958365758,2154.412958365758,2254.4129583657586,null
Sat Sep 05 20:00:00 UTC 2026,-13.986130987221912,-156.69209999999998,null,null,null,3838.970883425414,2048.2398066147857,2148.2398066147857,2248.2398066147857,null
Sat Sep 05 21:00:00 UTC 2026,-13.184895305567977,-156.69209999999998,null,null,null,3827.4891154696134,2042.066654863813,2142.066654863813,2242.0666548638133,null
Sat Sep 05 22:00:00 UTC 2026,-10.492954962592108,-156.69209999999998,null,null,null,3816.0073475138124,2035.8935031128403,2135.89350311284,2235.8935031128403,null
Sat Sep 05 23:00:00 UTC 2026,-11.031519320664728,-156.69209999999998,null,null,null,3804.525579558011,2029.7203513618674,2129.720351361868,2229.7203513618674,null
Sun Sep 06 00:00:00 UTC 2026,-10.911642475006971,-156.69209999999998,null,null,null,3793.0438116022096,2023.5471996108947,2123.547199610895,2223.5471996108945,null
Sun Sep 06 01:00:00 UTC 2026,-12.176519486194934,-156.69209999999998,null,null,null,3781.5620436464087,2017.3740478599223,2117.374047859922,2217.374047859922,null
Sun Sep 06 02:00:00 UTC 2026,-11.526011309013029,-156.69209999999998,null,null,null,3770.0802756906073,2011.200896108949,2111.2008961089496,2211.200896108949,null
Sun Sep 06 03:00:00 UTC 2026,-13.045626617228805,-156.69209999999998,null,null,null,3758.598507734807,2005.0277443579764,2105.0277443579766,2205.0277443579766,null
Sun Sep 06 04:00:00 UTC 2026,-14.1835752036028,-156.69209999999998,null,null,null,3747.1167397790055,1998.854592607004,2098.8545926070037,2198.8545926070037,null
Sun Sep 06 05:00:00 UTC 2026,-9.604455988876822,-156.69209999999998,null,null,null,3735.634971823204,1992.6814408560308,2092.6814408560313,2192.6814408560313,null
Sun Sep 06 06:00:00 UTC 2026,-13.930599801364707,-156.69209999999998,null,null,null,3724.1532038674036,1986.5082891050583,2086.5082891050583,2186.5082891050583,null
Sun Sep 06 07:00:00 UTC 2026,-10.376603906508649,-156.69209999999998,null,null,null,3712.671435911602,1980.3351373540856,2080.3351373540854,2180.335137354086,null
Sun Sep 06 08:00:00 UTC 2026,-10.057519949680312,-156.69209999999998,null,null,null,3701.189667955801,1974.161985603113,2074.1619856031125,2174.161985603113,null
Sun Sep 06 09:00:00 UTC 2026,-12.795295557175194,-156.69209999999998,null,null,null,3689.7079,1967.9888338521403,2067.98883385214,2167.9888338521405,null
Sun Sep 06 10:00:00 UTC 2026,-11.071184453419875,-156.69209999999998,null,null,null,3678.2261320441985,1961.815682101167,2061.815682101167,2161.8156821011667,null
Sun Sep 06 11:00:00 UTC 2026,-11.636192233332594,-156.69209999999998,null,null,null,3666.7443640883976,1955.6425303501942,2055.642530350194,2155.642530350194,null
Sun Sep 06 12:00:00 UTC 2026,-10.4330165397607,-156.69209999999998,null,null,null,3655.2625961325966,1949.4693785992215,2049.4693785992217,2149.4693785992213,null
Sun Sep 06 13:00:00 UTC 2026,-8.20736186850337,-156.69209999999998,null,null,null,3643.7808281767952,1943.2962268482488,2043.2962268482488,2143.296226848249,null
Sun Sep 06 14:00:00 UTC 2026,-8.024902257829694,-156.69209999999998,null,null,null,3632.299060220994,1937.1230750972761,2037.123075097276,2137.123075097276,null
Sun Sep 06 15:00:00 UTC 2026,-5.035032695491537,-156.69209999999998,null,null,null,3620.817292265194,1930.9499233463034,2030.9499233463032,2130.9499233463034,null
Sun Sep 06 16:00:00 UTC 2026,-4.498231232206081,-156.69209999999998,null,null,null,3609.335524309392,1924.7767715953305,2024.7767715953305,2124.7767715953305,null
Sun Sep 06 17:00:00 UTC 2026,-6.609297742172174,-156.69209999999998,null,null,null,3597.853756353591,1918.6036198443578,2018.6036198443576,2118.603619844358,null
Sun Sep 06 18:00:00 UTC 2026,-5.97112982851047,-156.69209999999998,null,null,null,3586.37198839779,1912.4304680933851,2012.4304680933853,2112.430468093385,null
Sun Sep 06 19:00:00 UTC 2026,-5.873289167716109,-156.69209999999998,null,null,null,3574.890220441989,1906.2573163424122,2006.2573163424124,2106.2573163424127,null
Sun Sep 06 20:00:00 UTC 2026,-5.763108243396545,-156.69209999999998,null,null,null,3563.408452486188,1900.0841645914397,2000.0841645914397,2100.0841645914397,null
Sun Sep 06 21:00:00 UTC 2026,-5.786025875654815,-158.69209999999998,null,null,null,3551.926684530387,1893.9110128404668,1993.911012840467,2093.911012840467,null
Sun Sep 06 22:00:00 UTC 2026,-10.086607713699948,-133.69209999999998,null,null,null,3540.4449165745855,1887.7378610894941,1987.7378610894941,2087.737861089494,null
Sun Sep 06 23:00:00 UTC 2026,-10.403928775741093,-128.69209999999998,null,null,null,3528.9631486187845,1881.5647093385214,1981.5647093385214,2081.5647093385214,null
Mon Sep 07 00:00:00 UTC 2026,-14.531746924453245,-113.69209999999998,null,null,null,3517.4813806629836,1875.3915575875485,1975.3915575875485,2075.3915575875485,null
Mon Sep 07 01:00:00 UTC 2026,-12.595206998609797,-88.69209999999998,null,null,null,3505.999612707182,1869.218405836576,1969.2184058365758,2069.218405836576,null
Mon Sep 07 02:00:00 UTC 2026,-11.33385577699869,-99.69209999999998,null,null,null,3494.5178447513813,1863.045254085603,1963.045254085603,2063.0452540856027,null
Mon Sep 07 03:00:00 UTC 2026,-19.44757904389928,-92.69209999999998,null,null,null,3483.0360767955804,1856.8721023346302,1956.87210233463,2056.87210233463,null
Mon Sep 07 04:00:00 UTC 2026,-14.014337303846673,-88.69209999999998,null,null,null,3471.554308839779,1850.6989505836573,1950.6989505836573,2050.6989505836573,null
Mon Sep 07 05:00:00 UTC 2026,-30.93460148977198,-92.69209999999998,null,null,null,3460.072540883978,1844.5257988326846,1944.5257988326846,2044.5257988326848,null
Mon Sep 07 06:00:00 UTC 2026,-33.97735789578283,-108.69209999999998,null,null,null,3448.5907729281766,1838.352647081712,1938.352647081712,2038.3526470817117,null
Mon Sep 07 07:00:00 UTC 2026,-37.63183879361776,-117.69209999999998,null,null,null,3437.1090049723757,1832.1794953307392,1932.1794953307392,2032.1794953307392,null
Mon Sep 07 08:00:00 UTC 2026,-31.039493729722523,-122.69209999999998,null,null,null,3425.627237016575,1826.0063435797663,1926.0063435797663,2026.0063435797663,null
Mon Sep 07 09:00:00 UTC 2026,-16.185342236641674,-125.69209999999998,null,null,null,3414.1454690607734,1819.8331918287936,1919.8331918287936,2019.8331918287936,null
Mon Sep 07 10:00:00 UTC 2026,-16.471812639873548,-132.69209999999998,null,null,null,3402.663701104972,1813.660040077821,1913.660040077821,2013.660040077821,null
Mon Sep 07 11:00:00 UTC 2026,-38.202135257897,-127.69209999999998,null,null,null,3391.1819331491715,1807.4868883268482,1907.4868883268482,2007.486888326848,null
Mon Sep 07 12:00:00 UTC 2026,-34.103404873204454,-125.69209999999998,null,null,null,3379.70016519337,1801.3137365758755,1901.3137365758755,2001.3137365758753,null
Mon Sep 07 13:00:00 UTC 2026,-23.920924571277396,-129.69209999999998,null,null,null,3368.2183972375688,1795.1405848249026,1895.1405848249026,1995.1405848249026,null
Mon Sep 07 14:00:00 UTC 2026,-35.62125728663301,-110.69209999999998,null,null,null,3356.736629281768,1788.96743307393,1888.96743307393,1988.96743307393,null
Mon Sep 07 15:00:00 UTC 2026,-35.68295860425158,-119.69209999999998,null,null,null,3345.254861325967,1782.7942813229572,1882.794281322957,1982.7942813229572,null
Mon Sep 07 16:00:00 UTC 2026,-54.79714535522763,-145.69209999999998,null,null,null,3333.7730933701655,1776.6211295719843,1876.6211295719845,1976.6211295719845,null
Mon Sep 07 17:00:00 UTC 2026,-51.57721802290962,-144.69209999999998,null,null,null,3322.2913254143646,1770.4479778210118,1870.4479778210118,1970.4479778210116,null
Mon Sep 07 18:00:00 UTC 2026,-70.43225923988618,-151.69209999999998,null,null,null,3310.809557458563,1764.2748260700387,1864.2748260700387,1964.2748260700387,null
Mon Sep 07 19:00:00 UTC 2026,-178.48801389127897,-145.69209999999998,null,null,null,3299.327789502762,1758.101674319066,1858.101674319066,1958.1016743190658,null
Mon Sep 07 20:00:00 UTC 2026,-176.8714393696612,-152.69209999999998,null,null,null,3287.8460215469613,1751.928522568093,1851.928522568093,1951.928522568093,null
Mon Sep 07 21:00:00 UTC 2026,-158.92076317950196,-163.69209999999998,null,null,null,3276.36425359116,1745.7553708171204,1845.7553708171204,1945.7553708171204,null
Mon Sep 07 22:00:00 UTC 2026,-155.5589228166603,-177.69209999999998,null,null,null,3264.882485635359,1739.5822190661477,1839.5822190661477,1939.5822190661477,null
Mon Sep 07 23:00:00 UTC 2026,-180.9252159372321,-178.69209999999998,null,null,null,3253.400717679558,1733.409067315175,1833.4090673151748,1933.4090673151748,null
Tue Sep 08 00:00:00 UTC 2026,-163.37559831159348,-179.69209999999998,null,null,null,3241.9189497237567,1727.235915564202,1827.2359155642023,1927.235915564202,null
Tue Sep 08 01:00:00 UTC 2026,-187.22051322915988,-182.69209999999998,null,null,null,3230.4371817679557,1721.0627638132294,1821.0627638132294,1921.0627638132294,null
Tue Sep 08 02:00:00 UTC 2026,-182.97546257697195,-193.69209999999998,null,null,null,3218.955413812155,1714.8896120622567,1814.8896120622567,1914.8896120622567,null
Tue Sep 08 03:00:00 UTC 2026,-190.67137977885255,-185.69209999999998,null,null,null,3207.473645856353,1708.716460311284,1808.716460311284,1908.716460311284,null
Tue Sep 08 04:00:00 UTC 2026,-189.15000157584714,-183.69209999999998,null,null,null,3195.991877900553,1702.5433085603113,1802.543308560311,1902.543308560311,null
Tue Sep 08 05:00:00 UTC 2026,-193.69209999999998,-186.69209999999998,null,null,null,3184.510109944751,1696.3701568093384,1796.3701568093386,1896.3701568093384,null
Tue Sep 08 06:00:00 UTC 2026,1.7940796,-184.69209999999998,null,null,null,null,3173.02834198895,null,1690.1970050583657,1790.1970050583657,1890.1970050583657,null
Tue Sep 08 07:00:00 UTC 2026,1.7940796,-183.69209999999998,null,null,null,null,3161.5465740331497,null,1684.023853307393,1784.023853307393,1884.023853307393,null
Tue Sep 08 08:00:00 UTC 2026,1.7940796,-851.6921,null,null,null,null,3150.0648060773483,null,1677.85070155642,1777.8507015564203,1877.8507015564203,null
Tue Sep 08 09:00:00 UTC 2026,1.7940796,-850.6921,null,null,null,null,3138.583038121547,null,1671.6775498054476,1771.6775498054474,1871.6775498054476,null
Tue Sep 08 10:00:00 UTC 2026,1.7940796,-850.6921,null,null,null,null,3127.101270165746,null,1665.5043980544744,1765.5043980544744,1865.5043980544742,null
Tue Sep 08 11:00:00 UTC 2026,1.7940796,-850.6921,null,null,null,null,3115.6195022099446,null,1659.3312463035018,1759.3312463035015,1859.3312463035015,null
Tue Sep 08 12:00:00 UTC 2026,1.7940796,-851.6921,null,null,null,null,3104.1377342541437,null,1653.1580945525288,1753.1580945525288,1853.1580945525288,null
Tue Sep 08 13:00:00 UTC 2026,1.7940796,-850.6921,null,null,null,null,3092.6559662983427,null,1646.9849428015561,1746.9849428015564,1846.9849428015561,null
Tue Sep 08 14:00:00 UTC 2026,1.7940796,-850.6921,null,null,null,null,3081.1741983425413,null,1640.8117910505835,1740.8117910505835,1840.8117910505835,null
Tue Sep 08 15:00:00 UTC 2026,1.7940796,-852.6921,null,null,null,null,3069.69243038674,null,1634.6386392996108,1734.6386392996108,1834.6386392996108,null
Tue Sep 08 16:00:00 UTC 2026,1.7940796,-853.6921,null,null,null,null,3058.2106624309395,null,1628.465487548638,1728.4654875486378,1828.4654875486378,null
Tue Sep 08 17:00:00 UTC 2026,1.7940796,-853.6921,null,null,null,null,3046.728894475138,null,1622.2923357976651,1722.2923357976651,1822.2923357976651,null
Tue Sep 08 18:00:00 UTC 2026,1.7940796,-852.6921,null,null,null,null,3035.247126519337,null,1616.1191840466925,1716.1191840466927,1816.1191840466925,null
Tue Sep 08 19:00:00 UTC 2026,1.7940796,-852.6921,null,null,null,null,3023.7653585635358,null,1609.9460322957198,1709.9460322957198,1809.9460322957198,null
Tue Sep 08 20:00:00 UTC 2026,1.7940796,-852.6921,null,null,null,null,3012.283590607735,null,1603.772880544747,1703.772880544747,1803.772880544747,null
Tue Sep 08 21:00:00 UTC 2026,1.7940796,-851.6921,null,null,null,null,3000.801822651934,null,1597.5997287937741,1697.5997287937741,1797.5997287937741,null
Tue Sep 08 22:00:00 UTC 2026,1.7940796,-853.6921,null,null,null,null,2989.3200546961325,null,1591.4265770428017,1691.4265770428015,1791.4265770428015,null
Tue Sep 08 23:00:00 UTC 2026,1.7940796,-853.6921,null,null,null,null,2977.838286740331,null,1585.2534252918288,1685.2534252918288,1785.2534252918288,null
Wed Sep 09 00:00:00 UTC 2026,1.7940796,-853.6921,null,null,null,null,2966.3565187845306,null,1579.080273540856,1679.080273540856,1779.080273540856,null
Wed Sep 09 01:00:00 UTC 2026,1.7940796,-853.6921,null,null,null,null,2954.8747508287292,null,1572.9071217898834,1672.9071217898834,1772.9071217898834,null
Wed Sep 09 02:00:00 UTC 2026,1.7940796,-853.6921,null,null,null,null,2943.392982872928,null,1566.7339700389102,1666.7339700389102,1766.7339700389102,null
Wed Sep 09 03:00:00 UTC 2026,1.7940796,-853.6921,null,null,null,null,2931.911214917127,null,1560.5608182879375,1660.5608182879375,1760.5608182879373,null
Wed Sep 09 04:00:00 UTC 2026,1.7940796,-853.6921,null,null,null,null,2920.429446961326,null,1554.3876665369648,1654.3876665369648,1754.3876665369646,null
Wed Sep 09 05:00:00 UTC 2026,1.7940796,-853.6921,null,null,null,null,2908.9476790055246,null,1548.214514785992,1648.214514785992,1748.214514785992,null
Wed Sep 09 06:00:00 UTC 2026,1.7940796,-853.6921,null,null,null,null,2897.4659110497237,null,1542.0413630350192,1642.0413630350192,1742.0413630350192,null
Wed Sep 09 07:00:00 UTC 2026,1.7940796,-854.6921,null,null,null,null,2885.9841430939223,null,1535.8682112840465,1635.8682112840463,1735.8682112840465,null
Wed Sep 09 08:00:00 UTC 2026,1.7940796,-852.6921,null,null,null,null,2874.5023751381214,null,1529.6950595330738,1629.6950595330738,1729.6950595330738,null
Wed Sep 09 09:00:00 UTC 2026,1.7940796,-853.6921,null,null,null,null,2863.0206071823204,null,1523.5219077821012,1623.5219077821012,1723.521907782101,null
Wed Sep 09 10:00:00 UTC 2026,1.7940796,-853.6921,null,null,null,null,2851.538839226519,null,1517.3487560311282,1617.3487560311282,1717.3487560311282,null
Wed Sep 09 11:00:00 UTC 2026,1.7940796,-853.6921,null,null,null,null,2840.0570712707176,null,1511.1756042801555,1611.1756042801555,1711.1756042801555,null
Wed Sep 09 12:00:00 UTC 2026,1.7940796,-853.6921,null,null,null,null,2828.575303314917,null,1505.0024525291828,1605.0024525291828,1705.0024525291828,null
Wed Sep 09 13:00:00 UTC 2026,1.7940796,-853.6921,null,null,null,null,2817.093535359116,null,1498.82930077821,1598.8293007782102,1698.8293007782102,null
Wed Sep 09 14:00:00 UTC 2026,1.7940796,-853.6921,null,null,null,null,2805.611767403315,null,1492.6561490272375,1592.6561490272375,1692.6561490272372,null
Wed Sep 09 15:00:00 UTC 2026,1.7940796,-854.6921,null,null,null,null,2794.129999447514,null,1486.4829972762645,1586.4829972762645,1686.4829972762645,null
Wed Sep 09 16:00:00 UTC 2026,1.7940796,-853.6921,null,null,null,null,2782.648231491713,null,1480.3098455252918,1580.3098455252918,1680.3098455252918,null
Wed Sep 09 17:00:00 UTC 2026,1.7940796,-853.6921,null,null,null,null,2771.166463535912,null,1474.1366937743192,1574.136693774319,1674.1366937743192,null
Wed Sep 09 18:00:00 UTC 2026,1.7940796,-853.6921,null,null,null,null,2759.6846955801107,null,1467.963542023346,1567.963542023346,1667.963542023346,null
Wed Sep 09 19:00:00 UTC 2026,1.7940796,-852.6921,null,null,null,null,2748.2029276243093,null,1461.7903902723733,1561.7903902723733,1661.7903902723733,null
Wed Sep 09 20:00:00 UTC 2026,1.7940796,-852.6921,null,null,null,null,2736.721159668509,null,1455.6172385214006,1555.6172385214004,1655.6172385214004,null
Wed Sep 09 21:00:00 UTC 2026,1.7940796,-852.6921,null,null,null,null,2725.2393917127074,null,1449.444086770428,1549.444086770428,1649.4440867704277,null
Wed Sep 09 22:00:00 UTC 2026,1.7940796,-852.6921,null,null,null,null,2713.757623756906,null,1443.270935019455,1543.270935019455,1643.270935019455,null
Wed Sep 09 23:00:00 UTC 2026,1.7940796,-852.6921,null,null,null,null,2702.275855801105,null,1437.0977832684823,1537.0977832684823,1637.0977832684823,null
Thu Sep 10 00:00:00 UTC 2026,1.7940796,-852.6921,null,null,null,null,2690.794087845304,null,1430.9246315175096,1530.9246315175096,1630.9246315175096,null
Thu Sep 10 01:00:00 UTC 2026,1.7940796,-851.6921,null,null,null,null,2679.3123198895028,null,1424.751479766537,1524.7514797665367,1624.751479766537,null
Thu Sep 10 02:00:00 UTC 2026,1.7940796,-851.6921,null,null,null,null,2667.830551933702,null,1418.578328015564,1518.5783280155642,1618.578328015564,null
Thu Sep 10 03:00:00 UTC 2026,1.7940796,-851.6921,null,null,null,null,2656.3487839779004,null,1412.4051762645913,1512.4051762645913,1612.4051762645913,null
Thu Sep 10 04:00:00 UTC 2026,1.7940796,-852.6921,null,null,null,null,2644.867016022099,null,1406.2320245136186,1506.2320245136186,1606.2320245136186,null
Thu Sep 10 05:00:00 UTC 2026,1.7940796,-852.6921,null,null,null,null,2633.3852480662986,null,1400.058872762646,1500.058872762646,1600.058872762646,null
Thu Sep 10 06:00:00 UTC 2026,1.7940796,-852.6921,null,null,null,null,2621.903480110497,null,1393.8857210116732,1493.885721011673,1593.8857210116732,null
Thu Sep 10 07:00:00 UTC 2026,1.7940796,-851.6921,null,null,null,null,2610.421712154696,null,1387.7125692607003,1487.7125692607003,1587.7125692607003,null
Thu Sep 10 08:00:00 UTC 2026,1.7940796,-848.6921,null,null,null,null,2598.9399441988953,null,1381.5394175097276,1481.5394175097276,1581.5394175097276,null
Thu Sep 10 09:00:00 UTC 2026,1.7940796,-848.6921,null,null,null,null,2587.458176243094,null,1375.366265758755,1475.366265758755,1575.366265758755,null
Thu Sep 10 10:00:00 UTC 2026,1.7940796,-849.6921,null,null,null,null,2575.9764082872925,null,1369.1931140077818,1469.193114007782,1569.1931140077818,null
Thu Sep 10 11:00:00 UTC 2026,1.7940796,-849.6921,null,null,null,null,2564.4946403314916,null,1363.019962256809,1463.019962256809,1563.019962256809,null
Thu Sep 10 12:00:00 UTC 2026,1.7940796,-848.6921,null,null,null,null,2553.01287237569,null,1356.8468105058364,1456.8468105058364,1556.8468105058364,null
Thu Sep 10 13:00:00 UTC 2026,1.7940796,-852.6921,null,null,null,null,2541.5311044198897,null,1350.6736587548637,1450.6736587548635,1550.6736587548635,null
Thu Sep 10 14:00:00 UTC 2026,1.7940796,-853.6921,null,null,null,null,2530.0493364640884,null,1344.5005070038908,1444.5005070038908,1544.5005070038908,null
Thu Sep 10 15:00:00 UTC 2026,1.7940796,-853.6921,null,null,null,null,2518.567568508287,null,1338.327355252918,1438.327355252918,1538.327355252918,null
Thu Sep 10 16:00:00 UTC 2026,1.7940796,-853.6921,null,null,null,null,2507.0858005524865,null,1332.1542035019454,1432.1542035019454,1532.1542035019454,null
Thu Sep 10 17:00:00 UTC 2026,1.7940796,-853.6921,null,null,null,null,2495.604032596685,null,1325.9810517509727,1425.9810517509727,1525.9810517509727,null
Thu Sep 10 18:00:00 UTC 2026,1.7940796,-853.6921,null,null,null,null,2484.1222646408837,null,1319.8078999999998,1419.8078999999998,1519.8078999999998,null
Thu Sep 10 19:00:00 UTC 2026,1.7940796,-853.6921,null,null,null,null,2472.640496685083,null,1313.634748249027,1413.634748249027,1513.634748249027,null
Thu Sep 10 20:00:00 UTC 2026,1.7940796,-854.6921,null,null,null,null,2461.1587287292814,null,1307.4615964980544,1407.4615964980544,1507.4615964980544,null
Thu Sep 10 21:00:00 UTC 2026,1.7940796,-854.6921,null,null,null,null,2449.6769607734805,null,1301.2884447470817,1401.2884447470817,1501.2884447470817,null
Thu Sep 10 22:00:00 UTC 2026,1.7940796,-854.6921,null,null,null,null,2438.1951928176795,null,1295.115292996109,1395.115292996109,1495.115292996109,null
Thu Sep 10 23:00:00 UTC 2026,1.7940796,-853.6921,null,null,null,null,2426.713424861878,null,1288.9421412451359,1388.942141245136,1488.942141245136,null
Fri Sep 11 00:00:00 UTC 2026,1.7940796,-854.6921,null,null,null,null,2415.2316569060768,null,1282.7689894941634,1382.7689894941632,1482.7689894941632,null
Fri Sep 11 01:00:00 UTC 2026,1.7940796,-854.6921,null,null,null,null,2403.7498889502763,null,1276.5958377431905,1376.5958377431907,1476.5958377431905,null
Fri Sep 11 02:00:00 UTC 2026,1.7940796,-854.6921,null,null,null,null,2392.268120994475,null,1270.422685992218,1370.4226859922178,1470.4226859922178,null
Fri Sep 11 03:00:00 UTC 2026,1.7940796,-854.6921,null,null,null,null,2380.786353038674,null,1264.249534241245,1364.249534241245,1464.249534241245,null
Fri Sep 11 04:00:00 UTC 2026,1.7940796,-854.6921,null,null,null,null,2369.304585082873,null,1258.0763824902722,1358.0763824902724,1458.0763824902724,null
Fri Sep 11 05:00:00 UTC 2026,1.7940796,-854.6921,null,null,null,null,2357.822817127072,null,1251.9032307392997,1351.9032307392995,1451.9032307392997,null
Fri Sep 11 06:00:00 UTC 2026,1.7940796,-854.6921,null,null,null,null,2346.3410491712707,null,1245.7300789883268,1345.7300789883268,1445.7300789883268,null
Fri Sep 11 07:00:00 UTC 2026,1.7940796,-855.6921,null,null,null,null,2334.8592812154698,null,1239.5569272373539,1339.5569272373539,1439.5569272373539,null
Fri Sep 11 08:00:00 UTC 2026,1.7940796,-854.6921,null,null,null,null,2323.3775132596684,null,1233.3837754863812,1333.3837754863812,1433.3837754863812,null
Fri Sep 11 09:00:00 UTC 2026,1.7940796,-850.6921,null,null,null,null,2311.895745303868,null,1227.2106237354085,1327.2106237354083,1427.2106237354085,null
Fri Sep 11 10:00:00 UTC 2026,1.7940796,-850.6921,null,null,null,null,2300.4139773480665,null,1221.0374719844358,1321.0374719844356,1421.0374719844358,null
Fri Sep 11 11:00:00 UTC 2026,1.7940796,-849.6921,null,null,null,null,2288.932209392265,null,1214.8643202334629,1314.864320233463,1414.8643202334629,null
Fri Sep 11 12:00:00 UTC 2026,1.7940796,-849.6921,null,null,null,null,2277.450441436464,null,1208.6911684824902,1308.6911684824902,1408.6911684824902,null
Fri Sep 11 13:00:00 UTC 2026,1.7940796,-848.6921,null,null,null,null,2265.9686734806633,null,1202.5180167315175,1302.5180167315175,1402.5180167315175,null
Fri Sep 11 14:00:00 UTC 2026,1.7940796,-850.6921,null,null,null,null,2254.486905524862,null,1196.3448649805448,1296.3448649805448,1396.3448649805448,null
Fri Sep 11 15:00:00 UTC 2026,1.7940796,-850.6921,null,null,null,null,2243.005137569061,null,1190.1717132295717,1290.1717132295719,1390.1717132295719,null
Fri Sep 11 16:00:00 UTC 2026,1.7940796,-850.6921,null,null,null,null,2231.5233696132595,null,1183.9985614785992,1283.9985614785992,1383.9985614785992,null
Fri Sep 11 17:00:00 UTC 2026,1.7940796,-850.6921,null,null,null,null,2220.0416016574586,null,1177.8254097276263,1277.8254097276263,1377.8254097276263,null
Fri Sep 11 18:00:00 UTC 2026,1.7940796,-850.6921,null,null,null,null,2208.5598337016577,null,1171.6522579766538,1271.6522579766536,1371.6522579766536,null
Fri Sep 11 19:00:00 UTC 2026,1.7940796,-850.6921,null,null,null,null,2197.0780657458563,null,1165.4791062256809,1265.4791062256809,1365.4791062256809,null
Fri Sep 11 20:00:00 UTC 2026,1.7940796,-851.6921,null,null,null,null,2185.596297790055,null,1159.305954474708,1259.3059544747082,1359.3059544747082,null
Fri Sep 11 21:00:00 UTC 2026,1.7940796,-851.6921,null,null,null,null,2174.1145298342544,null,1153.1328027237355,1253.1328027237355,1353.1328027237355,null
Fri Sep 11 22:00:00 UTC 2026,1.7940796,-851.6921,null,null,null,null,2162.632761878453,null,1146.9596509727626,1246.9596509727626,1346.9596509727628,null
Fri Sep 11 23:00:00 UTC 2026,1.7940796,-851.6921,null,null,null,null,2151.1509939226517,null,1140.7864992217897,1240.7864992217897,1340.7864992217897,null
Sat Sep 12 00:00:00 UTC 2026,1.7940796,-851.6921,null,null,null,null,2139.6692259668507,null,1134.613347470817,1234.6133474708172,1334.613347470817,null
Sat Sep 12 01:00:00 UTC 2026,1.7940796,-851.6921,null,null,null,null,2128.18745801105,null,1128.4401957198443,1228.4401957198443,1328.4401957198443,null
Sat Sep 12 02:00:00 UTC 2026,1.7940796,-851.6921,null,null,null,null,2116.7056900552484,null,1122.2670439688716,1222.2670439688716,1322.2670439688716,null
Sat Sep 12 03:00:00 UTC 2026,1.7940796,-851.6921,null,null,null,null,2105.2239220994475,null,1116.0938922178987,1216.0938922178987,1316.0938922178989,null
Sat Sep 12 04:00:00 UTC 2026,1.7940796,-851.6921,null,null,null,null,2093.742154143646,null,1109.920740466926,1209.920740466926,1309.920740466926,null
Sat Sep 12 05:00:00 UTC 2026,1.7940796,-851.6921,null,null,null,null,2082.260386187845,null,1103.7475887159533,1203.7475887159535,1303.7475887159533,null
Sat Sep 12 06:00:00 UTC 2026,1.7940796,-851.6921,null,null,null,null,2070.778618232044,null,1097.5744369649806,1197.5744369649806,1297.5744369649806,null
Sat Sep 12 07:00:00 UTC 2026,1.7940796,-851.6921,null,null,null,null,2059.296850276243,null,1091.4012852140077,1191.4012852140077,1291.4012852140077,null
Sat Sep 12 08:00:00 UTC 2026,1.7940796,-851.6921,null,null,null,null,2047.8150823204421,null,1085.228133463035,1185.2281334630347,1285.228133463035,null
Sat Sep 12 09:00:00 UTC 2026,1.7940796,-851.6921,null,null,null,null,2036.3333143646412,null,1079.054981712062,1179.0549817120623,1279.0549817120623,null
Sat Sep 12 10:00:00 UTC 2026,1.7940796,-851.6921,null,null,null,null,2024.8515464088398,null,1072.8818299610896,1172.8818299610896,1272.8818299610894,null
Sat Sep 12 11:00:00 UTC 2026,1.7940796,-851.6921,null,null,null,null,2013.3697784530384,null,1066.7086782101167,1166.7086782101167,1266.7086782101167,null
Sat Sep 12 12:00:00 UTC 2026,1.7940796,-851.6921,null,null,null,null,2001.8880104972375,null,1060.5355264591437,1160.535526459144,1260.535526459144,null
Sat Sep 12 13:00:00 UTC 2026,1.7940796,-851.6921,null,null,null,null,1990.4062425414365,null,1054.3623747081713,1154.362374708171,1254.3623747081713,null
Sat Sep 12 14:00:00 UTC 2026,1.7940796,-851.6921,null,null,null,null,1978.9244745856352,null,1048.1892229571984,1148.1892229571984,1248.1892229571986,null
Sat Sep 12 15:00:00 UTC 2026,1.7940796,-851.6921,null,null,null,null,1967.4427066298342,null,1042.0160712062257,1142.0160712062257,1242.0160712062257,null
Sat Sep 12 16:00:00 UTC 2026,1.7940796,-851.6921,null,null,null,null,1955.9609386740333,null,1035.8429194552527,1135.8429194552527,1235.8429194552527,null
Sat Sep 12 17:00:00 UTC 2026,1.7940796,-851.6921,null,null,null,null,1944.479170718232,null,1029.66976770428,1129.66976770428,1229.66976770428,null
Sat Sep 12 18:00:00 UTC 2026,1.7940796,-851.6921,null,null,null,null,1932.997402762431,null,1023.4966159533074,1123.4966159533071,1223.4966159533074,null
Sat Sep 12 19:00:00 UTC 2026,1.7940796,-851.6921,null,null,null,null,1921.51563480663,null,1017.3234642023347,1117.3234642023347,1217.3234642023347,null
Sat Sep 12 20:00:00 UTC 2026,1.7940796,-851.6921,null,null,null,null,1910.0338668508286,null,1011.1503124513619,1111.150312451362,1211.150312451362,null
Sat Sep 12 21:00:00 UTC 2026,1.7940796,-851.6921,null,null,null,null,1898.5520988950275,null,1004.977160700389,1104.977160700389,1204.977160700389,null
Sat Sep 12 22:00:00 UTC 2026,1.7940796,-851.6921,null,null,null,null,1887.0703309392266,null,998.8040089494164,1098.8040089494164,1198.8040089494164,null
Sat Sep 12 23:00:00 UTC 2026,1.7940796,-851.6921,null,null,null,null,1875.5885629834256,null,992.6308571984433,1092.6308571984434,1192.6308571984434,null
Sun Sep 13 00:00:00 UTC 2026,1.7940796,-851.6921,null,null,null,null,1864.1067950276242,null,986.4577054474707,1086.4577054474707,1186.4577054474707,null
Sun Sep 13 01:00:00 UTC 2026,1.7940796,-851.6921,null,null,null,null,1852.6250270718233,null,980.2845536964979,1080.284553696498,1180.284553696498,null
Sun Sep 13 02:00:00 UTC 2026,1.7940796,-851.6921,null,null,null,null,1841.1432591160224,null,974.1114019455254,1074.1114019455251,1174.1114019455254,null
Sun Sep 13 03:00:00 UTC 2026,1.7940796,-851.6921,null,null,null,null,1829.661491160221,null,967.9382501945524,1067.9382501945524,1167.9382501945524,null
Sun Sep 13 04:00:00 UTC 2026,1.7940796,-851.6921,null,null,null,null,1818.17972320442,null,961.7650984435796,1061.7650984435797,1161.7650984435797,null
Sun Sep 13 05:00:00 UTC 2026,1.7940796,-851.6921,null,null,null,null,1806.6979552486187,null,955.591946692607,1055.591946692607,1155.591946692607,null
Sun Sep 13 06:00:00 UTC 2026,1.7940796,-851.6921,null,null,null,null,1795.2161872928177,null,949.4187949416341,1049.4187949416344,1149.4187949416344,null
Sun Sep 13 07:00:00 UTC 2026,1.7940796,-851.6921,null,null,null,null,1783.7344193370163,null,943.2456431906613,1043.2456431906612,1143.2456431906614,null
Sun Sep 13 08:00:00 UTC 2026,1.7940796,-851.6921,null,null,null,null,1772.2526513812154,null,937.0724914396885,1037.0724914396887,1137.0724914396887,null
Sun Sep 13 09:00:00 UTC 2026,1.7940796,-851.6921,null,null,null,null,1760.7708834254145,null,930.8993396887159,1030.8993396887158,1130.8993396887158,null
Sun Sep 13 10:00:00 UTC 2026,1.7940796,-851.6921,null,null,null,null,1749.289115469613,null,924.7261879377431,1024.7261879377431,1124.7261879377431,null
Sun Sep 13 11:00:00 UTC 2026,1.7940796,-851.6921,null,null,null,null,1737.8073475138121,null,918.5530361867704,1018.5530361867703,1118.5530361867704,null
Sun Sep 13 12:00:00 UTC 2026,1.7940796,-851.6921,null,null,null,null,1726.3255795580112,null,912.3798844357976,1012.3798844357975,1112.3798844357977,null
Sun Sep 13 13:00:00 UTC 2026,1.7940796,-851.6921,null,null,null,null,1714.8438116022098,null,906.2067326848248,1006.206732684825,1106.206732684825,null
Sun Sep 13 14:00:00 UTC 2026,1.7940796,-851.6921,null,null,null,null,1703.362043646409,null,900.0335809338522,1000.0335809338522,1100.0335809338521,null
Sun Sep 13 15:00:00 UTC 2026,1.7940796,-851.6921,null,null,null,null,1691.8802756906075,null,893.8604291828792,993.8604291828792,1093.8604291828792,null
Sun Sep 13 16:00:00 UTC 2026,1.7940796,-851.6921,null,null,null,null,1680.3985077348066,null,887.6872774319065,987.6872774319064,1087.6872774319065,null
Sun Sep 13 17:00:00 UTC 2026,1.7940796,-851.6921,null,null,null,null,1668.9167397790056,null,881.5141256809337,981.5141256809338,1081.5141256809338,null
Sun Sep 13 18:00:00 UTC 2026,1.7940796,-851.6921,null,null,null,null,1657.4349718232045,null,875.3409739299611,975.3409739299611,1075.3409739299611,null
Sun Sep 13 19:00:00 UTC 2026,1.7940796,-851.6921,null,null,null,null,1645.9532038674035,null,869.1678221789882,969.1678221789883,1069.1678221789884,null
Sun Sep 13 20:00:00 UTC 2026,1.7940796,-851.6921,null,null,null,null,1634.4714359116022,null,862.9946704280154,962.9946704280155,1062.9946704280155,null
Sun Sep 13 21:00:00 UTC 2026,1.7940796,-851.6921,null,null,null,null,1622.9896679558012,null,856.8215186770428,956.8215186770427,1056.8215186770428,null
Sun Sep 13 22:00:00 UTC 2026,1.7940796,-851.6921,null,null,null,null,1611.5079,null,850.6483669260701,950.6483669260699,1050.6483669260701,null
Sun Sep 13 23:00:00 UTC 2026,1.7940796,-851.6921,null,null,null,null,1600.026132044199,null,844.4752151750971,944.4752151750972,1044.4752151750972,null
Mon Sep 14 00:00:00 UTC 2026,1.7940796,-852.6921,null,null,null,null,1588.5443640883977,null,838.3020634241244,938.3020634241244,1038.3020634241245,null
Mon Sep 14 01:00:00 UTC 2026,1.7940796,-852.6921,null,null,null,null,1577.0625961325968,null,832.1289116731517,932.1289116731516,1032.1289116731518,null
Mon Sep 14 02:00:00 UTC 2026,1.7940796,-852.6921,null,null,null,null,1565.5808281767954,null,825.9557599221789,925.9557599221788,1025.955759922179,null
Mon Sep 14 03:00:00 UTC 2026,1.7940796,-852.6921,null,null,null,null,1554.0990602209945,null,819.7826081712062,919.7826081712062,1019.7826081712062,null
Mon Sep 14 04:00:00 UTC 2026,1.7940796,-852.6921,null,null,null,null,1542.6172922651933,null,813.6094564202334,913.6094564202335,1013.6094564202335,null
Mon Sep 14 05:00:00 UTC 2026,1.7940796,-852.6921,null,null,null,null,1531.1355243093922,null,807.4363046692607,907.4363046692607,1007.4363046692608,null
Mon Sep 14 06:00:00 UTC 2026,1.7940796,-853.6921,null,null,null,null,1519.653756353591,null,801.263152918288,901.2631529182879,1001.263152918288,null
Mon Sep 14 07:00:00 UTC 2026,1.7940796,-852.6921,null,null,null,null,1508.17198839779,null,795.090001167315,895.090001167315,995.0900011673151,null
Mon Sep 14 08:00:00 UTC 2026,1.7940796,-852.6921,null,null,null,null,1496.690220441989,null,788.9168494163423,888.9168494163423,988.9168494163424,null
Mon Sep 14 09:00:00 UTC 2026,1.7940796,-853.6921,null,null,null,null,1485.2084524861878,null,782.7436976653696,882.7436976653696,982.7436976653696,null
Mon Sep 14 10:00:00 UTC 2026,1.7940796,-853.6921,null,null,null,null,1473.7266845303866,null,776.5705459143968,876.5705459143968,976.5705459143968,null
Mon Sep 14 11:00:00 UTC 2026,1.7940796,-852.6921,null,null,null,null,1462.2449165745857,null,770.397394163424,870.3973941634241,970.397394163424,null
Mon Sep 14 12:00:00 UTC 2026,1.7940796,-853.6921,null,null,null,null,1450.7631486187843,null,764.2242424124513,864.2242424124513,964.2242424124513,null
Mon Sep 14 13:00:00 UTC 2026,1.7940796,-854.6921,null,null,null,null,1439.2813806629836,null,758.0510906614786,858.0510906614785,958.0510906614786,null
Mon Sep 14 14:00:00 UTC 2026,1.7940796,-854.6921,null,null,null,null,1427.7996127071824,null,751.8779389105059,851.8779389105059,951.8779389105058,null
Mon Sep 14 15:00:00 UTC 2026,1.7940796,-855.6921,null,null,null,null,1416.317844751381,null,745.704787159533,845.704787159533,945.7047871595329,null
Mon Sep 14 16:00:00 UTC 2026,1.7940796,-854.6921,null,null,null,null,1404.83607679558,null,739.5316354085602,839.5316354085602,939.5316354085602,null
Mon Sep 14 17:00:00 UTC 2026,1.7940796,-854.6921,null,null,null,null,1393.3543088397792,null,733.3584836575875,833.3584836575874,933.3584836575874,null
Mon Sep 14 18:00:00 UTC 2026,1.7940796,-853.6921,null,null,null,null,1381.872540883978,null,727.1853319066147,827.1853319066147,927.1853319066147,null
Mon Sep 14 19:00:00 UTC 2026,1.7940796,-853.6921,null,null,null,null,1370.3907729281766,null,721.012180155642,821.012180155642,921.012180155642,null
Mon Sep 14 20:00:00 UTC 2026,1.7940796,-853.6921,null,null,null,null,1358.9090049723757,null,714.8390284046693,814.8390284046693,914.8390284046692,null
Mon Sep 14 21:00:00 UTC 2026,1.7940796,-854.6921,null,null,null,null,1347.4272370165747,null,708.6658766536965,808.6658766536965,908.6658766536965,null
Mon Sep 14 22:00:00 UTC 2026,1.7940796,-854.6921,null,null,null,null,1335.9454690607733,null,702.4927249027238,802.4927249027237,902.4927249027238,null
Mon Sep 14 23:00:00 UTC 2026,1.7940796,-853.6921,null,null,null,null,1324.4637011049722,null,696.3195731517509,796.3195731517508,896.3195731517508,null
Tue Sep 15 00:00:00 UTC 2026,1.7940796,-853.6921,null,null,null,null,1312.9819331491713,null,690.1464214007781,790.1464214007782,890.1464214007781,null
Tue Sep 15 01:00:00 UTC 2026,1.7940796,-854.6921,null,null,null,null,1301.5001651933699,null,683.9732696498054,783.9732696498054,883.9732696498054,null
Tue Sep 15 02:00:00 UTC 2026,1.7940796,-854.6921,null,null,null,null,1290.018397237569,null,677.8001178988326,777.8001178988326,877.8001178988326,null
Tue Sep 15 03:00:00 UTC 2026,1.7940796,-854.6921,null,null,null,null,1278.5366292817678,null,671.6269661478598,771.6269661478599,871.6269661478599,null
Tue Sep 15 04:00:00 UTC 2026,1.7940796,-854.6921,null,null,null,null,1267.054861325967,null,665.4538143968871,765.4538143968871,865.4538143968871,null
Tue Sep 15 05:00:00 UTC 2026,1.7940796,-854.6921,null,null,null,null,1255.5730933701657,null,659.2806626459144,759.2806626459144,859.2806626459144,null
Tue Sep 15 06:00:00 UTC 2026,1.7940796,-855.6921,null,null,null,null,1244.0913254143647,null,653.1075108949417,753.1075108949417,853.1075108949417,null
Tue Sep 15 07:00:00 UTC 2026,1.7940796,-853.6921,null,null,null,null,1232.6095574585634,null,646.9343591439688,746.9343591439688,846.9343591439687,null
Tue Sep 15 08:00:00 UTC 2026,1.7940796,-853.6921,null,null,null,null,1221.1277895027624,null,640.7612073929961,740.761207392996,840.761207392996,null
Tue Sep 15 09:00:00 UTC 2026,1.7940796,-853.6921,null,null,null,null,1209.6460215469613,null,634.5880556420233,734.5880556420232,834.5880556420233,null
Tue Sep 15 10:00:00 UTC 2026,1.7940796,-854.6921,null,null,null,null,1198.1642535911603,null,628.4149038910506,728.4149038910506,828.4149038910505,null
Tue Sep 15 11:00:00 UTC 2026,1.7940796,-853.6921,null,null,null,null,1186.682485635359,null,622.2417521400778,722.2417521400778,822.2417521400778,null
Tue Sep 15 12:00:00 UTC 2026,1.7940796,-854.6921,null,null,null,null,1175.200717679558,null,616.0686003891051,716.0686003891051,816.0686003891051,null
Tue Sep 15 13:00:00 UTC 2026,1.7940796,-855.6921,null,null,null,null,1163.7189497237569,null,609.8954486381323,709.8954486381323,809.8954486381323,null
Tue Sep 15 14:00:00 UTC 2026,1.7940796,-856.6921,null,null,null,null,1152.237181767956,null,603.7222968871596,703.7222968871595,803.7222968871596,null
Tue Sep 15 15:00:00 UTC 2026,1.7940796,-856.6921,null,null,null,null,1140.7554138121545,null,597.5491451361867,697.5491451361867,797.5491451361867,null
Tue Sep 15 16:00:00 UTC 2026,1.7940796,-857.6921,null,null,null,null,1129.2736458563536,null,591.3759933852139,691.375993385214,791.3759933852139,null
Tue Sep 15 17:00:00 UTC 2026,1.7940796,-857.6921,null,null,null,null,1117.7918779005524,null,585.2028416342412,685.2028416342412,785.2028416342412,null
Tue Sep 15 18:00:00 UTC 2026,1.7940796,-857.6921,null,null,null,null,1106.3101099447513,null,579.0296898832685,679.0296898832684,779.0296898832685,null
Tue Sep 15 19:00:00 UTC 2026,1.7940796,-857.6921,null,null,null,null,1094.8283419889501,null,572.8565381322957,672.8565381322957,772.8565381322957,null
Tue Sep 15 20:00:00 UTC 2026,1.7940796,-858.6921,null,null,null,null,1083.3465740331492,null,566.6833863813229,666.683386381323,766.683386381323,null
Tue Sep 15 21:00:00 UTC 2026,1.7940796,-858.6921,null,null,null,null,1071.864806077348,null,560.5102346303502,660.5102346303502,760.5102346303502,null
Tue Sep 15 22:00:00 UTC 2026,1.7940796,-858.6921,null,null,null,null,1060.383038121547,null,554.3370828793775,654.3370828793775,754.3370828793775,null
Tue Sep 15 23:00:00 UTC 2026,1.7940796,-858.6921,null,null,null,null,1048.9012701657457,null,548.1639311284046,648.1639311284046,748.1639311284046,null
Wed Sep 16 00:00:00 UTC 2026,1.7940796,-858.6921,null,null,null,null,1037.4195022099448,null,541.9907793774319,641.9907793774319,741.9907793774317,null
Wed Sep 16 01:00:00 UTC 2026,1.7940796,-859.6921,null,null,null,null,1025.9377342541434,null,535.8176276264591,635.8176276264591,735.8176276264591,null
Wed Sep 16 02:00:00 UTC 2026,1.7940796,-858.6921,null,null,null,null,1014.4559662983426,null,529.6444758754864,629.6444758754864,729.6444758754864,null
Wed Sep 16 03:00:00 UTC 2026,1.7940796,-859.6921,null,null,null,null,1002.9741983425415,null,523.4713241245136,623.4713241245136,723.4713241245136,null
Wed Sep 16 04:00:00 UTC 2026,1.7940796,-859.6921,null,null,null,null,991.4924303867404,null,517.2981723735409,617.2981723735409,717.2981723735409,null
Wed Sep 16 05:00:00 UTC 2026,1.7940796,-858.6921,null,null,null,null,980.0106624309392,null,511.125020622568,611.125020622568,711.1250206225681,null
Wed Sep 16 06:00:00 UTC 2026,1.7940796,-858.6921,null,null,null,null,968.5288944751383,null,504.95186887159525,604.9518688715954,704.9518688715953,null
Wed Sep 16 07:00:00 UTC 2026,1.7940796,-860.6921,null,null,null,null,957.0471265193369,null,498.77871712062256,598.7787171206226,698.7787171206226,null
Wed Sep 16 08:00:00 UTC 2026,1.7940796,-859.6921,null,null,null,null,945.5653585635359,null,492.60556536964987,592.6055653696498,692.6055653696499,null
Wed Sep 16 09:00:00 UTC 2026,1.7940796,-862.6921,null,null,null,null,934.0835906077348,null,486.432413618677,586.432413618677,686.432413618677,null
Wed Sep 16 10:00:00 UTC 2026,1.7940796,-859.6921,null,null,null,null,922.6018226519338,null,480.25926186770425,580.2592618677043,680.2592618677043,null
Wed Sep 16 11:00:00 UTC 2026,1.7940796,-862.6921,null,null,null,null,911.1200546961325,null,474.08611011673145,574.0861101167316,674.0861101167314,null
Wed Sep 16 12:00:00 UTC 2026,1.7940796,-863.6921,null,null,null,null,899.6382867403315,null,467.9129583657587,567.9129583657588,667.9129583657588,null
Wed Sep 16 13:00:00 UTC 2026,1.7940796,-863.6921,null,null,null,null,888.1565187845304,null,461.7398066147859,561.739806614786,661.739806614786,null
Wed Sep 16 14:00:00 UTC 2026,1.7940796,-864.6921,null,null,null,null,876.6747508287293,null,455.56665486381314,555.5666548638131,655.5666548638131,null
Wed Sep 16 15:00:00 UTC 2026,1.7940796,-864.6921,null,null,null,null,865.1929828729282,null,449.39350311284045,549.3935031128403,649.3935031128404,null
Wed Sep 16 16:00:00 UTC 2026,1.7940796,-864.6921,null,null,null,null,853.7112149171272,null,443.22035136186776,543.2203513618678,643.2203513618678,null
Wed Sep 16 17:00:00 UTC 2026,1.7940796,-864.6921,null,null,null,null,842.2294469613258,null,437.0471996108949,537.0471996108948,637.0471996108948,null
Wed Sep 16 18:00:00 UTC 2026,1.7940796,-864.6921,null,null,null,null,830.7476790055249,null,430.87404785992214,530.8740478599221,630.8740478599221,null
Wed Sep 16 19:00:00 UTC 2026,1.7940796,-862.6921,null,null,null,null,819.2659110497237,null,424.70089610894934,524.7008961089493,624.7008961089495,null
Wed Sep 16 20:00:00 UTC 2026,1.7940796,-863.6921,null,null,null,null,807.7841430939227,null,418.52774435797664,518.5277443579766,618.5277443579766,null
Wed Sep 16 21:00:00 UTC 2026,1.7940796,-864.6921,null,null,null,null,796.3023751381215,null,412.3545926070038,512.3545926070038,612.3545926070038,null
Wed Sep 16 22:00:00 UTC 2026,1.7940796,-863.6921,null,null,null,null,784.8206071823206,null,406.18144085603103,506.18144085603114,606.1814408560311,null
Wed Sep 16 23:00:00 UTC 2026,1.7940796,-864.6921,null,null,null,null,773.3388392265192,null,400.00828910505834,500.00828910505834,600.0082891050583,null
Thu Sep 17 00:00:00 UTC 2026,1.7940796,-863.6921,null,null,null,null,761.8570712707183,null,393.83513735408565,493.8351373540856,593.8351373540856,null
Thu Sep 17 01:00:00 UTC 2026,1.7940796,-863.6921,null,null,null,null,750.3753033149171,null,387.66198560311284,487.6619856031128,587.6619856031128,null
Thu Sep 17 02:00:00 UTC 2026,1.7940796,-863.6921,null,null,null,null,738.893535359116,null,381.4888338521401,481.48883385214003,581.48883385214,null
Thu Sep 17 03:00:00 UTC 2026,1.7940796,-861.6921,null,null,null,null,727.411767403315,null,375.31568210116734,475.31568210116734,575.3156821011673,null
Thu Sep 17 04:00:00 UTC 2026,1.7940796,-862.6921,null,null,null,null,715.9299994475136,null,369.14253035019453,469.14253035019453,569.1425303501945,null
Thu Sep 17 05:00:00 UTC 2026,1.7940796,-862.6921,null,null,null,null,704.4482314917127,null,362.96937859922167,462.9693785992217,562.9693785992217,null
Thu Sep 17 06:00:00 UTC 2026,1.7940796,-862.6921,null,null,null,null,692.9664635359115,null,356.7962268482489,456.796226848249,556.796226848249,null
Thu Sep 17 07:00:00 UTC 2026,1.7940796,-862.6921,null,null,null,null,681.4846955801105,null,350.6230750972762,450.6230750972762,550.6230750972762,null
Thu Sep 17 08:00:00 UTC 2026,1.7940796,-862.6921,null,null,null,null,670.0029276243093,null,344.44992334630354,444.44992334630354,544.4499233463035,null
Thu Sep 17 09:00:00 UTC 2026,1.7940796,-864.6921,null,null,null,null,658.5211596685082,null,338.2767715953307,438.2767715953306,538.2767715953307,null
Thu Sep 17 10:00:00 UTC 2026,1.7940796,-865.6921,null,null,null,null,647.0393917127072,null,332.103619844358,432.1036198443579,532.1036198443579,null
Thu Sep 17 11:00:00 UTC 2026,1.7940796,-865.6921,null,null,null,null,635.5576237569061,null,325.93046809338523,425.9304680933852,525.9304680933852,null
Thu Sep 17 12:00:00 UTC 2026,1.7940796,-865.6921,null,null,null,null,624.0758558011049,null,319.7573163424124,419.75731634241254,519.7573163424125,null
Thu Sep 17 13:00:00 UTC 2026,1.7940796,-864.6921,null,null,null,null,612.5940878453039,null,313.5841645914396,413.5841645914396,513.5841645914396,null
Thu Sep 17 14:00:00 UTC 2026,1.7940796,-864.6921,null,null,null,null,601.1123198895027,null,307.41101284046687,407.4110128404669,507.4110128404669,null
Thu Sep 17 15:00:00 UTC 2026,1.7940796,-863.6921,null,null,null,null,589.6305519337018,null,301.2378610894941,401.2378610894942,501.2378610894942,null
Thu Sep 17 16:00:00 UTC 2026,1.7940796,-863.6921,null,null,null,null,578.1487839779006,null,295.0647093385214,395.0647093385214,495.0647093385214,null
Thu Sep 17 17:00:00 UTC 2026,1.7940796,-862.6921,null,null,null,null,566.6670160220995,null,288.8915575875486,388.8915575875486,488.8915575875486,null
Thu Sep 17 18:00:00 UTC 2026,1.7940796,-863.6921,null,null,null,null,555.1852480662984,null,282.71840583657587,382.7184058365758,482.71840583657587,null
Thu Sep 17 19:00:00 UTC 2026,1.7940796,-863.6921,null,null,null,null,543.7034801104973,null,276.54525408560306,376.5452540856031,476.5452540856031,null
Thu Sep 17 20:00:00 UTC 2026,1.7940796,-863.6921,null,null,null,null,532.2217121546962,null,270.37210233463037,370.3721023346303,470.3721023346304,null
Thu Sep 17 21:00:00 UTC 2026,1.7940796,-863.6921,null,null,null,null,520.739944198895,null,264.1989505836575,364.1989505836575,464.19895058365756,null
Thu Sep 17 22:00:00 UTC 2026,1.7940796,-863.6921,null,null,null,null,509.25817624309394,null,258.0257988326848,358.0257988326848,458.0257988326848,null
Thu Sep 17 23:00:00 UTC 2026,1.7940796,-862.6921,null,null,null,null,497.7764082872929,null,251.85264708171204,351.85264708171206,451.852647081712,null
Fri Sep 18 00:00:00 UTC 2026,1.7940796,-863.6921,null,null,null,null,486.2946403314918,null,245.67949533073931,345.6794953307393,445.6794953307393,null
Fri Sep 18 01:00:00 UTC 2026,1.7940796,-863.6921,null,null,null,null,474.8128723756905,null,239.50634357976648,339.5063435797665,439.50634357976645,null
Fri Sep 18 02:00:00 UTC 2026,1.7940796,-863.6921,null,null,null,null,463.3311044198896,null,233.33319182879376,333.3331918287937,433.3331918287937,null
Fri Sep 18 03:00:00 UTC 2026,1.7940796,-862.6921,null,null,null,null,451.8493364640883,null,227.16004007782098,327.160040077821,427.160040077821,null
Fri Sep 18 04:00:00 UTC 2026,1.7940796,-862.6921,null,null,null,null,440.3675685082874,null,220.98688832684826,320.98688832684826,420.98688832684826,null
Fri Sep 18 05:00:00 UTC 2026,1.7940796,-862.6921,null,null,null,null,428.8858005524861,null,214.81373657587542,314.8137365758754,414.8137365758754,null
Fri Sep 18 06:00:00 UTC 2026,1.7940796,-862.6921,null,null,null,null,417.404032596685,null,208.64058482490273,308.6405848249027,408.6405848249027,null
Fri Sep 18 07:00:00 UTC 2026,1.7940796,-862.6921,null,null,null,null,405.92226464088395,null,202.46743307392995,302.46743307393,402.46743307392995,null
Fri Sep 18 08:00:00 UTC 2026,1.7940796,-862.6921,null,null,null,null,394.4404966850828,null,196.29428132295723,296.2942813229572,396.2942813229572,null
Fri Sep 18 09:00:00 UTC 2026,1.7940796,-861.6921,null,null,null,null,382.95872872928175,null,190.1211295719844,290.1211295719844,390.1211295719844,null
Fri Sep 18 10:00:00 UTC 2026,1.7940796,-861.6921,null,null,null,null,371.4769607734806,null,183.94797782101168,283.9479778210116,383.94797782101165,null
Fri Sep 18 11:00:00 UTC 2026,1.7940796,-861.6921,null,null,null,null,359.9951928176794,null,177.77482607003887,277.7748260700389,377.7748260700389,null
Fri Sep 18 12:00:00 UTC 2026,1.7940796,-860.6921,null,null,null,null,348.51342486187843,null,171.60167431906615,271.60167431906615,371.60167431906615,null
Fri Sep 18 13:00:00 UTC 2026,1.7940796,-860.6921,null,null,null,null,337.0316569060773,null,165.4285225680933,265.4285225680933,365.4285225680933,null
Fri Sep 18 14:00:00 UTC 2026,1.7940796,-861.6921,null,null,null,null,325.5498889502762,null,159.2553708171206,259.2553708171206,359.2553708171206,null
Fri Sep 18 15:00:00 UTC 2026,1.7940796,-861.6921,null,null,null,null,314.0681209944751,null,153.08221906614781,253.08221906614787,353.08221906614784,null
Fri Sep 18 16:00:00 UTC 2026,1.7940796,-860.6921,null,null,null,null,302.58635303867396,null,146.9090673151751,246.9090673151751,346.9090673151751,null
Fri Sep 18 17:00:00 UTC 2026,1.7940796,-860.6921,null,null,null,null,291.1045850828729,null,140.7359155642023,240.73591556420232,340.7359155642023,null
Fri Sep 18 18:00:00 UTC 2026,1.7940796,-860.6921,null,null,null,null,279.6228171270718,null,134.56276381322957,234.5627638132295,334.56276381322954,null
Fri Sep 18 19:00:00 UTC 2026,1.7940796,-860.6921,null,null,null,null,268.14104917127077,null,128.3896120622568,228.3896120622568,328.3896120622568,null
Fri Sep 18 20:00:00 UTC 2026,1.7940796,-860.6921,null,null,null,null,256.6592812154696,null,122.21646031128401,222.216460311284,322.21646031128404,null
Fri Sep 18 21:00:00 UTC 2026,1.7940796,-860.6921,null,null,null,null,245.17751325966844,null,116.04330856031129,216.0433085603113,316.0433085603113,null
Fri Sep 18 22:00:00 UTC 2026,1.7940796,-860.6921,null,null,null,null,233.6957453038674,null,109.87015680933851,209.8701568093385,309.8701568093385,null
Fri Sep 18 23:00:00 UTC 2026,1.7940796,-860.6921,null,null,null,null,222.2139773480663,null,103.69700505836573,203.6970050583658,303.6970050583658,null
Sat Sep 19 00:00:00 UTC 2026,1.7940796,-860.6921,null,null,null,null,210.73220939226525,null,97.52385330739295,197.52385330739298,297.523853307393,null
Sat Sep 19 01:00:00 UTC 2026,1.7940796,-860.6921,null,null,null,null,199.2504414364641,null,91.35070155642023,191.3507015564202,291.35070155642023,null
Sat Sep 19 02:00:00 UTC 2026,1.7940796,-860.6921,null,null,null,null,187.76867348066293,null,85.17754980544746,185.17754980544743,285.1775498054474,null
Sat Sep 19 03:00:00 UTC 2026,1.7940796,-860.6921,null,null,null,null,176.28690552486188,null,79.00439805447468,179.00439805447468,279.00439805447473,null
Sat Sep 19 04:00:00 UTC 2026,1.7940796,-860.6921,null,null,null,null,164.80513756906072,null,72.8312463035019,172.8312463035019,272.8312463035019,null
Sat Sep 19 05:00:00 UTC 2026,1.7940796,-860.6921,null,null,null,null,153.32336961325962,null,66.65809455252918,166.65809455252918,266.6580945525292,null
Sat Sep 19 06:00:00 UTC 2026,1.7940796,-860.6921,null,null,null,null,141.84160165745857,null,60.4849428015564,160.4849428015564,260.4849428015564,null
Sat Sep 19 07:00:00 UTC 2026,1.7940796,-860.6921,null,null,null,null,130.35983370165752,null,54.31179105058368,154.31179105058368,254.31179105058368,null
Sat Sep 19 08:00:00 UTC 2026,1.7940796,-860.6921,null,null,null,null,118.87806574585636,null,48.138639299610844,148.1386392996109,248.13863929961087,null
Sat Sep 19 09:00:00 UTC 2026,1.7940796,-860.6921,null,null,null,null,107.3962977900552,null,41.96548754863812,141.9654875486381,241.96548754863815,null
Sat Sep 19 10:00:00 UTC 2026,1.7940796,-860.6921,null,null,null,null,95.9145298342541,null,35.792335797665345,135.79233579766532,235.79233579766537,null
Sat Sep 19 11:00:00 UTC 2026,1.7940796,-860.6921,null,null,null,null,84.4327618784531,null,29.619184046692624,129.6191840466926,229.61918404669262,null
Sat Sep 19 12:00:00 UTC 2026,1.7940796,-860.6921,null,null,null,null,72.95099392265195,null,23.44603229571979,123.44603229571982,223.44603229571982,null
Sat Sep 19 13:00:00 UTC 2026,1.7940796,-860.6921,null,null,null,null,61.4692259668509,null,17.272880544747096,117.2728805447471,217.2728805447471,null
Sat Sep 19 14:00:00 UTC 2026,1.7940796,-860.6921,null,null,null,null,49.98745801104974,null,11.099728793774318,111.09972879377432,211.09972879377432,null
Sat Sep 19 15:00:00 UTC 2026,1.7940796,-860.6921,null,null,null,null,38.505690055248635,null,4.9265770428015685,104.9265770428016,204.92657704280157,null
Sat Sep 19 16:00:00 UTC 2026,1.7940796,-860.6921,null,null,null,null,27.02392209944753,null,-1.2465747081712095,98.75342529182876,198.7534252918288,null
Sat Sep 19 17:00:00 UTC 2026,1.7940796,-860.6921,null,null,null,null,15.542154143646485,null,-7.419726459143959,92.58027354085604,192.580273540856,null
Sat Sep 19 18:00:00 UTC 2026,1.7940796,-860.6921,null,null,null,null,4.060386187845268,null,-13.592878210116737,86.40712178988326,186.40712178988323,null
Sat Sep 19 19:00:00 UTC 2026,1.7940796,-860.6921,null,null,null,null,-7.421381767955836,null,-19.766029961089515,80.23397003891048,180.2339700389105,null
Sat Sep 19 20:00:00 UTC 2026,1.7940796,-860.6921,null,null,null,null,-18.90314972375694,null,-25.939181712062293,74.0608182879377,174.0608182879377,null
Sat Sep 19 21:00:00 UTC 2026,1.7940796,-860.6921,null,null,null,null,-30.384917679558043,null,-32.11233346303504,67.88766653696499,167.88766653696499,null
Sat Sep 19 22:00:00 UTC 2026,1.7940796,-860.6921,null,null,null,null,-41.86668563535909,null,-38.28548521400782,61.71451478599221,161.71451478599218,null
Sat Sep 19 23:00:00 UTC 2026,1.7940796,-860.6921,null,null,null,null,-53.34845359116025,null,-44.45863696498057,55.54136303501946,155.54136303501946,null
Sun Sep 20 00:00:00 UTC 2026,1.7940796,-860.6921,null,null,null,null,-64.83022154696135,null,-50.63178871595332,49.36821128404668,149.36821128404665,null
Sun Sep 20 01:00:00 UTC 2026,1.7940796,-860.6921,null,null,null,null,-76.31198950276246,null,-56.80494046692607,43.19505953307393,143.19505953307393,null
Sun Sep 20 02:00:00 UTC 2026,1.7940796,-860.6921,null,null,null,null,-87.79375745856356,null,-62.97809221789885,37.02190778210115,137.02190778210115,null
Sun Sep 20 03:00:00 UTC 2026,1.7940796,-860.6921,null,null,null,null,-99.27552541436467,null,-69.1512439688716,30.848756031128403,130.8487560311284,null
Sun Sep 20 04:00:00 UTC 2026,1.7940796,-860.6921,null,null,null,null,-110.75729337016577,null,-75.32439571984435,24.675604280155653,124.67560428015565,null
Sun Sep 20 05:00:00 UTC 2026,1.7940796,-860.6921,null,null,null,null,-122.23906132596687,null,-81.49754747081712,18.502452529182904,118.50245252918289,null
Sun Sep 20 06:00:00 UTC 2026,1.7940796,-860.6921,null,null,null,null,-133.72082928176792,null,-87.67069922178987,12.329300778210126,112.32930077821013,null
Sun Sep 20 07:00:00 UTC 2026,1.7940796,-860.6921,null,null,null,null,-145.20259723756902,null,-93.84385097276265,6.156149027237376,106.15614902723738,null
Sun Sep 20 08:00:00 UTC 2026,1.7940796,-860.6921,null,null,null,null,-156.68436519337018,null,-100.0170027237354,-0.017002723735402014,99.9829972762646,null
Sun Sep 20 09:00:00 UTC 2026,1.7940796,-860.6921,null,null,null,null,-168.16613314917123,null,-106.19015447470815,-6.190154474708152,93.80984552529185,null
Sun Sep 20 10:00:00 UTC 2026,1.7940796,-860.6921,null,null,null,null,-179.64790110497233,null,-112.3633062256809,-12.36330622568093,87.63669377431908,null
Sun Sep 20 11:00:00 UTC 2026,1.7940796,-860.6921,null,null,null,null,-191.12966906077344,null,-118.53645797665368,-18.536457976653708,81.46354202334632,null
Sun Sep 20 12:00:00 UTC 2026,1.7940796,-860.6921,null,null,null,null,-202.61143701657454,null,-124.70960972762646,-24.709609727626457,75.29039027237356,null
Sun Sep 20 13:00:00 UTC 2026,1.7940796,-860.6921,null,null,null,null,-214.09320497237567,null,-130.8827614785992,-30.882761478599207,69.1172385214008,null
Sun Sep 20 14:00:00 UTC 2026,1.7940796,-860.6921,null,null,null,null,-225.57497292817678,null,-137.05591322957198,-37.05591322957197,62.94408677042802,null
Sun Sep 20 15:00:00 UTC 2026,1.7940796,-860.6921,null,null,null,null,-237.05674088397788,null,-143.2290649805447,-43.229064980544734,56.770935019455266,null
Sun Sep 20 16:00:00 UTC 2026,1.7940796,-860.6921,null,null,null,null,-248.53850883977898,null,-149.4022167315175,-49.402216731517484,50.5977832684825,null
Sun Sep 20 17:00:00 UTC 2026,1.7940796,-860.6921,null,null,null,null,-260.0202767955801,null,-155.57536848249026,-55.575368482490276,44.42463151750974,null
Sun Sep 20 18:00:00 UTC 2026,1.7940796,-860.6921,null,null,null,null,-271.5020447513812,null,-161.74852023346304,-61.748520233463026,38.251479766536974,null
Sun Sep 20 19:00:00 UTC 2026,1.7940796,-860.6921,null,null,null,null,-282.9838127071823,null,-167.92167198443576,-67.92167198443579,32.07832801556421,null
Sun Sep 20 20:00:00 UTC 2026,1.7940796,-860.6921,null,null,null,null,-294.4655806629835,null,-174.09482373540857,-74.09482373540854,25.90517626459146,null
Sun Sep 20 21:00:00 UTC 2026,1.7940796,-861.6921,null,null,null,null,-305.94734861878453,null,-180.26797548638132,-80.2679754863813,19.732024513618697,null
Sun Sep 20 22:00:00 UTC 2026,1.7940796,-861.6921,null,null,null,null,-317.4291165745856,null,-186.44112723735407,-86.44112723735405,13.558872762645933,null
Sun Sep 20 23:00:00 UTC 2026,1.7940796,-860.6921,null,null,null,null,-328.91088453038674,null,-192.61427898832682,-92.61427898832684,7.385721011673169,null
Mon Sep 21 00:00:00 UTC 2026,1.7940796,-861.6921,null,null,null,null,-340.39265248618784,null,-198.78743073929962,-98.7874307392996,1.2125692607004055,null
Mon Sep 21 01:00:00 UTC 2026,1.7940796,-861.6921,null,null,null,null,-351.87442044198895,null,-204.96058249027234,-104.96058249027236,-4.960582490272351,null
Mon Sep 21 02:00:00 UTC 2026,1.7940796,-861.6921,null,null,null,null,-363.35618839779005,null,-211.1337342412451,-111.13373424124512,-11.133734241245115,null
Mon Sep 21 03:00:00 UTC 2026,1.7940796,-862.6921,null,null,null,null,-374.8379563535911,null,-217.30688599221787,-117.3068859922179,-17.306885992217893,null
Mon Sep 21 04:00:00 UTC 2026,1.7940796,-861.6921,null,null,null,null,-386.3197243093922,null,-223.48003774319068,-123.48003774319065,-23.480037743190643,null
Mon Sep 21 05:00:00 UTC 2026,1.7940796,-862.6921,null,null,null,null,-397.80149226519336,null,-229.6531894941634,-129.65318949416343,-29.653189494163406,null
Mon Sep 21 06:00:00 UTC 2026,1.7940796,-862.6921,null,null,null,null,-409.28326022099446,null,-235.8263412451362,-135.82634124513618,-35.82634124513618,null
Mon Sep 21 07:00:00 UTC 2026,1.7940796,-863.6921,null,null,null,null,-420.76502817679557,null,-241.99949299610893,-141.99949299610893,-41.99949299610894,null
Mon Sep 21 08:00:00 UTC 2026,1.7940796,-863.6921,null,null,null,null,-432.24679613259667,null,-248.17264474708173,-148.1726447470817,-48.172644747081705,null
Mon Sep 21 09:00:00 UTC 2026,1.7940796,-865.6921,null,null,null,null,-443.7285640883978,null,-254.34579649805445,-154.34579649805448,-54.345796498054455,null
Mon Sep 21 10:00:00 UTC 2026,1.7940796,-865.6921,null,null,null,null,-455.2103320441989,null,-260.51894824902723,-160.51894824902723,-60.51894824902722,null
Mon Sep 21 11:00:00 UTC 2026,1.7940796,-866.6921,null,null,null,null,-466.6921,null,-266.6921,-166.69209999999998,-66.69209999999998,null
Mon Sep 21 12:00:00 UTC 2026,1.7940796,-865.6921,null,null,null,null,null,null,null,null,null,null
Mon Sep 21 13:00:00 UTC 2026,1.7940796,-865.6921,null,null,null,null,null,null,null,null,null,null
Mon Sep 21 14:00:00 UTC 2026,1.7940796,-865.6921,null,null,null,null,null,null,null,null,null,null
Mon Sep 21 15:00:00 UTC 2026,1.7940796,-865.6921,null,null,null,null,null,null,null,null,null,null
Mon Sep 21 16:00:00 UTC 2026,1.7940796,-865.6921,null,null,null,null,null,null,null,null,null,null
Mon Sep 21 17:00:00 UTC 2026,1.7940796,-863.6921,null,null,null,null,null,null,null,null,null,null
Mon Sep 21 18:00:00 UTC 2026,1.7940796,-863.6921,null,null,null,null,null,null,null,null,null,null
Mon Sep 21 19:00:00 UTC 2026,1.7940796,-863.6921,null,null,null,null,null,null,null,null,null,null
Mon Sep 21 20:00:00 UTC 2026,1.7940796,-864.6921,null,null,null,null,null,null,null,null,null,null
Mon Sep 21 21:00:00 UTC 2026,1.7940796,-864.6921,null,null,null,null,null,null,null,null,null,null
Mon Sep 21 22:00:00 UTC 2026,1.7940796,-864.6921,null,null,null,null,null,null,null,null,null,null
Mon Sep 21 23:00:00 UTC 2026,1.7940796,-863.6921,null,null,null,null,null,null,null,null,null,null
Tue Sep 22 00:00:00 UTC 2026,1.7940796,-863.6921,null,null,null,null,null,null,null,null,null,null
Tue Sep 22 01:00:00 UTC 2026,1.7940796,-863.6921,null,null,null,null,null,null,null,null,null,null
Tue Sep 22 02:00:00 UTC 2026,1.7940796,-864.6921,null,null,null,null,null,null,null,null,null,null
Tue Sep 22 03:00:00 UTC 2026,1.7940796,-863.6921,null,null,null,null,null,null,null,null,null,null
Tue Sep 22 04:00:00 UTC 2026,1.7940796,-863.6921,null,null,null,null,null,null,null,null,null,null
Tue Sep 22 05:00:00 UTC 2026,1.7940796,-864.6921,null,null,null,null,null,null,null,null,null,null
Tue Sep 22 06:00:00 UTC 2026,1.7940796,-863.6921,null,null,null,null,null,null,null,null,null,null
Tue Sep 22 07:00:00 UTC 2026,1.7940796,-863.6921,null,null,null,null,null,null,null,null,null,null
Tue Sep 22 08:00:00 UTC 2026,1.7940796,-862.6921,null,null,null,null,null,null,null,null,null,null
Tue Sep 22 09:00:00 UTC 2026,1.7940796,-863.6921,null,null,null,null,null,null,null,null,null,null
Tue Sep 22 10:00:00 UTC 2026,1.7940796,-861.6921,null,null,null,null,null,null,null,null,null,null
Tue Sep 22 11:00:00 UTC 2026,1.7940796,-862.6921,null,null,null,null,null,null,null,null,null,null
Tue Sep 22 12:00:00 UTC 2026,1.7940796,-862.6921,null,null,null,null,null,null,null,null,null,null
Tue Sep 22 13:00:00 UTC 2026,1.7940796,-862.6921,null,null,null,null,null,null,null,null,null,null
Tue Sep 22 14:00:00 UTC 2026,1.7940796,-862.6921,null,null,null,null,null,null,null,null,null,null
Tue Sep 22 15:00:00 UTC 2026,1.7940796,-863.6921,null,null,null,null,null,null,null,null,null,null
Tue Sep 22 16:00:00 UTC 2026,1.7940796,-863.6921,null,null,null,null,null,null,null,null,null,null
Tue Sep 22 17:00:00 UTC 2026,1.7940796,-863.6921,null,null,null,null,null,null,null,null,null,null
Tue Sep 22 18:00:00 UTC 2026,1.7940796,-864.6921,null,null,null,null,null,null,null,null,null,null
Tue Sep 22 19:00:00 UTC 2026,1.7940796,-863.6921,null,null,null,null,null,null,null,null,null,null
Tue Sep 22 20:00:00 UTC 2026,1.7940796,-863.6921,null,null,null,null,null,null,null,null,null,null
Tue Sep 22 21:00:00 UTC 2026,1.7940796,-864.6921,null,null,null,null,null,null,null,null,null,null
Tue Sep 22 22:00:00 UTC 2026,1.7940796,-863.6921,null,null,null,null,null,null,null,null,null,null
Tue Sep 22 23:00:00 UTC 2026,1.7940796,-863.6921,null,null,null,null,null,null,null,null,null,null
Wed Sep 23 00:00:00 UTC 2026,1.7940796,-863.6921,null,null,null,null,null,null,null,null,null,null
Wed Sep 23 01:00:00 UTC 2026,1.7940796,-863.6921,null,null,null,null,null,null,null,null,null,null
Wed Sep 23 02:00:00 UTC 2026,1.7940796,-863.6921,null,null,null,null,null,null,null,null,null,null
Wed Sep 23 03:00:00 UTC 2026,1.7940796,-863.6921,null,null,null,null,null,null,null,null,null,null
Wed Sep 23 04:00:00 UTC 2026,1.7940796,-863.6921,null,null,null,null,null,null,null,null,null,null
Wed Sep 23 05:00:00 UTC 2026,1.7940796,-863.6921,null,null,null,null,null,null,null,null,null,null
Wed Sep 23 06:00:00 UTC 2026,1.7940796,-863.6921,null,null,null,null,null,null,null,null,null,null
Wed Sep 23 07:00:00 UTC 2026,1.7940796,-863.6921,null,null,null,null,null,null,null,null,null,null
Wed Sep 23 08:00:00 UTC 2026,1.7940796,-863.6921,null,null,null,null,null,null,null,null,null,null
Wed Sep 23 09:00:00 UTC 2026,1.7940796,-862.6921,null,null,null,null,null,null,null,null,null,null
Wed Sep 23 10:00:00 UTC 2026,1.7940796,-862.6921,null,null,null,null,null,null,null,null,null,null
Wed Sep 23 11:00:00 UTC 2026,1.7940796,-862.6921,null,null,null,null,null,null,null,null,null,null
Wed Sep 23 12:00:00 UTC 2026,1.7940796,-862.6921,null,null,null,null,null,null,null,null,null,null
Wed Sep 23 13:00:00 UTC 2026,1.7940796,-862.6921,null,null,null,null,null,null,null,null,null,null
Wed Sep 23 14:00:00 UTC 2026,1.7940796,-861.6921,null,null,null,null,null,null,null,null,null,null
Wed Sep 23 15:00:00 UTC 2026,1.7940796,-862.6921,null,null,null,null,null,null,null,null,null,null
Wed Sep 23 16:00:00 UTC 2026,1.7940796,-862.6921,null,null,null,null,null,null,null,null,null,null
Wed Sep 23 17:00:00 UTC 2026,1.7940796,-862.6921,null,null,null,null,null,null,null,null,null,null
Wed Sep 23 18:00:00 UTC 2026,1.7940796,-863.6921,null,null,null,null,null,null,null,null,null,null
Wed Sep 23 19:00:00 UTC 2026,1.7940796,-863.6921,null,null,null,null,null,null,null,null,null,null
Wed Sep 23 20:00:00 UTC 2026,1.7940796,-863.6921,null,null,null,null,null,null,null,null,null,null
Wed Sep 23 21:00:00 UTC 2026,1.7940796,-862.6921,null,null,null,null,null,null,null,null,null,null
Wed Sep 23 22:00:00 UTC 2026,1.7940796,-863.6921,null,null,null,null,null,null,null,null,null,null
Wed Sep 23 23:00:00 UTC 2026,1.7940796,-863.6921,null,null,null,null,null,null,null,null,null,null
Thu Sep 24 00:00:00 UTC 2026,1.7940796,-862.6921,null,null,null,null,null,null,null,null,null,null
Thu Sep 24 01:00:00 UTC 2026,1.7940796,-862.6921,null,null,null,null,null,null,null,null,null,null
Thu Sep 24 02:00:00 UTC 2026,1.7940796,-862.6921,null,null,null,null,null,null,null,null,null,null
Thu Sep 24 03:00:00 UTC 2026,1.7940796,-863.6921,null,null,null,null,null,null,null,null,null,null
Thu Sep 24 04:00:00 UTC 2026,1.7940796,-863.6921,null,null,null,null,null,null,null,null,null,null
Thu Sep 24 05:00:00 UTC 2026,1.7940796,-862.6921,null,null,null,null,null,null,null,null,null,null
Thu Sep 24 06:00:00 UTC 2026,1.7940796,-863.6921,null,null,null,null,null,null,null,null,null,null
Thu Sep 24 07:00:00 UTC 2026,1.7940796,-863.6921,null,null,null,null,null,null,null,null,null,null
Thu Sep 24 08:00:00 UTC 2026,1.7940796,-861.6921,null,null,null,null,null,null,null,null,null,null
Thu Sep 24 09:00:00 UTC 2026,1.7940796,-860.6921,null,null,null,null,null,null,null,null,null,null
Thu Sep 24 10:00:00 UTC 2026,1.7940796,-860.6921,null,null,null,null,null,null,null,null,null,null
Thu Sep 24 11:00:00 UTC 2026,1.7940796,-859.6921,null,null,null,null,null,null,null,null,null,null
Thu Sep 24 12:00:00 UTC 2026,1.7940796,-860.6921,null,null,null,null,null,null,null,null,null,null
Thu Sep 24 13:00:00 UTC 2026,1.7940796,-860.6921,null,null,null,null,null,null,null,null,null,null
Thu Sep 24 14:00:00 UTC 2026,1.7940796,-861.6921,null,null,null,null,null,null,null,null,null,null
Thu Sep 24 15:00:00 UTC 2026,1.7940796,-861.6921,null,null,null,null,null,null,null,null,null,null
Thu Sep 24 16:00:00 UTC 2026,1.7940796,-862.6921,null,null,null,null,null,null,null,null,null,null
Thu Sep 24 17:00:00 UTC 2026,1.7940796,-861.6921,null,null,null,null,null,null,null,null,null,null
Thu Sep 24 18:00:00 UTC 2026,1.7940796,-862.6921,null,null,null,null,null,null,null,null,null,null
Thu Sep 24 19:00:00 UTC 2026,1.7940796,-862.6921,null,null,null,null,null,null,null,null,null,null
Thu Sep 24 20:00:00 UTC 2026,1.7940796,-861.6921,null,null,null,null,null,null,null,null,null,null
Thu Sep 24 21:00:00 UTC 2026,1.7940796,-862.6921,null,null,null,null,null,null,null,null,null,null
Thu Sep 24 22:00:00 UTC 2026,1.7940796,-862.6921,null,null,null,null,null,null,null,null,null,null
Thu Sep 24 23:00:00 UTC 2026,1.7940796,-862.6921,null,null,null,null,null,null,null,null,null,null
Fri Sep 25 00:00:00 UTC 2026,1.7940796,-862.6921,null,null,null,null,null,null,null,null,null,null
Fri Sep 25 01:00:00 UTC 2026,1.7940796,-861.6921,null,null,null,null,null,null,null,null,null,null
Fri Sep 25 02:00:00 UTC 2026,1.7940796,-861.6921,null,null,null,null,null,null,null,null,null,null
Fri Sep 25 03:00:00 UTC 2026,1.7940796,-862.6921,null,null,null,null,null,null,null,null,null,null
Fri Sep 25 04:00:00 UTC 2026,1.7940796,-862.6921,null,null,null,null,null,null,null,null,null,null
Fri Sep 25 05:00:00 UTC 2026,1.7940796,-862.6921,null,null,null,null,null,null,null,null,null,null
Fri Sep 25 06:00:00 UTC 2026,1.7940796,-862.6921,null,null,null,null,null,null,null,null,null,null
Fri Sep 25 07:00:00 UTC 2026,1.7940796,-862.6921,null,null,null,null,null,null,null,null,null,null
Fri Sep 25 08:00:00 UTC 2026,1.7940796,-863.6921,null,null,null,null,null,null,null,null,null,null
Fri Sep 25 09:00:00 UTC 2026,1.7940796,-863.6921,null,null,null,null,null,null,null,null,null,null
Fri Sep 25 10:00:00 UTC 2026,1.7940796,-863.6921,null,null,null,null,null,null,null,null,null,null
Fri Sep 25 11:00:00 UTC 2026,1.7940796,-863.6921,null,null,null,null,null,null,null,null,null,null
Fri Sep 25 12:00:00 UTC 2026,1.7940796,-863.6921,null,null,null,null,null,null,null,null,null,null
Fri Sep 25 13:00:00 UTC 2026,1.7940796,-863.6921,null,null,null,null,null,null,null,null,null,null
Fri Sep 25 14:00:00 UTC 2026,1.7940796,-862.6921,null,null,null,null,null,null,null,null,null,null
Fri Sep 25 15:00:00 UTC 2026,1.7940796,-863.6921,null,null,null,null,null,null,null,null,null,null
Fri Sep 25 16:00:00 UTC 2026,1.7940796,-864.6921,null,null,null,null,null,null,null,null,null,null
Fri Sep 25 17:00:00 UTC 2026,1.7940796,-864.6921,null,null,null,null,null,null,null,null,null,null
Fri Sep 25 18:00:00 UTC 2026,1.7940796,-865.6921,null,null,null,null,null,null,null,null,null,null
Fri Sep 25 19:00:00 UTC 2026,1.7940796,-865.6921,null,null,null,null,null,null,null,null,null,null
Fri Sep 25 20:00:00 UTC 2026,1.7940796,-864.6921,null,null,null,null,null,null,null,null,null,null
Fri Sep 25 21:00:00 UTC 2026,1.7940796,-864.6921,null,null,null,null,null,null,null,null,null,null
Fri Sep 25 22:00:00 UTC 2026,1.7940796,-864.6921,null,null,null,null,null,null,null,null,null,null
Fri Sep 25 23:00:00 UTC 2026,1.7940796,-864.6921,null,null,null,null,null,null,null,null,null,null
Sat Sep 26 00:00:00 UTC 2026,1.7940796,-864.6921,null,null,null,null,null,null,null,null,null,null
Sat Sep 26 01:00:00 UTC 2026,1.7940796,-864.6921,null,null,null,null,null,null,null,null,null,null
Sat Sep 26 02:00:00 UTC 2026,1.7940796,-864.6921,null,null,null,null,null,null,null,null,null,null
Sat Sep 26 03:00:00 UTC 2026,1.7940796,-864.6921,null,null,null,null,null,null,null,null,null,null
Sat Sep 26 04:00:00 UTC 2026,1.7940796,-864.6921,null,null,null,null,null,null,null,null,null,null
Sat Sep 26 05:00:00 UTC 2026,1.7940796,-864.6921,null,null,null,null,null,null,null,null,null,null
Sat Sep 26 06:00:00 UTC 2026,1.7940796,-864.6921,null,null,null,null,null,null,null,null,null,null
Sat Sep 26 07:00:00 UTC 2026,1.7940796,-864.6921,null,null,null,null,null,null,null,null,null,null
Sat Sep 26 08:00:00 UTC 2026,1.7940796,-864.6921,null,null,null,null,null,null,null,null,null,null
Sat Sep 26 09:00:00 UTC 2026,1.7940796,-864.6921,null,null,null,null,null,null,null,null,null,null
Sat Sep 26 10:00:00 UTC 2026,1.7940796,-864.6921,null,null,null,null,null,null,null,null,null,null
Sat Sep 26 11:00:00 UTC 2026,1.7940796,-864.6921,null,null,null,null,null,null,null,null,null,null
Sat Sep 26 12:00:00 UTC 2026,1.7940796,-864.6921,null,null,null,null,null,null,null,null,null,null
Sat Sep 26 13:00:00 UTC 2026,1.7940796,-864.6921,null,null,null,null,null,null,null,null,null,null
Sat Sep 26 14:00:00 UTC 2026,1.7940796,-864.6921,null,null,null,null,null,null,null,null,null,null
Sat Sep 26 15:00:00 UTC 2026,1.7940796,-864.6921,null,null,null,null,null,null,null,null,null,null
Sat Sep 26 16:00:00 UTC 2026,1.7940796,-864.6921,null,null,null,null,null,null,null,null,null,null
Sat Sep 26 17:00:00 UTC 2026,1.7940796,-864.6921,null,null,null,null,null,null,null,null,null,null
Sat Sep 26 18:00:00 UTC 2026,1.7940796,-864.6921,null,null,null,null,null,null,null,null,null,null
Sat Sep 26 19:00:00 UTC 2026,1.7940796,-864.6921,null,null,null,null,null,null,null,null,null,null
Sat Sep 26 20:00:00 UTC 2026,1.7940796,-864.6921,null,null,null,null,null,null,null,null,null,null
Sat Sep 26 21:00:00 UTC 2026,1.7940796,-864.6921,null,null,null,null,null,null,null,null,null,null
Sat Sep 26 22:00:00 UTC 2026,1.7940796,-864.6921,null,null,null,null,null,null,null,null,null,null
Sat Sep 26 23:00:00 UTC 2026,1.7940796,-864.6921,null,null,null,null,null,null,null,null,null,null
Sun Sep 27 00:00:00 UTC 2026,1.7940796,-864.6921,null,null,null,null,null,null,null,null,null,null
Sun Sep 27 01:00:00 UTC 2026,1.7940796,-864.6921,null,null,null,null,null,null,null,null,null,null
Sun Sep 27 02:00:00 UTC 2026,1.7940796,-864.6921,null,null,null,null,null,null,null,null,null,null
Sun Sep 27 03:00:00 UTC 2026,1.7940796,-864.6921,null,null,null,null,null,null,null,null,null,null
Sun Sep 27 04:00:00 UTC 2026,1.7940796,-864.6921,null,null,null,null,null,null,null,null,null,null
Sun Sep 27 05:00:00 UTC 2026,1.7940796,-864.6921,null,null,null,null,null,null,null,null,null,null
Sun Sep 27 06:00:00 UTC 2026,1.7940796,-864.6921,null,null,null,null,null,null,null,null,null,null
Sun Sep 27 07:00:00 UTC 2026,1.7940796,-864.6921,null,null,null,null,null,null,null,null,null,null
Sun Sep 27 08:00:00 UTC 2026,1.7940796,-864.6921,null,null,null,null,null,null,null,null,null,null
Sun Sep 27 09:00:00 UTC 2026,1.7940796,-864.6921,null,null,null,null,null,null,null,null,null,null
Sun Sep 27 10:00:00 UTC 2026,1.7940796,-864.6921,null,null,null,null,null,null,null,null,null,null
Sun Sep 27 11:00:00 UTC 2026,1.7940796,-864.6921,null,null,null,null,null,null,null,null,null,null
Sun Sep 27 12:00:00 UTC 2026,1.7940796,-864.6921,null,null,null,null,null,null,null,null,null,null
Sun Sep 27 13:00:00 UTC 2026,1.7940796,-864.6921,null,null,null,null,null,null,null,null,null,null
Sun Sep 27 14:00:00 UTC 2026,1.7940796,-864.6921,null,null,null,null,null,null,null,null,null,null
Sun Sep 27 15:00:00 UTC 2026,1.7940796,-864.6921,null,null,null,null,null,null,null,null,null,null
Sun Sep 27 16:00:00 UTC 2026,1.7940796,-864.6921,null,null,null,null,null,null,null,null,null,null
Sun Sep 27 17:00:00 UTC 2026,1.7940796,-864.6921,null,null,null,null,null,null,null,null,null,null
Sun Sep 27 18:00:00 UTC 2026,1.7940796,-864.6921,null,null,null,null,null,null,null,null,null,null
Sun Sep 27 19:00:00 UTC 2026,1.7940796,-864.6921,null,null,null,null,null,null,null,null,null,null
Sun Sep 27 20:00:00 UTC 2026,1.7940796,-864.6921,null,null,null,null,null,null,null,null,null,null
Sun Sep 27 21:00:00 UTC 2026,1.7940796,-864.6921,null,null,null,null,null,null,null,null,null,null
Sun Sep 27 22:00:00 UTC 2026,1.7940796,-864.6921,null,null,null,null,null,null,null,null,null,null
Sun Sep 27 23:00:00 UTC 2026,1.7940796,-864.6921,null,null,null,null,null,null,null,null,null,null
Mon Sep 28 00:00:00 UTC 2026,1.7940796,-864.6921,null,null,null,null,null,null,null,null,null,null
Mon Sep 28 01:00:00 UTC 2026,1.7940796,-864.6921,null,null,null,null,null,null,null,null,null,null
Mon Sep 28 02:00:00 UTC 2026,1.7940796,-864.6921,null,null,null,null,null,null,null,null,null,null
Mon Sep 28 03:00:00 UTC 2026,1.7940796,-864.6921,null,null,null,null,null,null,null,null,null,null
Mon Sep 28 04:00:00 UTC 2026,1.7940796,-864.6921,null,null,null,null,null,null,null,null,null,null
Mon Sep 28 05:00:00 UTC 2026,1.7940796,-865.6921,null,null,null,null,null,null,null,null,null,null
Mon Sep 28 06:00:00 UTC 2026,1.7940796,-864.6921,null,null,null,null,null,null,null,null,null,null
Mon Sep 28 07:00:00 UTC 2026,1.7940796,-864.6921,null,null,null,null,null,null,null,null,null,null
Mon Sep 28 08:00:00 UTC 2026,1.7940796,-864.6921,null,null,null,null,null,null,null,null,null,null
Mon Sep 28 09:00:00 UTC 2026,1.7940796,-864.6921,null,null,null,null,null,null,null,null,null,null
Mon Sep 28 10:00:00 UTC 2026,1.7940796,-864.6921,null,null,null,null,null,null,null,null,null,null
Mon Sep 28 11:00:00 UTC 2026,1.7940796,-864.6921,null,null,null,null,null,null,null,null,null,null
Mon Sep 28 12:00:00 UTC 2026,1.7940796,-864.6921,null,null,null,null,null,null,null,null,null,null
Mon Sep 28 13:00:00 UTC 2026,1.7940796,-863.6921,null,null,null,null,null,null,null,null,null,null
Mon Sep 28 14:00:00 UTC 2026,1.7940796,-862.6921,null,null,null,null,null,null,null,null,null,null
Mon Sep 28 15:00:00 UTC 2026,1.7940796,-862.6921,null,null,null,null,null,null,null,null,null,null
Mon Sep 28 16:00:00 UTC 2026,1.7940796,-861.6921,null,null,null,null,null,null,null,null,null,null
Mon Sep 28 17:00:00 UTC 2026,1.7940796,-862.6921,null,null,null,null,null,null,null,null,null,null
Mon Sep 28 18:00:00 UTC 2026,1.7940796,-862.6921,null,null,null,null,null,null,null,null,null,null
Mon Sep 28 19:00:00 UTC 2026,1.7940796,-862.6921,null,null,null,null,null,null,null,null,null,null
Mon Sep 28 20:00:00 UTC 2026,1.7940796,-862.6921,null,null,null,null,null,null,null,null,null,null
Mon Sep 28 21:00:00 UTC 2026,1.7940796,-862.6921,null,null,null,null,null,null,null,null,null,null
Mon Sep 28 22:00:00 UTC 2026,1.7940796,-862.6921,null,null,null,null,null,null,null,null,null,null
Mon Sep 28 23:00:00 UTC 2026,1.7940796,-862.6921,null,null,null,null,null,null,null,null,null,null
Tue Sep 29 00:00:00 UTC 2026,1.7940796,-862.6921,null,null,null,null,null,null,null,null,null,null
Tue Sep 29 01:00:00 UTC 2026,1.7940796,-862.6921,null,null,null,null,null,null,null,null,null,null
Tue Sep 29 02:00:00 UTC 2026,1.7940796,-861.6921,null,null,null,null,null,null,null,null,null,null
Tue Sep 29 03:00:00 UTC 2026,1.7940796,-860.6921,null,null,null,null,null,null,null,null,null,null
Tue Sep 29 04:00:00 UTC 2026,1.7940796,-860.6921,null,null,null,null,null,null,null,null,null,null
Tue Sep 29 05:00:00 UTC 2026,1.7940796,-860.6921,null,null,null,null,null,null,null,null,null,null
Tue Sep 29 06:00:00 UTC 2026,1.7940796,-860.6921,null,null,null,null,null,null,null,null,null,null
Tue Sep 29 07:00:00 UTC 2026,1.7940796,-859.6921,null,null,null,null,null,null,null,null,null,null
Tue Sep 29 08:00:00 UTC 2026,1.7940796,-860.6921,null,null,null,null,null,null,null,null,null,null
Tue Sep 29 09:00:00 UTC 2026,1.7940796,-860.6921,null,null,null,null,null,null,null,null,null,null
Tue Sep 29 10:00:00 UTC 2026,1.7940796,-860.6921,null,null,null,null,null,null,null,null,null,null
Tue Sep 29 11:00:00 UTC 2026,1.7940796,-860.6921,null,null,null,null,null,null,null,null,null,null
Tue Sep 29 12:00:00 UTC 2026,1.7940796,-860.6921,null,null,null,null,null,null,null,null,null,null
Tue Sep 29 13:00:00 UTC 2026,1.7940796,-860.6921,null,null,null,null,null,null,null,null,null,null
Tue Sep 29 14:00:00 UTC 2026,1.7940796,-860.6921,null,null,null,null,null,null,null,null,null,null
Tue Sep 29 15:00:00 UTC 2026,1.7940796,-859.6921,null,null,null,null,null,null,null,null,null,null
Tue Sep 29 16:00:00 UTC 2026,1.7940796,-859.6921,null,null,null,null,null,null,null,null,null,null
Tue Sep 29 17:00:00 UTC 2026,1.7940796,-859.6921,null,null,null,null,null,null,null,null,null,null
Tue Sep 29 18:00:00 UTC 2026,1.7940796,-859.6921,null,null,null,null,null,null,null,null,null,null
Tue Sep 29 19:00:00 UTC 2026,1.7940796,-859.6921,null,null,null,null,null,null,null,null,null,null
Tue Sep 29 20:00:00 UTC 2026,1.7940796,-859.6921,null,null,null,null,null,null,null,null,null,null
Tue Sep 29 21:00:00 UTC 2026,1.7940796,-859.6921,null,null,null,null,null,null,null,null,null,null
Tue Sep 29 22:00:00 UTC 2026,1.7940796,-859.6921,null,null,null,null,null,null,null,null,null,null
Tue Sep 29 23:00:00 UTC 2026,1.7940796,-859.6921,null,null,null,null,null,null,null,null,null,null
Wed Sep 30 00:00:00 UTC 2026,1.7940796,-859.6921,null,null,null,null,null,null,null,null,null,null
Wed Sep 30 01:00:00 UTC 2026,1.7940796,-859.6921,null,null,null,null,null,null,null,null,null,null
Wed Sep 30 02:00:00 UTC 2026,1.7940796,-859.6921,null,null,null,null,null,null,null,null,null,null
Wed Sep 30 03:00:00 UTC 2026,1.7940796,-859.6921,null,null,null,null,null,null,null,null,null,null
Wed Sep 30 04:00:00 UTC 2026,1.7940796,-860.6921,null,null,null,null,null,null,null,null,null,null
Wed Sep 30 05:00:00 UTC 2026,1.7940796,-860.6921,null,null,null,null,null,null,null,null,null,null
Wed Sep 30 06:00:00 UTC 2026,1.7940796,-860.6921,null,null,null,null,null,null,null,null,null,null
Wed Sep 30 07:00:00 UTC 2026,1.7940796,-860.6921,null,null,null,null,null,null,null,null,null,null
Wed Sep 30 08:00:00 UTC 2026,1.7940796,-860.6921,null,null,null,null,null,null,null,null,null,null
Wed Sep 30 09:00:00 UTC 2026,1.7940796,-860.6921,null,null,null,null,null,null,null,null,null,null
Wed Sep 30 10:00:00 UTC 2026,1.7940796,-861.6921,null,null,null,null,null,null,null,null,null,null
Wed Sep 30 11:00:00 UTC 2026,1.7940796,-861.6921,null,null,null,null,null,null,null,null,null,null
Wed Sep 30 12:00:00 UTC 2026,1.7940796,-861.6921,null,null,null,null,null,null,null,null,null,null
Wed Sep 30 13:00:00 UTC 2026,1.7940796,-860.6921,null,null,null,null,null,null,null,null,null,null
Wed Sep 30 14:00:00 UTC 2026,1.7940796,-861.6921,null,null,null,null,null,null,null,null,null,null
Wed Sep 30 15:00:00 UTC 2026,1.7940796,-860.6921,null,null,null,null,null,null,null,null,null,null
Wed Sep 30 16:00:00 UTC 2026,1.7940796,-861.6921,null,null,null,null,null,null,null,null,null,null
Wed Sep 30 17:00:00 UTC 2026,1.7940796,-861.6921,null,null,null,null,null,null,null,null,null,null
Wed Sep 30 18:00:00 UTC 2026,1.7940796,-861.6921,null,null,null,null,null,null,null,null,null,null
Wed Sep 30 19:00:00 UTC 2026,1.7940796,-860.6921,null,null,null,null,null,null,null,null,null,null
Wed Sep 30 20:00:00 UTC 2026,1.7940796,-860.6921,null,null,null,null,null,null,null,null,null,null
Wed Sep 30 21:00:00 UTC 2026,1.7940796,-860.6921,null,null,null,null,null,null,null,null,null,null
Wed Sep 30 22:00:00 UTC 2026,1.7940796,-860.6921,null,null,null,null,null,null,null,null,null,null
Wed Sep 30 23:00:00 UTC 2026,1.7940796,-860.6921,null,null,null,null,null,null,null,null,null,null
Thu Oct 01 00:00:00 UTC 2026,1.7940796,-860.6921,null,null,null,null,null,null,null,null,null,null
Thu Oct 01 01:00:00 UTC 2026,1.7940796,-860.6921,null,null,null,null,null,null,null,null,null,null
Thu Oct 01 02:00:00 UTC 2026,1.7940796,-860.6921,null,null,null,null,null,null,null,null,null,null
Thu Oct 01 03:00:00 UTC 2026,1.7940796,-860.6921,null,null,null,null,null,null,null,null,null,null
Thu Oct 01 04:00:00 UTC 2026,1.7940796,-860.6921,null,null,null,null,null,null,null,null,null,null
Thu Oct 01 05:00:00 UTC 2026,1.7940796,-860.6921,null,null,null,null,null,null,null,null,null,null
Thu Oct 01 06:00:00 UTC 2026,1.7940796,-860.6921,null,null,null,null,null,null,null,null,null,null
Thu Oct 01 07:00:00 UTC 2026,1.7940796,-860.6921,null,null,null,null,null,null,null,null,null,null
Thu Oct 01 08:00:00 UTC 2026,1.7940796,-861.6921,null,null,null,null,null,null,null,null,null,null
Thu Oct 01 09:00:00 UTC 2026,1.7940796,-861.6921,null,null,null,null,null,null,null,null,null,null
Thu Oct 01 10:00:00 UTC 2026,1.7940796,-861.6921,null,null,null,null,null,null,null,null,null,null
Thu Oct 01 11:00:00 UTC 2026,1.7940796,-861.6921,null,null,null,null,null,null,null,null,null,null
Thu Oct 01 12:00:00 UTC 2026,1.7940796,-860.6921,null,null,null,null,null,null,null,null,null,null
Thu Oct 01 13:00:00 UTC 2026,1.7940796,-861.6921,null,null,null,null,null,null,null,null,null,null
Thu Oct 01 14:00:00 UTC 2026,1.7940796,-861.6921,null,null,null,null,null,null,null,null,null,null
Thu Oct 01 15:00:00 UTC 2026,1.7940796,-861.6921,null,null,null,null,null,null,null,null,null,null
Thu Oct 01 16:00:00 UTC 2026,1.7940796,-862.6921,null,null,null,null,null,null,null,null,null,null
Thu Oct 01 17:00:00 UTC 2026,1.7940796,-862.6921,null,null,null,null,null,null,null,null,null,null
Thu Oct 01 18:00:00 UTC 2026,1.7940796,-862.6921,null,null,null,null,null,null,null,null,null,null
Thu Oct 01 19:00:00 UTC 2026,1.7940796,-862.6921,null,null,null,null,null,null,null,null,null,null
Thu Oct 01 20:00:00 UTC 2026,1.7940796,-863.6921,null,null,null,null,null,null,null,null,null,null
Thu Oct 01 21:00:00 UTC 2026,1.7940796,-863.6921,null,null,null,null,null,null,null,null,null,null
Thu Oct 01 22:00:00 UTC 2026,1.7940796,-863.6921,null,null,null,null,null,null,null,null,null,null
Thu Oct 01 23:00:00 UTC 2026,1.7940796,-862.6921,null,null,null,null,null,null,null,null,null,null
Fri Oct 02 00:00:00 UTC 2026,1.7940796,-863.6921,null,null,null,null,null,null,null,null,null,null
Fri Oct 02 01:00:00 UTC 2026,1.7940796,-863.6921,null,null,null,null,null,null,null,null,null,null
Fri Oct 02 02:00:00 UTC 2026,1.7940796,-863.6921,null,null,null,null,null,null,null,null,null,null
Fri Oct 02 03:00:00 UTC 2026,1.7940796,-863.6921,null,null,null,null,null,null,null,null,null,null
Fri Oct 02 04:00:00 UTC 2026,1.7940796,-863.6921,null,null,null,null,null,null,null,null,null,null
Fri Oct 02 05:00:00 UTC 2026,1.7940796,-863.6921,null,null,null,null,null,null,null,null,null,null
Fri Oct 02 06:00:00 UTC 2026,1.7940796,-863.6921,null,null,null,null,null,null,null,null,null,null
Fri Oct 02 07:00:00 UTC 2026,1.7940796,-863.6921,null,null,null,null,null,null,null,null,null,null
Fri Oct 02 08:00:00 UTC 2026,1.7940796,-863.6921,null,null,null,null,null,null,null,null,null,null
Fri Oct 02 09:00:00 UTC 2026,1.7940796,-863.6921,null,null,null,null,null,null,null,null,null,null
Fri Oct 02 10:00:00 UTC 2026,1.7940796,-863.6921,null,null,null,null,null,null,null,null,null,null
Fri Oct 02 11:00:00 UTC 2026,1.7940796,-862.6921,null,null,null,null,null,null,null,null,null,null
Fri Oct 02 12:00:00 UTC 2026,1.7940796,-862.6921,null,null,null,null,null,null,null,null,null,null
Fri Oct 02 13:00:00 UTC 2026,1.7940796,-863.6921,null,null,null,null,null,null,null,null,null,null
Fri Oct 02 14:00:00 UTC 2026,1.7940796,-863.6921,null,null,null,null,null,null,null,null,null,null
Fri Oct 02 15:00:00 UTC 2026,1.7940796,-863.6921,null,null,null,null,null,null,null,null,null,null
Fri Oct 02 16:00:00 UTC 2026,1.7940796,-863.6921,null,null,null,null,null,null,null,null,null,null
Fri Oct 02 17:00:00 UTC 2026,1.7940796,-862.6921,null,null,null,null,null,null,null,null,null,null
Fri Oct 02 18:00:00 UTC 2026,1.7940796,-862.6921,null,null,null,null,null,null,null,null,null,null
Fri Oct 02 19:00:00 UTC 2026,1.7940796,-863.6921,null,null,null,null,null,null,null,null,null,null
Fri Oct 02 20:00:00 UTC 2026,1.7940796,-863.6921,null,null,null,null,null,null,null,null,null,null
Fri Oct 02 21:00:00 UTC 2026,1.7940796,-863.6921,null,null,null,null,null,null,null,null,null,null
Fri Oct 02 22:00:00 UTC 2026,1.7940796,-863.6921,null,null,null,null,null,null,null,null,null,null
Fri Oct 02 23:00:00 UTC 2026,1.7940796,-863.6921,null,null,null,null,null,null,null,null,null,null
Sat Oct 03 00:00:00 UTC 2026,1.7940796,-863.6921,null,null,null,null,null,null,null,null,null,null
Sat Oct 03 01:00:00 UTC 2026,1.7940796,-863.6921,null,null,null,null,null,null,null,null,null,null
Sat Oct 03 02:00:00 UTC 2026,1.7940796,-863.6921,null,null,null,null,null,null,null,null,null,null
Sat Oct 03 03:00:00 UTC 2026,1.7940796,-863.6921,null,null,null,null,null,null,null,null,null,null
Sat Oct 03 04:00:00 UTC 2026,1.7940796,-863.6921,null,null,null,null,null,null,null,null,null,null
Sat Oct 03 05:00:00 UTC 2026,1.7940796,-863.6921,null,null,null,null,null,null,null,null,null,null
Sat Oct 03 06:00:00 UTC 2026,1.7940796,-863.6921,null,null,null,null,null,null,null,null,null,null
Sat Oct 03 07:00:00 UTC 2026,1.7940796,-863.6921,null,null,null,null,null,null,null,null,null,null
Sat Oct 03 08:00:00 UTC 2026,1.7940796,-863.6921,null,null,null,null,null,null,null,null,null,null
Sat Oct 03 09:00:00 UTC 2026,1.7940796,-863.6921,null,null,null,null,null,null,null,null,null,null
Sat Oct 03 10:00:00 UTC 2026,1.7940796,-863.6921,null,null,null,null,null,null,null,null,null,null
Sat Oct 03 11:00:00 UTC 2026,1.7940796,-863.6921,null,null,null,null,null,null,null,null,null,null
Sat Oct 03 12:00:00 UTC 2026,1.7940796,-863.6921,null,null,null,null,null,null,null,null,null,null
Sat Oct 03 13:00:00 UTC 2026,1.7940796,-863.6921,null,null,null,null,null,null,null,null,null,null
Sat Oct 03 14:00:00 UTC 2026,1.7940796,-863.6921,null,null,null,null,null,null,null,null,null,null
Sat Oct 03 15:00:00 UTC 2026,1.7940796,-863.6921,null,null,null,null,null,null,null,null,null,null
Sat Oct 03 16:00:00 UTC 2026,1.7940796,-863.6921,null,null,null,null,null,null,null,null,null,null
Sat Oct 03 17:00:00 UTC 2026,1.7940796,-863.6921,null,null,null,null,null,null,null,null,null,null
Sat Oct 03 18:00:00 UTC 2026,1.7940796,-863.6921,null,null,null,null,null,null,null,null,null,null
Sat Oct 03 19:00:00 UTC 2026,1.7940796,-863.6921,null,null,null,null,null,null,null,null,null,null
Sat Oct 03 20:00:00 UTC 2026,1.7940796,-863.6921,null,null,null,null,null,null,null,null,null,null
Sat Oct 03 21:00:00 UTC 2026,1.7940796,-863.6921,null,null,null,null,null,null,null,null,null,null
Sat Oct 03 22:00:00 UTC 2026,1.7940796,-863.6921,null,null,null,null,null,null,null,null,null,null
Sat Oct 03 23:00:00 UTC 2026,1.7940796,-863.6921,null,null,null,null,null,null,null,null,null,null
Sun Oct 04 00:00:00 UTC 2026,1.7940796,-863.6921,null,null,null,null,null,null,null,null,null,null
Sun Oct 04 01:00:00 UTC 2026,1.7940796,-863.6921,null,null,null,null,null,null,null,null,null,null
Sun Oct 04 02:00:00 UTC 2026,1.7940796,-863.6921,null,null,null,null,null,null,null,null,null,null
Sun Oct 04 03:00:00 UTC 2026,1.7940796,-863.6921,null,null,null,null,null,null,null,null,null,null
Sun Oct 04 04:00:00 UTC 2026,1.7940796,-863.6921,null,null,null,null,null,null,null,null,null,null
Sun Oct 04 05:00:00 UTC 2026,1.7940796,-863.6921,null,null,null,null,null,null,null,null,null,null
Sun Oct 04 06:00:00 UTC 2026,1.7940796,-863.6921,null,null,null,null,null,null,null,null,null,null
Sun Oct 04 07:00:00 UTC 2026,1.7940796,-863.6921,null,null,null,null,null,null,null,null,null,null
Sun Oct 04 08:00:00 UTC 2026,1.7940796,-863.6921,null,null,null,null,null,null,null,null,null,null
Sun Oct 04 09:00:00 UTC 2026,1.7940796,-863.6921,null,null,null,null,null,null,null,null,null,null
Sun Oct 04 10:00:00 UTC 2026,1.7940796,-863.6921,null,null,null,null,null,null,null,null,null,null
Sun Oct 04 11:00:00 UTC 2026,1.7940796,-863.6921,null,null,null,null,null,null,null,null,null,null
Sun Oct 04 12:00:00 UTC 2026,1.7940796,-863.6921,null,null,null,null,null,null,null,null,null,null
Sun Oct 04 13:00:00 UTC 2026,1.7940796,-863.6921,null,null,null,null,null,null,null,null,null,null
Sun Oct 04 14:00:00 UTC 2026,1.7940796,-863.6921,null,null,null,null,null,null,null,null,null,null
Sun Oct 04 15:00:00 UTC 2026,1.7940796,-863.6921,null,null,null,null,null,null,null,null,null,null
Sun Oct 04 16:00:00 UTC 2026,1.7940796,-863.6921,null,null,null,null,null,null,null,null,null,null
Sun Oct 04 17:00:00 UTC 2026,1.7940796,-863.6921,null,null,null,null,null,null,null,null,null,null
Sun Oct 04 18:00:00 UTC 2026,1.7940796,-863.6921,null,null,null,null,null,null,null,null,null,null
Sun Oct 04 19:00:00 UTC 2026,1.7940796,-863.6921,null,null,null,null,null,null,null,null,null,null
Sun Oct 04 20:00:00 UTC 2026,1.7940796,-863.6921,null,null,null,null,null,null,null,null,null,null
Sun Oct 04 21:00:00 UTC 2026,1.7940796,-863.6921,null,null,null,null,null,null,null,null,null,null
Sun Oct 04 22:00:00 UTC 2026,1.7940796,-862.6921,null,null,null,null,null,null,null,null,null,null
Sun Oct 04 23:00:00 UTC 2026,1.7940796,-862.6921,null,null,null,null,null,null,null,null,null,null
Mon Oct 05 00:00:00 UTC 2026,1.7940796,-863.6921,null,null,null,null,null,null,null,null,null,null
Mon Oct 05 01:00:00 UTC 2026,1.7940796,-862.6921,null,null,null,null,null,null,null,null,null,null
Mon Oct 05 02:00:00 UTC 2026,1.7940796,-862.6921,null,null,null,null,null,null,null,null,null,null
Mon Oct 05 03:00:00 UTC 2026,1.7940796,-862.6921,null,null,null,null,null,null,null,null,null,null
Mon Oct 05 04:00:00 UTC 2026,1.7940796,-863.6921,null,null,null,null,null,null,null,null,null,null
Mon Oct 05 05:00:00 UTC 2026,1.7940796,-863.6921,null,null,null,null,null,null,null,null,null,null
Mon Oct 05 06:00:00 UTC 2026,1.7940796,-863.6921,null,null,null,null,null,null,null,null,null,null
Mon Oct 05 07:00:00 UTC 2026,1.7940796,-863.6921,null,null,null,null,null,null,null,null,null,null
Mon Oct 05 08:00:00 UTC 2026,1.7940796,-862.6921,null,null,null,null,null,null,null,null,null,null
Mon Oct 05 09:00:00 UTC 2026,1.7940796,-862.6921,null,null,null,null,null,null,null,null,null,null
Mon Oct 05 10:00:00 UTC 2026,1.7940796,-862.6921,null,null,null,null,null,null,null,null,null,null
Mon Oct 05 11:00:00 UTC 2026,1.7940796,-862.6921,null,null,null,null,null,null,null,null,null,null
Mon Oct 05 12:00:00 UTC 2026,1.7940796,-862.6921,null,null,null,null,null,null,null,null,null,null
Mon Oct 05 13:00:00 UTC 2026,1.7940796,-862.6921,null,null,null,null,null,null,null,null,null,null
Mon Oct 05 14:00:00 UTC 2026,1.7940796,-862.6921,null,null,null,null,null,null,null,null,null,null
Mon Oct 05 15:00:00 UTC 2026,1.7940796,-862.6921,null,null,null,null,null,null,null,null,null,null
Mon Oct 05 16:00:00 UTC 2026,1.7940796,-862.6921,null,null,null,null,null,null,null,null,null,null
Mon Oct 05 17:00:00 UTC 2026,1.7940796,-862.6921,null,null,null,null,null,null,null,null,null,null
Mon Oct 05 18:00:00 UTC 2026,1.7940796,-862.6921,null,null,null,null,null,null,null,null,null,null
Mon Oct 05 19:00:00 UTC 2026,1.7940796,-862.6921,null,null,null,null,null,null,null,null,null,null
Mon Oct 05 20:00:00 UTC 2026,1.7940796,-862.6921,null,null,null,null,null,null,null,null,null,null
Mon Oct 05 21:00:00 UTC 2026,1.7940796,-862.6921,null,null,null,null,null,null,null,null,null,null
Mon Oct 05 22:00:00 UTC 2026,1.7940796,-862.6921,null,null,null,null,null,null,null,null,null,null
Mon Oct 05 23:00:00 UTC 2026,1.7940796,-862.6921,null,null,null,null,null,null,null,null,null,null
Tue Oct 06 00:00:00 UTC 2026,1.7940796,-861.6921,null,null,null,null,null,null,null,null,null,null
Tue Oct 06 01:00:00 UTC 2026,1.7940796,-860.6921,null,null,null,null,null,null,null,null,null,null
Tue Oct 06 02:00:00 UTC 2026,1.7940796,-861.6921,null,null,null,null,null,null,null,null,null,null
Tue Oct 06 03:00:00 UTC 2026,1.7940796,-861.6921,null,null,null,null,null,null,null,null,null,null
Tue Oct 06 04:00:00 UTC 2026,1.7940796,-861.6921,null,null,null,null,null,null,null,null,null,null
Tue Oct 06 05:00:00 UTC 2026,1.7940796,-861.6921,null,null,null,null,null,null,null,null,null,null
