date,P_Kweek_-61_Kday_-68_ETE_59_ORD_48_EXT_67_E2Ekor_71_EXTkor_62_DIFF_23907,a,b,c,d,e,f,g,h,i,j
Fri Sep 04 06:00:00 UTC 2026,2113647.471327032,1.6424499999266118,4.109667634538725E7,null,null,4.109697634538725E7,null,null,null,6961972.797912183
Fri Sep 04 07:00:00 UTC 2026,2092338.0328243126,-10524.357550000073,4.103026618050074E7,null,null,4.103056618050074E7,null,null,null,6949319.331525629
Fri Sep 04 08:00:00 UTC 2026,2296908.64245,120701.64244999993,4.096385601561422E7,null,null,4.096415601561423E7,null,null,null,6936665.865139075
Fri Sep 04 09:00:00 UTC 2026,2041195.3804179376,161282.64244999993,4.089744585072771E7,null,null,4.089774585072771E7,null,null,null,6924012.39875252
Fri Sep 04 10:00:00 UTC 2026,2152004.460631812,294522.6424499999,4.083103568584119E7,null,null,4.083133568584119E7,null,null,null,6911358.932365965
Fri Sep 04 11:00:00 UTC 2026,1785482.1183858754,162965.64244999993,4.0764625520954676E7,null,null,4.0764925520954676E7,null,null,null,6898705.465979411
Fri Sep 04 12:00:00 UTC 2026,1150460.851006188,193664.64244999993,4.069821535606816E7,null,null,4.069851535606816E7,null,null,null,6886051.999592856
Fri Sep 04 13:00:00 UTC 2026,1457316.7654446247,-94010.35755000007,4.063180519118164E7,null,null,4.0632105191181645E7,null,null,null,6873398.533206302
Fri Sep 04 14:00:00 UTC 2026,1252746.155818937,450335.6424499999,4.056539502629513E7,null,null,4.056569502629513E7,null,null,null,6860745.066819747
Fri Sep 04 15:00:00 UTC 2026,1278317.4820222189,980640.6424500002,4.049898486140862E7,null,null,4.049928486140862E7,null,null,null,6848091.600433193
Fri Sep 04 16:00:00 UTC 2026,1393388.4499366563,154370.64244999993,4.0432574696522094E7,null,null,4.04328746965221E7,null,null,null,6835438.134046637
Fri Sep 04 17:00:00 UTC 2026,1853672.3215944064,244954.64244999993,4.036616453163558E7,null,null,4.036646453163558E7,null,null,null,6822784.667660084
Fri Sep 04 18:00:00 UTC 2026,1917600.6371023746,615126.6424499999,4.029975436674907E7,null,null,4.030005436674907E7,null,null,null,6810131.201273529
Fri Sep 04 19:00:00 UTC 2026,1943171.9633056566,765053.6424499999,4.023334420186255E7,null,null,4.023364420186255E7,null,null,null,6797477.734886974
Fri Sep 04 20:00:00 UTC 2026,1725815.6905783752,826749.6424499999,4.016693403697603E7,null,null,4.016723403697604E7,null,null,null,6784824.268500419
Fri Sep 04 21:00:00 UTC 2026,1798267.781487469,826749.6424499999,4.010052387208952E7,null,null,4.010082387208952E7,null,null,null,6772170.8021138655
Fri Sep 04 22:00:00 UTC 2026,1491411.8670489376,826749.6424499999,4.003411370720301E7,null,null,4.0034413707203E7,null,null,null,6759517.33572731
Fri Sep 04 23:00:00 UTC 2026,1431745.4392414375,826749.6424499999,3.99677035423165E7,null,null,3.996800354231649E7,null,null,null,6746863.869340756
Sat Sep 05 00:00:00 UTC 2026,1329460.1344285936,826749.6424499999,3.990129337742997E7,null,null,3.990159337742997E7,null,null,null,6734210.402954202
Sat Sep 05 01:00:00 UTC 2026,1308150.695925969,826749.6424499999,3.983488321254346E7,null,null,3.983518321254346E7,null,null,null,6721556.936567646
Sat Sep 05 02:00:00 UTC 2026,864914.3750702809,826749.6424499999,3.9768473047656946E7,null,null,3.976877304765694E7,null,null,null,6708903.470181093
Sat Sep 05 03:00:00 UTC 2026,903271.3643751565,826749.6424499999,3.970206288277043E7,null,null,3.970236288277043E7,null,null,null,6696250.003794538
Sat Sep 05 04:00:00 UTC 2026,1018342.3322895938,826749.6424499999,3.9635652717883915E7,null,null,3.9635952717883915E7,null,null,null,6683596.537407982
Sat Sep 05 05:00:00 UTC 2026,958675.9044820939,826749.6424499999,3.95692425529974E7,null,null,3.9569542552997395E7,null,null,null,6670943.071021427
Sat Sep 05 06:00:00 UTC 2026,792462.284161187,826749.6424499999,3.950283238811088E7,null,null,3.950313238811088E7,null,null,null,6658289.604634874
Sat Sep 05 07:00:00 UTC 2026,1005556.6691880003,826749.6424499999,3.943642222322437E7,null,null,3.9436722223224364E7,null,null,null,6645636.138248318
Sat Sep 05 08:00:00 UTC 2026,1482888.0916479065,826749.6424499999,3.937001205833785E7,null,null,3.937031205833785E7,null,null,null,6632982.671861764
Sat Sep 05 09:00:00 UTC 2026,1525506.9686532505,826749.6424499999,3.930360189345133E7,null,null,3.930390189345133E7,null,null,null,6620329.205475209
Sat Sep 05 10:00:00 UTC 2026,1546816.407155875,826749.6424499999,3.923719172856482E7,null,null,3.923749172856482E7,null,null,null,6607675.7390886545
Sat Sep 05 11:00:00 UTC 2026,1048175.546193344,826749.6424499999,3.91707815636783E7,null,null,3.917108156367831E7,null,null,null,6595022.2727021
Sat Sep 05 12:00:00 UTC 2026,1048175.546193344,826749.6424499999,3.910437139879179E7,null,null,3.910467139879179E7,null,null,null,6582368.806315546
Sat Sep 05 13:00:00 UTC 2026,1082270.6477975622,826749.6424499999,3.903796123390528E7,null,null,3.903826123390528E7,null,null,null,6569715.33992899
Sat Sep 05 14:00:00 UTC 2026,1048175.546193344,826749.6424499999,3.897155106901876E7,null,null,3.897185106901876E7,null,null,null,6557061.873542436
Sat Sep 05 15:00:00 UTC 2026,1048175.546193344,826749.6424499999,3.890514090413225E7,null,null,3.890544090413225E7,null,null,null,6544408.407155882
Sat Sep 05 16:00:00 UTC 2026,1078008.760097094,826749.6424499999,3.883873073924573E7,null,null,3.883903073924573E7,null,null,null,6531754.940769327
Sat Sep 05 17:00:00 UTC 2026,1052437.4338938121,826749.6424499999,3.877232057435921E7,null,null,3.877262057435921E7,null,null,null,6519101.474382772
Sat Sep 05 18:00:00 UTC 2026,1090794.4231986876,826749.6424499999,3.8705910409472704E7,null,null,3.8706210409472704E7,null,null,null,6506448.007996218
Sat Sep 05 19:00:00 UTC 2026,1048175.546193344,826749.6424499999,3.8639500244586185E7,null,null,3.8639800244586185E7,null,null,null,6493794.541609663
Sat Sep 05 20:00:00 UTC 2026,1048175.546193344,826749.6424499999,3.8573090079699665E7,null,null,3.857339007969967E7,null,null,null,6481141.075223109
Sat Sep 05 21:00:00 UTC 2026,1073746.8723965313,826749.6424499999,3.850667991481315E7,null,null,3.850697991481315E7,null,null,null,6468487.608836554
Sat Sep 05 22:00:00 UTC 2026,1197341.6157119998,826749.6424499999,3.844026974992664E7,null,null,3.844056974992664E7,null,null,null,6455834.142449999
Sat Sep 05 23:00:00 UTC 2026,1244222.380417906,826749.6424499999,3.837385958504012E7,null,null,3.837415958504012E7,null,null,null,6443180.676063445
Sun Sep 06 00:00:00 UTC 2026,1291103.1451238126,826749.6424499999,3.83074494201536E7,null,null,3.83077494201536E7,null,null,null,6430527.209676891
Sun Sep 06 01:00:00 UTC 2026,1231436.7173163125,826749.6424499999,3.824103925526709E7,null,null,3.824133925526709E7,null,null,null,6417873.743290336
Sun Sep 06 02:00:00 UTC 2026,1227174.8296157497,826749.6424499999,3.817462909038058E7,null,null,3.817492909038057E7,null,null,null,6405220.27690378
Sun Sep 06 03:00:00 UTC 2026,1146198.963305625,826749.6424499999,3.810821892549406E7,null,null,3.810851892549406E7,null,null,null,6392566.810517226
Sun Sep 06 04:00:00 UTC 2026,1103580.0863002813,826749.6424499999,3.804180876060754E7,null,null,3.804210876060754E7,null,null,null,6379913.344130672
Sun Sep 06 05:00:00 UTC 2026,1418959.7761398437,826749.6424499999,3.797539859572103E7,null,null,3.797569859572103E7,null,null,null,6367259.877744117
Sun Sep 06 06:00:00 UTC 2026,1048175.546193344,826749.6424499999,3.790898843083452E7,null,null,3.790928843083451E7,null,null,null,6354606.411357562
Sun Sep 06 07:00:00 UTC 2026,1393388.4499366563,826749.6424499999,3.7842578265948E7,null,null,3.7842878265948E7,null,null,null,6341952.944971008
Sun Sep 06 08:00:00 UTC 2026,1423221.6638404066,826749.6424499999,3.7776168101061486E7,null,null,3.7776468101061486E7,null,null,null,6329299.4785844525
Sun Sep 06 09:00:00 UTC 2026,1257008.0435194997,826749.6424499999,3.7709757936174974E7,null,null,3.771005793617497E7,null,null,null,6316646.012197899
Sun Sep 06 10:00:00 UTC 2026,1393388.4499366563,826749.6424499999,3.7643347771288455E7,null,null,3.7643647771288455E7,null,null,null,6303992.545811344
Sun Sep 06 11:00:00 UTC 2026,1286841.2574232498,826749.6424499999,3.7576937606401935E7,null,null,3.7577237606401935E7,null,null,null,6291339.079424789
Sun Sep 06 12:00:00 UTC 2026,1244222.380417906,826749.6424499999,3.7510527441515416E7,null,null,3.7510827441515416E7,null,null,null,6278685.613038234
Sun Sep 06 13:00:00 UTC 2026,1244222.380417906,826749.6424499999,3.7444117276628904E7,null,null,3.7444417276628904E7,null,null,null,6266032.146651681
Sun Sep 06 14:00:00 UTC 2026,1244222.380417906,826749.6424499999,3.73777071117424E7,null,null,3.737800711174239E7,null,null,null,6253378.680265125
Sun Sep 06 15:00:00 UTC 2026,1372079.0114339371,826749.6424499999,3.731129694685587E7,null,null,3.731159694685588E7,null,null,null,6240725.213878571
Sun Sep 06 16:00:00 UTC 2026,1376340.8991345,826749.6424499999,3.724488678196936E7,null,null,3.724518678196936E7,null,null,null,6228071.747492016
Sun Sep 06 17:00:00 UTC 2026,1431745.4392414375,826749.6424499999,3.717847661708285E7,null,null,3.717877661708285E7,null,null,null,6215418.2811054615
Sun Sep 06 18:00:00 UTC 2026,1798267.781487469,826749.6424499999,3.711206645219633E7,null,null,3.711236645219633E7,null,null,null,6202764.814718907
Sun Sep 06 19:00:00 UTC 2026,1713030.0274767815,826749.6424499999,3.704565628730981E7,null,null,3.704595628730981E7,null,null,null,6190111.348332353
Sun Sep 06 20:00:00 UTC 2026,1802529.669187937,826749.6424499999,3.69792461224233E7,null,null,3.69795461224233E7,null,null,null,6177457.881945797
Sun Sep 06 21:00:00 UTC 2026,1802529.669187937,934251.6424500002,3.691283595753679E7,null,null,3.691313595753679E7,null,null,null,6164804.415559243
Sun Sep 06 22:00:00 UTC 2026,1269793.7066210934,1144511.6424500002,3.6846425792650275E7,null,null,3.6846725792650275E7,null,null,null,6152150.949172689
Sun Sep 06 23:00:00 UTC 2026,1205865.3911131253,984694.6424500002,3.6780015627763756E7,null,null,3.6780315627763756E7,null,null,null,6139497.482786134
Mon Sep 07 00:00:00 UTC 2026,788200.3964607189,907625.6424500002,3.671360546287724E7,null,null,3.6713905462877244E7,null,null,null,6126844.01639958
Mon Sep 07 01:00:00 UTC 2026,1018342.3322895938,848162.6424499999,3.6647195297990724E7,null,null,3.6647495297990724E7,null,null,null,6114190.550013024
Mon Sep 07 02:00:00 UTC 2026,967199.6798831245,692144.6424499999,3.6580785133104205E7,null,null,3.6581085133104205E7,null,null,null,6101537.08362647
Mon Sep 07 03:00:00 UTC 2026,813771.7226639063,739761.6424499999,3.6514374968217686E7,null,null,3.651467496821769E7,null,null,null,6088883.617239915
Mon Sep 07 04:00:00 UTC 2026,1048175.546193344,1594675.6424500002,3.644796480333118E7,null,null,3.6448264803331174E7,null,null,null,6076230.150853361
Mon Sep 07 05:00:00 UTC 2026,724272.080952656,1389613.6424500002,3.638155463844466E7,null,null,3.638185463844466E7,null,null,null,6063576.684466805
Mon Sep 07 06:00:00 UTC 2026,1687458.7012734998,1516155.6424500002,3.631514447355815E7,null,null,3.631544447355814E7,null,null,null,6050923.2180802515
Mon Sep 07 07:00:00 UTC 2026,1444531.102343031,1451497.6424500002,3.624873430867163E7,null,null,3.624903430867162E7,null,null,null,6038269.751693697
Mon Sep 07 08:00:00 UTC 2026,800986.0595623126,1263253.6424500002,3.618232414378511E7,null,null,3.618262414378512E7,null,null,null,6025616.285307142
Mon Sep 07 09:00:00 UTC 2026,864914.3750702809,1251588.6424500002,3.61159139788986E7,null,null,3.61162139788986E7,null,null,null,6012962.818920587
Mon Sep 07 10:00:00 UTC 2026,869176.2627708436,1143837.6424500002,3.604950381401209E7,null,null,3.604980381401209E7,null,null,null,6000309.352534033
Mon Sep 07 11:00:00 UTC 2026,1031127.9953911875,1340616.6424500002,3.598309364912557E7,null,null,3.598339364912557E7,null,null,null,5987655.886147478
Mon Sep 07 12:00:00 UTC 2026,1103580.0863002813,1770070.6424500002,3.591668348423906E7,null,null,3.591698348423906E7,null,null,null,5975002.419760924
Mon Sep 07 13:00:00 UTC 2026,1312412.583626437,1587553.6424500002,3.5850273319352545E7,null,null,3.585057331935254E7,null,null,null,5962348.953374369
Mon Sep 07 14:00:00 UTC 2026,903271.3643751565,1669756.6424500002,3.5783863154466026E7,null,null,3.578416315446602E7,null,null,null,5949695.486987814
Mon Sep 07 15:00:00 UTC 2026,839343.0488670935,1883270.6424500002,3.5717452989579506E7,null,null,3.5717752989579506E7,null,null,null,5937042.02060126
Mon Sep 07 16:00:00 UTC 2026,481344.4820221873,2007677.6424500002,3.565104282469299E7,null,null,3.565134282469299E7,null,null,null,5924388.554214706
Mon Sep 07 17:00:00 UTC 2026,144655.35367990582,1961296.6424500002,3.5584632659806475E7,null,null,3.5584932659806475E7,null,null,null,5911735.087828151
Mon Sep 07 18:00:00 UTC 2026,-94010.35755000007,2102228.64245,3.551822249491996E7,null,null,3.551852249491996E7,null,null,null,5899081.621441596
Mon Sep 07 19:00:00 UTC 2026,131869.69057831218,2007330.6424500002,3.5451812330033444E7,null,null,3.545211233003345E7,null,null,null,5886428.155055041
Mon Sep 07 20:00:00 UTC 2026,144655.35367990582,2035599.6424500002,3.538540216514693E7,null,null,3.538570216514693E7,null,null,null,5873774.688668488
Mon Sep 07 21:00:00 UTC 2026,246940.65849274962,2012253.6424500002,3.531899200026042E7,null,null,3.531929200026041E7,null,null,null,5861121.222281932
Mon Sep 07 22:00:00 UTC 2026,592153.562236062,2211355.64245,3.52525818353739E7,null,null,3.52528818353739E7,null,null,null,5848467.755895378
Mon Sep 07 23:00:00 UTC 2026,651819.9900435623,2296908.64245,3.518617167048738E7,null,null,3.518647167048738E7,null,null,null,5835814.289508823
Tue Sep 08 00:00:00 UTC 2026,651819.9900435623,2274269.64245,3.511976150560087E7,null,null,3.512006150560087E7,null,null,null,5823160.823122268
Tue Sep 08 01:00:00 UTC 2026,651819.9900435623,2128838.64245,3.505335134071436E7,null,null,3.505365134071436E7,null,null,null,5810507.356735714
Tue Sep 08 02:00:00 UTC 2026,651819.9900435623,1902087.6424500002,3.498694117582784E7,null,null,3.4987241175827846E7,null,null,null,5797853.890349159
Tue Sep 08 03:00:00 UTC 2026,651819.9900435623,1989369.6424500002,3.492053101094133E7,null,null,3.492083101094133E7,null,null,null,5785200.423962604
Tue Sep 08 04:00:00 UTC 2026,651819.9900435623,2028425.6424500002,3.485412084605481E7,null,null,3.485442084605481E7,null,null,null,5772546.9575760495
Tue Sep 08 05:00:00 UTC 2026,651819.9900435623,1740708.6424500002,3.4787710681168295E7,null,null,3.4788010681168295E7,null,null,null,5759893.491189496
Tue Sep 08 06:00:00 UTC 2026,1.61117,-73074.35755000007,null,3.4721300516281776E7,null,null,3.4721600516281776E7,null,null,null,null,5747240.02480294
Tue Sep 08 07:00:00 UTC 2026,1.61117,-251512.35754999996,null,3.465489035139526E7,null,null,3.4655190351395264E7,null,null,null,null,5734586.558416386
Tue Sep 08 08:00:00 UTC 2026,1.61117,-469847.35754999996,null,3.458848018650875E7,null,null,3.458878018650875E7,null,null,null,null,5721933.092029831
Tue Sep 08 09:00:00 UTC 2026,1.61117,-274089.35754999996,null,3.452207002162223E7,null,null,3.452237002162223E7,null,null,null,null,5709279.625643277
Tue Sep 08 10:00:00 UTC 2026,1.61117,-133059.35755000007,null,3.4455659856735714E7,null,null,3.445595985673572E7,null,null,null,null,5696626.159256722
Tue Sep 08 11:00:00 UTC 2026,1.61117,-263225.35754999996,null,3.43892496918492E7,null,null,3.43895496918492E7,null,null,null,null,5683972.692870168
Tue Sep 08 12:00:00 UTC 2026,1.61117,-227758.35754999996,null,3.432283952696268E7,null,null,3.432313952696269E7,null,null,null,null,5671319.226483612
Tue Sep 08 13:00:00 UTC 2026,1.61117,-247592.35754999996,null,3.425642936207617E7,null,null,3.425672936207617E7,null,null,null,null,5658665.7600970585
Tue Sep 08 14:00:00 UTC 2026,1.61117,-201894.35754999996,null,3.419001919718966E7,null,null,3.419031919718966E7,null,null,null,null,5646012.293710504
Tue Sep 08 15:00:00 UTC 2026,1.61117,-117805.35755000007,null,3.412360903230314E7,null,null,3.412390903230314E7,null,null,null,null,5633358.827323949
Tue Sep 08 16:00:00 UTC 2026,1.61117,-197841.35755000007,null,3.405719886741663E7,null,null,3.405749886741662E7,null,null,null,null,5620705.360937394
Tue Sep 08 17:00:00 UTC 2026,1.61117,-249573.35754999996,null,3.3990788702530116E7,null,null,3.399108870253011E7,null,null,null,null,5608051.89455084
Tue Sep 08 18:00:00 UTC 2026,1.61117,-305222.35754999996,null,3.392437853764359E7,null,null,3.392467853764359E7,null,null,null,null,5595398.428164285
Tue Sep 08 19:00:00 UTC 2026,1.61117,-385153.35754999996,null,3.385796837275708E7,null,null,3.385826837275708E7,null,null,null,null,5582744.961777731
Tue Sep 08 20:00:00 UTC 2026,1.61117,-467170.35754999996,null,3.379155820787056E7,null,null,3.379185820787056E7,null,null,null,null,5570091.495391176
Tue Sep 08 21:00:00 UTC 2026,1.61117,-444216.35754999996,null,3.3725148042984046E7,null,null,3.372544804298404E7,null,null,null,null,5557438.02900462
Tue Sep 08 22:00:00 UTC 2026,1.61117,-348366.35754999996,null,3.3658737878097534E7,null,null,3.3659037878097534E7,null,null,null,null,5544784.562618067
Tue Sep 08 23:00:00 UTC 2026,1.61117,-287845.35754999996,null,3.3592327713211015E7,null,null,3.3592627713211015E7,null,null,null,null,5532131.096231512
Wed Sep 09 00:00:00 UTC 2026,1.61117,-336552.35754999996,null,3.3525917548324503E7,null,null,3.3526217548324503E7,null,null,null,null,5519477.629844958
Wed Sep 09 01:00:00 UTC 2026,1.61117,-343853.35754999996,null,3.3459507383437987E7,null,null,3.3459807383437984E7,null,null,null,null,5506824.163458402
Wed Sep 09 02:00:00 UTC 2026,1.61117,-324701.35754999996,null,3.3393097218551468E7,null,null,3.3393397218551468E7,null,null,null,null,5494170.697071848
Wed Sep 09 03:00:00 UTC 2026,1.61117,-340798.35754999996,null,3.3326687053664953E7,null,null,3.3326987053664953E7,null,null,null,null,5481517.230685294
Wed Sep 09 04:00:00 UTC 2026,1.61117,-374981.35754999996,null,3.3260276888778437E7,null,null,3.3260576888778437E7,null,null,null,null,5468863.764298739
Wed Sep 09 05:00:00 UTC 2026,1.61117,-447354.35754999996,null,3.319386672389192E7,null,null,3.319416672389193E7,null,null,null,null,5456210.297912184
Wed Sep 09 06:00:00 UTC 2026,1.61117,-407094.35754999996,null,3.312745655900541E7,null,null,3.3127756559005413E7,null,null,null,null,5443556.83152563
Wed Sep 09 07:00:00 UTC 2026,1.61117,-497211.35754999996,null,3.3061046394118894E7,null,null,3.3061346394118894E7,null,null,null,null,5430903.365139075
Wed Sep 09 08:00:00 UTC 2026,1.61117,-545817.35755,null,3.299463622923238E7,null,null,3.299493622923238E7,null,null,null,null,5418249.898752521
Wed Sep 09 09:00:00 UTC 2026,1.61117,-509617.35754999996,null,3.2928226064345866E7,null,null,3.2928526064345863E7,null,null,null,null,5405596.432365966
Wed Sep 09 10:00:00 UTC 2026,1.61117,-575303.35755,null,3.2861815899459343E7,null,null,3.2862115899459347E7,null,null,null,null,5392942.965979411
Wed Sep 09 11:00:00 UTC 2026,1.61117,-613545.35755,null,3.2795405734572828E7,null,null,3.279570573457283E7,null,null,null,null,5380289.4995928565
Wed Sep 09 12:00:00 UTC 2026,1.61117,-646573.35755,null,3.2728995569686316E7,null,null,3.272929556968632E7,null,null,null,null,5367636.033206303
Wed Sep 09 13:00:00 UTC 2026,1.61117,-625654.35755,null,3.2662585404799804E7,null,null,3.26628854047998E7,null,null,null,null,5354982.566819747
Wed Sep 09 14:00:00 UTC 2026,1.61117,-591280.35755,null,3.259617523991329E7,null,null,3.2596475239913285E7,null,null,null,null,5342329.100433193
Wed Sep 09 15:00:00 UTC 2026,1.61117,-596051.35755,null,3.252976507502677E7,null,null,3.253006507502677E7,null,null,null,null,5329675.634046638
Wed Sep 09 16:00:00 UTC 2026,1.61117,-612631.35755,null,3.2463354910140257E7,null,null,3.2463654910140254E7,null,null,null,null,5317022.167660084
Wed Sep 09 17:00:00 UTC 2026,1.61117,-545055.35755,null,3.2396944745253738E7,null,null,3.2397244745253738E7,null,null,null,null,5304368.701273529
Wed Sep 09 18:00:00 UTC 2026,1.61117,-575184.35755,null,3.2330534580367222E7,null,null,3.2330834580367222E7,null,null,null,null,5291715.234886975
Wed Sep 09 19:00:00 UTC 2026,1.61117,-610319.35755,null,3.226412441548071E7,null,null,3.2264424415480714E7,null,null,null,null,5279061.768500418
Wed Sep 09 20:00:00 UTC 2026,1.61117,-594309.35755,null,3.2197714250594195E7,null,null,3.2198014250594195E7,null,null,null,null,5266408.302113865
Wed Sep 09 21:00:00 UTC 2026,1.61117,-578669.35755,null,3.213130408570768E7,null,null,3.213160408570768E7,null,null,null,null,5253754.835727311
Wed Sep 09 22:00:00 UTC 2026,1.61117,-531181.35755,null,3.2064893920821164E7,null,null,3.2065193920821164E7,null,null,null,null,5241101.369340755
Wed Sep 09 23:00:00 UTC 2026,1.61117,-592696.35755,null,3.199848375593465E7,null,null,3.199878375593465E7,null,null,null,null,5228447.902954201
Thu Sep 10 00:00:00 UTC 2026,1.61117,-446329.35754999996,null,3.1932073591048133E7,null,null,3.1932373591048133E7,null,null,null,null,5215794.436567646
Thu Sep 10 01:00:00 UTC 2026,1.61117,-398608.35754999996,null,3.1865663426161613E7,null,null,3.1865963426161617E7,null,null,null,null,5203140.970181092
Thu Sep 10 02:00:00 UTC 2026,1.61117,-369395.35754999996,null,3.17992532612751E7,null,null,3.17995532612751E7,null,null,null,null,5190487.503794537
Thu Sep 10 03:00:00 UTC 2026,1.61117,-394462.35754999996,null,3.173284309638859E7,null,null,3.1733143096388586E7,null,null,null,null,5177834.037407983
Thu Sep 10 04:00:00 UTC 2026,1.61117,-372073.35754999996,null,3.166643293150207E7,null,null,3.166673293150207E7,null,null,null,null,5165180.571021427
Thu Sep 10 05:00:00 UTC 2026,1.61117,-358713.35754999996,null,3.1600022766615555E7,null,null,3.1600322766615555E7,null,null,null,null,5152527.104634874
Thu Sep 10 06:00:00 UTC 2026,1.61117,-304405.35754999996,null,3.1533612601729043E7,null,null,3.153391260172904E7,null,null,null,null,5139873.638248319
Thu Sep 10 07:00:00 UTC 2026,1.61117,-258511.35754999996,null,3.1467202436842524E7,null,null,3.1467502436842524E7,null,null,null,null,5127220.171861764
Thu Sep 10 08:00:00 UTC 2026,1.61117,-216186.35754999996,null,3.1400792271956008E7,null,null,3.1401092271956004E7,null,null,null,null,5114566.705475209
Thu Sep 10 09:00:00 UTC 2026,1.61117,-285468.35754999996,null,3.1334382107069496E7,null,null,3.1334682107069496E7,null,null,null,null,5101913.239088655
Thu Sep 10 10:00:00 UTC 2026,1.61117,-328714.35754999996,null,3.126797194218298E7,null,null,3.126827194218298E7,null,null,null,null,5089259.7727021
Thu Sep 10 11:00:00 UTC 2026,1.61117,-263631.35754999996,null,3.1201561777296465E7,null,null,3.1201861777296465E7,null,null,null,null,5076606.306315546
Thu Sep 10 12:00:00 UTC 2026,1.61117,-251355.35754999996,null,3.1135151612409946E7,null,null,3.113545161240995E7,null,null,null,null,5063952.839928991
Thu Sep 10 13:00:00 UTC 2026,1.61117,-323272.35754999996,null,3.106874144752343E7,null,null,3.1069041447523434E7,null,null,null,null,5051299.373542437
Thu Sep 10 14:00:00 UTC 2026,1.61117,-358023.35754999996,null,3.1002331282636918E7,null,null,3.1002631282636918E7,null,null,null,null,5038645.907155882
Thu Sep 10 15:00:00 UTC 2026,1.61117,-385354.35754999996,null,3.09359211177504E7,null,null,3.09362211177504E7,null,null,null,null,5025992.440769328
Thu Sep 10 16:00:00 UTC 2026,1.61117,-327261.35754999996,null,3.0869510952863887E7,null,null,3.0869810952863887E7,null,null,null,null,5013338.974382773
Thu Sep 10 17:00:00 UTC 2026,1.61117,-370930.35754999996,null,3.0803100787977375E7,null,null,3.080340078797737E7,null,null,null,null,5000685.507996218
Thu Sep 10 18:00:00 UTC 2026,1.61117,-421107.35754999996,null,3.0736690623090856E7,null,null,3.0736990623090856E7,null,null,null,null,4988032.041609663
Thu Sep 10 19:00:00 UTC 2026,1.61117,-407110.35754999996,null,3.067028045820434E7,null,null,3.067058045820434E7,null,null,null,null,4975378.575223109
Thu Sep 10 20:00:00 UTC 2026,1.61117,-454811.35754999996,null,3.060387029331782E7,null,null,3.0604170293317825E7,null,null,null,null,4962725.108836553
Thu Sep 10 21:00:00 UTC 2026,1.61117,-517899.35754999996,null,3.053746012843131E7,null,null,3.0537760128431305E7,null,null,null,null,4950071.642449999
Thu Sep 10 22:00:00 UTC 2026,1.61117,-520354.35754999996,null,3.0471049963544797E7,null,null,3.0471349963544797E7,null,null,null,null,4937418.176063445
Thu Sep 10 23:00:00 UTC 2026,1.61117,-412546.35754999996,null,3.040463979865828E7,null,null,3.040493979865828E7,null,null,null,null,4924764.70967689
Fri Sep 11 00:00:00 UTC 2026,1.61117,-411631.35754999996,null,3.0338229633771766E7,null,null,3.0338529633771766E7,null,null,null,null,4912111.243290336
Fri Sep 11 01:00:00 UTC 2026,1.61117,-351884.35754999996,null,3.027181946888525E7,null,null,3.027211946888525E7,null,null,null,null,4899457.776903781
Fri Sep 11 02:00:00 UTC 2026,1.61117,-385917.35754999996,null,3.020540930399873E7,null,null,3.0205709303998735E7,null,null,null,null,4886804.310517226
Fri Sep 11 03:00:00 UTC 2026,1.61117,-264060.35754999996,null,3.0138999139112215E7,null,null,3.013929913911222E7,null,null,null,null,4874150.844130672
Fri Sep 11 04:00:00 UTC 2026,1.61117,-303473.35754999996,null,3.00725889742257E7,null,null,3.00728889742257E7,null,null,null,null,4861497.377744118
Fri Sep 11 05:00:00 UTC 2026,1.61117,-141257.35755000007,null,3.0006178809339188E7,null,null,3.0006478809339188E7,null,null,null,null,4848843.911357562
Fri Sep 11 06:00:00 UTC 2026,1.61117,-373355.35754999996,null,2.9939768644452672E7,null,null,2.9940068644452672E7,null,null,null,null,4836190.444971008
Fri Sep 11 07:00:00 UTC 2026,1.61117,-402694.35754999996,null,2.987335847956616E7,null,null,2.9873658479566157E7,null,null,null,null,4823536.978584453
Fri Sep 11 08:00:00 UTC 2026,1.61117,-410315.35754999996,null,2.980694831467964E7,null,null,2.980724831467964E7,null,null,null,null,4810883.512197899
Fri Sep 11 09:00:00 UTC 2026,1.61117,-367843.35754999996,null,2.9740538149793126E7,null,null,2.9740838149793126E7,null,null,null,null,4798230.045811344
Fri Sep 11 10:00:00 UTC 2026,1.61117,-421506.35754999996,null,2.9674127984906606E7,null,null,2.9674427984906606E7,null,null,null,null,4785576.57942479
Fri Sep 11 11:00:00 UTC 2026,1.61117,-360639.35754999996,null,2.9607717820020095E7,null,null,2.960801782002009E7,null,null,null,null,4772923.113038234
Fri Sep 11 12:00:00 UTC 2026,1.61117,-339536.35754999996,null,2.9541307655133583E7,null,null,2.9541607655133583E7,null,null,null,null,4760269.646651681
Fri Sep 11 13:00:00 UTC 2026,1.61117,-289891.35754999996,null,2.9474897490247063E7,null,null,2.9475197490247067E7,null,null,null,null,4747616.180265126
Fri Sep 11 14:00:00 UTC 2026,1.61117,-346995.35754999996,null,2.940848732536055E7,null,null,2.940878732536055E7,null,null,null,null,4734962.713878571
Fri Sep 11 15:00:00 UTC 2026,1.61117,-334240.35754999996,null,2.9342077160474036E7,null,null,2.9342377160474036E7,null,null,null,null,4722309.247492016
Fri Sep 11 16:00:00 UTC 2026,1.61117,-318308.35754999996,null,2.9275666995587517E7,null,null,2.9275966995587517E7,null,null,null,null,4709655.7811054615
Fri Sep 11 17:00:00 UTC 2026,1.61117,-261577.35754999996,null,2.9209256830701E7,null,null,2.9209556830701E7,null,null,null,null,4697002.314718906
Fri Sep 11 18:00:00 UTC 2026,1.61117,-250589.35754999996,null,2.9142846665814485E7,null,null,2.9143146665814485E7,null,null,null,null,4684348.848332352
Fri Sep 11 19:00:00 UTC 2026,1.61117,-262303.35754999996,null,2.9076436500927974E7,null,null,2.9076736500927974E7,null,null,null,null,4671695.381945797
Fri Sep 11 20:00:00 UTC 2026,1.61117,-298207.35754999996,null,2.9010026336041458E7,null,null,2.9010326336041458E7,null,null,null,null,4659041.915559243
Fri Sep 11 21:00:00 UTC 2026,1.61117,-298207.35754999996,null,2.8943616171154942E7,null,null,2.8943916171154942E7,null,null,null,null,4646388.449172689
Fri Sep 11 22:00:00 UTC 2026,1.61117,-298207.35754999996,null,2.8877206006268427E7,null,null,2.8877506006268427E7,null,null,null,null,4633734.982786134
Fri Sep 11 23:00:00 UTC 2026,1.61117,-298207.35754999996,null,2.881079584138191E7,null,null,2.8811095841381907E7,null,null,null,null,4621081.516399579
Sat Sep 12 00:00:00 UTC 2026,1.61117,-298207.35754999996,null,2.8744385676495392E7,null,null,2.8744685676495392E7,null,null,null,null,4608428.050013024
Sat Sep 12 01:00:00 UTC 2026,1.61117,-298207.35754999996,null,2.867797551160888E7,null,null,2.8678275511608876E7,null,null,null,null,4595774.5836264705
Sat Sep 12 02:00:00 UTC 2026,1.61117,-298207.35754999996,null,2.861156534672237E7,null,null,2.861186534672237E7,null,null,null,null,4583121.117239915
Sat Sep 12 03:00:00 UTC 2026,1.61117,-298207.35754999996,null,2.854515518183585E7,null,null,2.8545455181835853E7,null,null,null,null,4570467.650853361
Sat Sep 12 04:00:00 UTC 2026,1.61117,-298207.35754999996,null,2.8478745016949337E7,null,null,2.8479045016949337E7,null,null,null,null,4557814.184466806
Sat Sep 12 05:00:00 UTC 2026,1.61117,-298207.35754999996,null,2.8412334852062818E7,null,null,2.8412634852062818E7,null,null,null,null,4545160.718080252
Sat Sep 12 06:00:00 UTC 2026,1.61117,-298207.35754999996,null,2.8345924687176302E7,null,null,2.8346224687176302E7,null,null,null,null,4532507.251693697
Sat Sep 12 07:00:00 UTC 2026,1.61117,-298207.35754999996,null,2.8279514522289786E7,null,null,2.8279814522289786E7,null,null,null,null,4519853.785307143
Sat Sep 12 08:00:00 UTC 2026,1.61117,-298207.35754999996,null,2.821310435740327E7,null,null,2.821340435740327E7,null,null,null,null,4507200.318920588
Sat Sep 12 09:00:00 UTC 2026,1.61117,-298207.35754999996,null,2.814669419251676E7,null,null,2.814699419251676E7,null,null,null,null,4494546.852534033
Sat Sep 12 10:00:00 UTC 2026,1.61117,-298207.35754999996,null,2.8080284027630243E7,null,null,2.8080584027630243E7,null,null,null,null,4481893.386147479
Sat Sep 12 11:00:00 UTC 2026,1.61117,-298207.35754999996,null,2.8013873862743728E7,null,null,2.8014173862743724E7,null,null,null,null,4469239.919760925
Sat Sep 12 12:00:00 UTC 2026,1.61117,-298207.35754999996,null,2.7947463697857212E7,null,null,2.794776369785721E7,null,null,null,null,4456586.453374369
Sat Sep 12 13:00:00 UTC 2026,1.61117,-298207.35754999996,null,2.7881053532970693E7,null,null,2.7881353532970693E7,null,null,null,null,4443932.986987815
Sat Sep 12 14:00:00 UTC 2026,1.61117,-298207.35754999996,null,2.7814643368084177E7,null,null,2.7814943368084177E7,null,null,null,null,4431279.52060126
Sat Sep 12 15:00:00 UTC 2026,1.61117,-298207.35754999996,null,2.7748233203197666E7,null,null,2.774853320319766E7,null,null,null,null,4418626.054214705
Sat Sep 12 16:00:00 UTC 2026,1.61117,-298207.35754999996,null,2.7681823038311154E7,null,null,2.7682123038311154E7,null,null,null,null,4405972.58782815
Sat Sep 12 17:00:00 UTC 2026,1.61117,-298207.35754999996,null,2.7615412873424634E7,null,null,2.7615712873424638E7,null,null,null,null,4393319.121441596
Sat Sep 12 18:00:00 UTC 2026,1.61117,-298207.35754999996,null,2.7549002708538122E7,null,null,2.754930270853812E7,null,null,null,null,4380665.6550550405
Sat Sep 12 19:00:00 UTC 2026,1.61117,-298207.35754999996,null,2.7482592543651603E7,null,null,2.7482892543651603E7,null,null,null,null,4368012.188668487
Sat Sep 12 20:00:00 UTC 2026,1.61117,-298207.35754999996,null,2.7416182378765088E7,null,null,2.7416482378765088E7,null,null,null,null,4355358.722281932
Sat Sep 12 21:00:00 UTC 2026,1.61117,-298207.35754999996,null,2.734977221387857E7,null,null,2.7350072213878572E7,null,null,null,null,4342705.255895377
Sat Sep 12 22:00:00 UTC 2026,1.61117,-298207.35754999996,null,2.7283362048992056E7,null,null,2.7283662048992056E7,null,null,null,null,4330051.789508823
Sat Sep 12 23:00:00 UTC 2026,1.61117,-298207.35754999996,null,2.7216951884105545E7,null,null,2.7217251884105545E7,null,null,null,null,4317398.323122269
Sun Sep 13 00:00:00 UTC 2026,1.61117,-298207.35754999996,null,2.715054171921903E7,null,null,2.7150841719219025E7,null,null,null,null,4304744.856735714
Sun Sep 13 01:00:00 UTC 2026,1.61117,-298207.35754999996,null,2.708413155433251E7,null,null,2.708443155433251E7,null,null,null,null,4292091.390349159
Sun Sep 13 02:00:00 UTC 2026,1.61117,-298207.35754999996,null,2.7017721389445998E7,null,null,2.7018021389445994E7,null,null,null,null,4279437.923962605
Sun Sep 13 03:00:00 UTC 2026,1.61117,-298207.35754999996,null,2.695131122455948E7,null,null,2.695161122455948E7,null,null,null,null,4266784.4575760495
Sun Sep 13 04:00:00 UTC 2026,1.61117,-298207.35754999996,null,2.6884901059672963E7,null,null,2.6885201059672963E7,null,null,null,null,4254130.991189496
Sun Sep 13 05:00:00 UTC 2026,1.61117,-298207.35754999996,null,2.6818490894786447E7,null,null,2.6818790894786447E7,null,null,null,null,4241477.524802941
Sun Sep 13 06:00:00 UTC 2026,1.61117,-298207.35754999996,null,2.6752080729899935E7,null,null,2.6752380729899935E7,null,null,null,null,4228824.058416387
Sun Sep 13 07:00:00 UTC 2026,1.61117,-298207.35754999996,null,2.668567056501342E7,null,null,2.668597056501342E7,null,null,null,null,4216170.592029831
Sun Sep 13 08:00:00 UTC 2026,1.61117,-298207.35754999996,null,2.6619260400126904E7,null,null,2.6619560400126904E7,null,null,null,null,4203517.125643278
Sun Sep 13 09:00:00 UTC 2026,1.61117,-298207.35754999996,null,2.655285023524039E7,null,null,2.655315023524039E7,null,null,null,null,4190863.6592567223
Sun Sep 13 10:00:00 UTC 2026,1.61117,-298207.35754999996,null,2.6486440070353873E7,null,null,2.6486740070353873E7,null,null,null,null,4178210.192870168
Sun Sep 13 11:00:00 UTC 2026,1.61117,-298207.35754999996,null,2.6420029905467354E7,null,null,2.6420329905467357E7,null,null,null,null,4165556.7264836133
Sun Sep 13 12:00:00 UTC 2026,1.61117,-298207.35754999996,null,2.6353619740580842E7,null,null,2.6353919740580842E7,null,null,null,null,4152903.260097059
Sun Sep 13 13:00:00 UTC 2026,1.61117,-298207.35754999996,null,2.628720957569433E7,null,null,2.6287509575694326E7,null,null,null,null,4140249.793710503
Sun Sep 13 14:00:00 UTC 2026,1.61117,-298207.35754999996,null,2.622079941080781E7,null,null,2.622109941080781E7,null,null,null,null,4127596.327323949
Sun Sep 13 15:00:00 UTC 2026,1.61117,-298207.35754999996,null,2.6154389245921295E7,null,null,2.6154689245921295E7,null,null,null,null,4114942.8609373937
Sun Sep 13 16:00:00 UTC 2026,1.61117,-298207.35754999996,null,2.6087979081034783E7,null,null,2.608827908103478E7,null,null,null,null,4102289.3945508394
Sun Sep 13 17:00:00 UTC 2026,1.61117,-298207.35754999996,null,2.6021568916148264E7,null,null,2.6021868916148264E7,null,null,null,null,4089635.9281642847
Sun Sep 13 18:00:00 UTC 2026,1.61117,-298207.35754999996,null,2.595515875126175E7,null,null,2.595545875126175E7,null,null,null,null,4076982.4617777304
Sun Sep 13 19:00:00 UTC 2026,1.61117,-298207.35754999996,null,2.5888748586375233E7,null,null,2.588904858637523E7,null,null,null,null,4064328.995391175
Sun Sep 13 20:00:00 UTC 2026,1.61117,-298207.35754999996,null,2.582233842148872E7,null,null,2.582263842148872E7,null,null,null,null,4051675.5290046213
Sun Sep 13 21:00:00 UTC 2026,1.61117,-334335.35754999996,null,2.5755928256602205E7,null,null,2.5756228256602205E7,null,null,null,null,4039022.062618067
Sun Sep 13 22:00:00 UTC 2026,1.61117,-317166.35754999996,null,2.5689518091715686E7,null,null,2.568981809171569E7,null,null,null,null,4026368.596231512
Sun Sep 13 23:00:00 UTC 2026,1.61117,-368006.35754999996,null,2.5623107926829174E7,null,null,2.5623407926829174E7,null,null,null,null,4013715.129844958
Mon Sep 14 00:00:00 UTC 2026,1.61117,-288469.35754999996,null,2.555669776194266E7,null,null,2.555699776194266E7,null,null,null,null,4001061.6634584027
Mon Sep 14 01:00:00 UTC 2026,1.61117,-301708.35754999996,null,2.549028759705614E7,null,null,2.5490587597056143E7,null,null,null,null,3988408.197071849
Mon Sep 14 02:00:00 UTC 2026,1.61117,-305707.35754999996,null,2.5423877432169627E7,null,null,2.5424177432169624E7,null,null,null,null,3975754.7306852937
Mon Sep 14 03:00:00 UTC 2026,1.61117,-252960.35754999996,null,2.5357467267283116E7,null,null,2.535776726728311E7,null,null,null,null,3963101.2642987394
Mon Sep 14 04:00:00 UTC 2026,1.61117,-234645.35754999996,null,2.5291057102396596E7,null,null,2.5291357102396596E7,null,null,null,null,3950447.7979121846
Mon Sep 14 05:00:00 UTC 2026,1.61117,-257639.35754999996,null,2.522464693751008E7,null,null,2.522494693751008E7,null,null,null,null,3937794.3315256303
Mon Sep 14 06:00:00 UTC 2026,1.61117,-221646.35754999996,null,2.5158236772623565E7,null,null,2.5158536772623565E7,null,null,null,null,3925140.865139075
Mon Sep 14 07:00:00 UTC 2026,1.61117,-125976.35755000007,null,2.509182660773705E7,null,null,2.509212660773705E7,null,null,null,null,3912487.3987525213
Mon Sep 14 08:00:00 UTC 2026,1.61117,-178642.35755000007,null,2.5025416442850534E7,null,null,2.502571644285053E7,null,null,null,null,3899833.932365966
Mon Sep 14 09:00:00 UTC 2026,1.61117,-165866.35755000007,null,2.495900627796402E7,null,null,2.4959306277964015E7,null,null,null,null,3887180.4659794117
Mon Sep 14 10:00:00 UTC 2026,1.61117,-195416.35755000007,null,2.4892596113077506E7,null,null,2.4892896113077506E7,null,null,null,null,3874526.999592857
Mon Sep 14 11:00:00 UTC 2026,1.61117,-213197.35754999996,null,2.482618594819099E7,null,null,2.482648594819099E7,null,null,null,null,3861873.5332063017
Mon Sep 14 12:00:00 UTC 2026,1.61117,-244437.35754999996,null,2.475977578330447E7,null,null,2.4760075783304475E7,null,null,null,null,3849220.066819747
Mon Sep 14 13:00:00 UTC 2026,1.61117,-240317.35754999996,null,2.469336561841796E7,null,null,2.469366561841796E7,null,null,null,null,3836566.6004331927
Mon Sep 14 14:00:00 UTC 2026,1.61117,-231222.35754999996,null,2.462695545353144E7,null,null,2.462725545353144E7,null,null,null,null,3823913.1340466375
Mon Sep 14 15:00:00 UTC 2026,1.61117,-166630.35755000007,null,2.4560545288644925E7,null,null,2.4560845288644925E7,null,null,null,null,3811259.6676600836
Mon Sep 14 16:00:00 UTC 2026,1.61117,-125236.35755000007,null,2.4494135123758413E7,null,null,2.449443512375841E7,null,null,null,null,3798606.2012735284
Mon Sep 14 17:00:00 UTC 2026,1.61117,-90981.35755000007,null,2.44277249588719E7,null,null,2.4428024958871897E7,null,null,null,null,3785952.734886974
Mon Sep 14 18:00:00 UTC 2026,1.61117,-75797.35755000007,null,2.436131479398538E7,null,null,2.436161479398538E7,null,null,null,null,3773299.2685004193
Mon Sep 14 19:00:00 UTC 2026,1.61117,-31217.357550000073,null,2.4294904629098866E7,null,null,2.4295204629098866E7,null,null,null,null,3760645.802113865
Mon Sep 14 20:00:00 UTC 2026,1.61117,26875.642449999927,null,2.422849446421235E7,null,null,2.422879446421235E7,null,null,null,null,3747992.33572731
Mon Sep 14 21:00:00 UTC 2026,1.61117,52169.64244999993,null,2.4162084299325835E7,null,null,2.416238429932583E7,null,null,null,null,3735338.869340756
Mon Sep 14 22:00:00 UTC 2026,1.61117,68762.64244999993,null,2.4095674134439316E7,null,null,2.4095974134439316E7,null,null,null,null,3722685.4029542017
Mon Sep 14 23:00:00 UTC 2026,1.61117,120641.64244999993,null,2.4029263969552804E7,null,null,2.4029563969552804E7,null,null,null,null,3710031.9365676465
Tue Sep 15 00:00:00 UTC 2026,1.61117,92238.64244999993,null,2.3962853804666292E7,null,null,2.3963153804666292E7,null,null,null,null,3697378.4701810926
Tue Sep 15 01:00:00 UTC 2026,1.61117,84959.64244999993,null,2.3896443639779776E7,null,null,2.3896743639779776E7,null,null,null,null,3684725.0037945374
Tue Sep 15 02:00:00 UTC 2026,1.61117,168138.64244999993,null,2.3830033474893257E7,null,null,2.383033347489326E7,null,null,null,null,3672071.537407983
Tue Sep 15 03:00:00 UTC 2026,1.61117,84332.64244999993,null,2.3763623310006745E7,null,null,2.376392331000674E7,null,null,null,null,3659418.0710214283
Tue Sep 15 04:00:00 UTC 2026,1.61117,111995.64244999993,null,2.3697213145120226E7,null,null,2.3697513145120226E7,null,null,null,null,3646764.6046348736
Tue Sep 15 05:00:00 UTC 2026,1.61117,84821.64244999993,null,2.3630802980233714E7,null,null,2.3631102980233714E7,null,null,null,null,3634111.138248319
Tue Sep 15 06:00:00 UTC 2026,1.61117,70988.64244999993,null,2.3564392815347195E7,null,null,2.35646928153472E7,null,null,null,null,3621457.6718617645
Tue Sep 15 07:00:00 UTC 2026,1.61117,67619.64244999993,null,2.3497982650460683E7,null,null,2.3498282650460683E7,null,null,null,null,3608804.2054752097
Tue Sep 15 08:00:00 UTC 2026,1.61117,-9151.357550000073,null,2.3431572485574167E7,null,null,2.343187248557417E7,null,null,null,null,3596150.7390886554
Tue Sep 15 09:00:00 UTC 2026,1.61117,-5860.357550000073,null,2.336516232068765E7,null,null,2.336546232068765E7,null,null,null,null,3583497.2727021
Tue Sep 15 10:00:00 UTC 2026,1.61117,30353.642449999927,null,2.3298752155801136E7,null,null,2.3299052155801136E7,null,null,null,null,3570843.8063155455
Tue Sep 15 11:00:00 UTC 2026,1.61117,-19700.357550000073,null,2.323234199091462E7,null,null,2.323264199091462E7,null,null,null,null,3558190.339928991
Tue Sep 15 12:00:00 UTC 2026,1.61117,20339.642449999927,null,2.3165931826028105E7,null,null,2.3166231826028105E7,null,null,null,null,3545536.8735424364
Tue Sep 15 13:00:00 UTC 2026,1.61117,60120.64244999993,null,2.309952166114159E7,null,null,2.309982166114159E7,null,null,null,null,3532883.4071558816
Tue Sep 15 14:00:00 UTC 2026,1.61117,9724.642449999927,null,2.3033111496255074E7,null,null,2.3033411496255074E7,null,null,null,null,3520229.9407693273
Tue Sep 15 15:00:00 UTC 2026,1.61117,52355.64244999993,null,2.296670133136856E7,null,null,2.296700133136856E7,null,null,null,null,3507576.4743827726
Tue Sep 15 16:00:00 UTC 2026,1.61117,64444.64244999993,null,2.2900291166482043E7,null,null,2.2900591166482043E7,null,null,null,null,3494923.007996218
Tue Sep 15 17:00:00 UTC 2026,1.61117,54741.64244999993,null,2.283388100159553E7,null,null,2.2834181001595527E7,null,null,null,null,3482269.5416096635
Tue Sep 15 18:00:00 UTC 2026,1.61117,124938.64244999993,null,2.276747083670901E7,null,null,2.276777083670901E7,null,null,null,null,3469616.0752231088
Tue Sep 15 19:00:00 UTC 2026,1.61117,122244.64244999993,null,2.27010606718225E7,null,null,2.27013606718225E7,null,null,null,null,3456962.608836554
Tue Sep 15 20:00:00 UTC 2026,1.61117,115412.64244999993,null,2.263465050693598E7,null,null,2.2634950506935984E7,null,null,null,null,3444309.1424499997
Tue Sep 15 21:00:00 UTC 2026,1.61117,86647.64244999993,null,2.256824034204947E7,null,null,2.256854034204947E7,null,null,null,null,3431655.676063445
Tue Sep 15 22:00:00 UTC 2026,1.61117,85872.64244999993,null,2.2501830177162953E7,null,null,2.2502130177162953E7,null,null,null,null,3419002.2096768906
Tue Sep 15 23:00:00 UTC 2026,1.61117,48969.64244999993,null,2.2435420012276437E7,null,null,2.2435720012276437E7,null,null,null,null,3406348.743290336
Wed Sep 16 00:00:00 UTC 2026,1.61117,97320.64244999993,null,2.236900984738992E7,null,null,2.236930984738992E7,null,null,null,null,3393695.276903781
Wed Sep 16 01:00:00 UTC 2026,1.61117,149152.64244999993,null,2.2302599682503406E7,null,null,2.2302899682503406E7,null,null,null,null,3381041.8105172263
Wed Sep 16 02:00:00 UTC 2026,1.61117,192671.64244999993,null,2.223618951761689E7,null,null,2.223648951761689E7,null,null,null,null,3368388.3441306716
Wed Sep 16 03:00:00 UTC 2026,1.61117,204535.64244999993,null,2.2169779352730375E7,null,null,2.2170079352730375E7,null,null,null,null,3355734.877744117
Wed Sep 16 04:00:00 UTC 2026,1.61117,194592.64244999993,null,2.210336918784386E7,null,null,2.210366918784386E7,null,null,null,null,3343081.4113575625
Wed Sep 16 05:00:00 UTC 2026,1.61117,243269.64244999993,null,2.2036959022957344E7,null,null,2.2037259022957344E7,null,null,null,null,3330427.9449710078
Wed Sep 16 06:00:00 UTC 2026,1.61117,254213.64244999993,null,2.1970548858070828E7,null,null,2.1970848858070828E7,null,null,null,null,3317774.4785844535
Wed Sep 16 07:00:00 UTC 2026,1.61117,253539.64244999993,null,2.1904138693184316E7,null,null,2.1904438693184312E7,null,null,null,null,3305121.0121978987
Wed Sep 16 08:00:00 UTC 2026,1.61117,277767.6424499999,null,2.18377285282978E7,null,null,2.18380285282978E7,null,null,null,null,3292467.5458113444
Wed Sep 16 09:00:00 UTC 2026,1.61117,267665.6424499999,null,2.177131836341128E7,null,null,2.1771618363411285E7,null,null,null,null,3279814.0794247896
Wed Sep 16 10:00:00 UTC 2026,1.61117,297025.6424499999,null,2.1704908198524766E7,null,null,2.170520819852477E7,null,null,null,null,3267160.6130382353
Wed Sep 16 11:00:00 UTC 2026,1.61117,289324.6424499999,null,2.1638498033638254E7,null,null,2.163879803363825E7,null,null,null,null,3254507.1466516806
Wed Sep 16 12:00:00 UTC 2026,1.61117,296807.6424499999,null,2.157208786875174E7,null,null,2.157238786875174E7,null,null,null,null,3241853.680265126
Wed Sep 16 13:00:00 UTC 2026,1.61117,298371.6424499999,null,2.150567770386522E7,null,null,2.1505977703865223E7,null,null,null,null,3229200.213878571
Wed Sep 16 14:00:00 UTC 2026,1.61117,314506.6424499999,null,2.1439267538978707E7,null,null,2.1439567538978707E7,null,null,null,null,3216546.7474920163
Wed Sep 16 15:00:00 UTC 2026,1.61117,283722.6424499999,null,2.137285737409219E7,null,null,2.137315737409219E7,null,null,null,null,3203893.2811054615
Wed Sep 16 16:00:00 UTC 2026,1.61117,322029.6424499999,null,2.1306447209205676E7,null,null,2.1306747209205676E7,null,null,null,null,3191239.8147189072
Wed Sep 16 17:00:00 UTC 2026,1.61117,350901.6424499999,null,2.1240037044319157E7,null,null,2.1240337044319157E7,null,null,null,null,3178586.3483323525
Wed Sep 16 18:00:00 UTC 2026,1.61117,327032.6424499999,null,2.1173626879432645E7,null,null,2.117392687943264E7,null,null,null,null,3165932.881945798
Wed Sep 16 19:00:00 UTC 2026,1.61117,311124.6424499999,null,2.110721671454613E7,null,null,2.110751671454613E7,null,null,null,null,3153279.4155592434
Wed Sep 16 20:00:00 UTC 2026,1.61117,278275.6424499999,null,2.1040806549659614E7,null,null,2.1041106549659614E7,null,null,null,null,3140625.9491726886
Wed Sep 16 21:00:00 UTC 2026,1.61117,274124.6424499999,null,2.0974396384773098E7,null,null,2.0974696384773098E7,null,null,null,null,3127972.482786134
Wed Sep 16 22:00:00 UTC 2026,1.61117,309587.6424499999,null,2.0907986219886586E7,null,null,2.0908286219886586E7,null,null,null,null,3115319.0163995796
Wed Sep 16 23:00:00 UTC 2026,1.61117,305766.6424499999,null,2.0841576055000067E7,null,null,2.084187605500007E7,null,null,null,null,3102665.550013025
Thu Sep 17 00:00:00 UTC 2026,1.61117,329878.6424499999,null,2.077516589011355E7,null,null,2.077546589011355E7,null,null,null,null,3090012.08362647
Thu Sep 17 01:00:00 UTC 2026,1.61117,293961.6424499999,null,2.0708755725227036E7,null,null,2.0709055725227036E7,null,null,null,null,3077358.6172399153
Thu Sep 17 02:00:00 UTC 2026,1.61117,325528.6424499999,null,2.0642345560340524E7,null,null,2.0642645560340524E7,null,null,null,null,3064705.150853361
Thu Sep 17 03:00:00 UTC 2026,1.61117,289336.6424499999,null,2.0575935395454004E7,null,null,2.0576235395454008E7,null,null,null,null,3052051.6844668062
Thu Sep 17 04:00:00 UTC 2026,1.61117,270175.6424499999,null,2.0509525230567493E7,null,null,2.0509825230567493E7,null,null,null,null,3039398.2180802515
Thu Sep 17 05:00:00 UTC 2026,1.61117,235310.64244999993,null,2.0443115065680977E7,null,null,2.0443415065680977E7,null,null,null,null,3026744.7516936967
Thu Sep 17 06:00:00 UTC 2026,1.61117,231194.64244999993,null,2.037670490079446E7,null,null,2.0377004900794458E7,null,null,null,null,3014091.285307142
Thu Sep 17 07:00:00 UTC 2026,1.61117,240035.64244999993,null,2.0310294735907942E7,null,null,2.0310594735907942E7,null,null,null,null,3001437.8189205877
Thu Sep 17 08:00:00 UTC 2026,1.61117,197815.64244999993,null,2.024388457102143E7,null,null,2.0244184571021426E7,null,null,null,null,2988784.3525340334
Thu Sep 17 09:00:00 UTC 2026,1.61117,214499.64244999993,null,2.0177474406134915E7,null,null,2.0177774406134915E7,null,null,null,null,2976130.886147479
Thu Sep 17 10:00:00 UTC 2026,1.61117,153134.64244999993,null,2.01110642412484E7,null,null,2.01113642412484E7,null,null,null,null,2963477.4197609243
Thu Sep 17 11:00:00 UTC 2026,1.61117,194398.64244999993,null,2.0044654076361883E7,null,null,2.0044954076361883E7,null,null,null,null,2950823.95337437
Thu Sep 17 12:00:00 UTC 2026,1.61117,210513.64244999993,null,1.997824391147537E7,null,null,1.9978543911475368E7,null,null,null,null,2938170.486987815
Thu Sep 17 13:00:00 UTC 2026,1.61117,150625.64244999993,null,1.9911833746588852E7,null,null,1.9912133746588852E7,null,null,null,null,2925517.02060126
Thu Sep 17 14:00:00 UTC 2026,1.61117,115690.64244999993,null,1.9845423581702337E7,null,null,1.9845723581702337E7,null,null,null,null,2912863.5542147057
Thu Sep 17 15:00:00 UTC 2026,1.61117,135222.64244999993,null,1.977901341681582E7,null,null,1.977931341681582E7,null,null,null,null,2900210.087828151
Thu Sep 17 16:00:00 UTC 2026,1.61117,110875.64244999993,null,1.971260325192931E7,null,null,1.971290325192931E7,null,null,null,null,2887556.621441596
Thu Sep 17 17:00:00 UTC 2026,1.61117,82644.64244999993,null,1.964619308704279E7,null,null,1.9646493087042794E7,null,null,null,null,2874903.1550550414
Thu Sep 17 18:00:00 UTC 2026,1.61117,149094.64244999993,null,1.9579782922156278E7,null,null,1.9580082922156278E7,null,null,null,null,2862249.688668487
Thu Sep 17 19:00:00 UTC 2026,1.61117,113634.64244999993,null,1.9513372757269762E7,null,null,1.951367275726976E7,null,null,null,null,2849596.2222819324
Thu Sep 17 20:00:00 UTC 2026,1.61117,91915.64244999993,null,1.9446962592383247E7,null,null,1.9447262592383243E7,null,null,null,null,2836942.755895378
Thu Sep 17 21:00:00 UTC 2026,1.61117,166381.64244999993,null,1.9380552427496728E7,null,null,1.9380852427496728E7,null,null,null,null,2824289.2895088233
Thu Sep 17 22:00:00 UTC 2026,1.61117,191060.64244999993,null,1.9314142262610216E7,null,null,1.9314442262610212E7,null,null,null,null,2811635.8231222685
Thu Sep 17 23:00:00 UTC 2026,1.61117,179879.64244999993,null,1.92477320977237E7,null,null,1.92480320977237E7,null,null,null,null,2798982.356735714
Fri Sep 18 00:00:00 UTC 2026,1.61117,140159.64244999993,null,1.9181321932837185E7,null,null,1.9181621932837185E7,null,null,null,null,2786328.890349159
Fri Sep 18 01:00:00 UTC 2026,1.61117,230315.64244999993,null,1.911491176795067E7,null,null,1.9115211767950665E7,null,null,null,null,2773675.4239626043
Fri Sep 18 02:00:00 UTC 2026,1.61117,92579.64244999993,null,1.9048501603064153E7,null,null,1.9048801603064153E7,null,null,null,null,2761021.95757605
Fri Sep 18 03:00:00 UTC 2026,1.61117,141947.64244999993,null,1.8982091438177638E7,null,null,1.8982391438177638E7,null,null,null,null,2748368.491189495
Fri Sep 18 04:00:00 UTC 2026,1.61117,104579.64244999993,null,1.8915681273291122E7,null,null,1.8915981273291122E7,null,null,null,null,2735715.0248029404
Fri Sep 18 05:00:00 UTC 2026,1.61117,113764.64244999993,null,1.8849271108404607E7,null,null,1.8849571108404607E7,null,null,null,null,2723061.558416386
Fri Sep 18 06:00:00 UTC 2026,1.61117,-13435.357550000073,null,1.878286094351809E7,null,null,1.8783160943518095E7,null,null,null,null,2710408.0920298314
Fri Sep 18 07:00:00 UTC 2026,1.61117,-78114.35755000007,null,1.8716450778631575E7,null,null,1.8716750778631575E7,null,null,null,null,2697754.6256432766
Fri Sep 18 08:00:00 UTC 2026,1.61117,-109400.35755000007,null,1.8650040613745064E7,null,null,1.865034061374506E7,null,null,null,null,2685101.159256723
Fri Sep 18 09:00:00 UTC 2026,1.61117,-24525.357550000073,null,1.8583630448858548E7,null,null,1.8583930448858544E7,null,null,null,null,2672447.692870168
Fri Sep 18 10:00:00 UTC 2026,1.61117,-69155.35755000007,null,1.851722028397203E7,null,null,1.851752028397203E7,null,null,null,null,2659794.2264836133
Fri Sep 18 11:00:00 UTC 2026,1.61117,-52754.35755000007,null,1.8450810119085513E7,null,null,1.8451110119085513E7,null,null,null,null,2647140.7600970585
Fri Sep 18 12:00:00 UTC 2026,1.61117,-55748.35755000007,null,1.8384399954199E7,null,null,1.8384699954199E7,null,null,null,null,2634487.2937105037
Fri Sep 18 13:00:00 UTC 2026,1.61117,-12834.357550000073,null,1.8317989789312486E7,null,null,1.8318289789312486E7,null,null,null,null,2621833.827323949
Fri Sep 18 14:00:00 UTC 2026,1.61117,12793.642449999927,null,1.8251579624425966E7,null,null,1.8251879624425966E7,null,null,null,null,2609180.3609373947
Fri Sep 18 15:00:00 UTC 2026,1.61117,16053.642449999927,null,1.818516945953945E7,null,null,1.818546945953945E7,null,null,null,null,2596526.89455084
Fri Sep 18 16:00:00 UTC 2026,1.61117,-2811.3575500000734,null,1.811875929465294E7,null,null,1.811905929465294E7,null,null,null,null,2583873.4281642856
Fri Sep 18 17:00:00 UTC 2026,1.61117,3301.6424499999266,null,1.8052349129766423E7,null,null,1.8052649129766423E7,null,null,null,null,2571219.961777731
Fri Sep 18 18:00:00 UTC 2026,1.61117,7206.642449999927,null,1.7985938964879904E7,null,null,1.7986238964879908E7,null,null,null,null,2558566.495391176
Fri Sep 18 19:00:00 UTC 2026,1.61117,41419.64244999993,null,1.7919528799993396E7,null,null,1.7919828799993396E7,null,null,null,null,2545913.029004622
Fri Sep 18 20:00:00 UTC 2026,1.61117,101772.64244999993,null,1.7853118635106876E7,null,null,1.7853418635106876E7,null,null,null,null,2533259.562618067
Fri Sep 18 21:00:00 UTC 2026,1.61117,101772.64244999993,null,1.778670847022036E7,null,null,1.778700847022036E7,null,null,null,null,2520606.096231512
Fri Sep 18 22:00:00 UTC 2026,1.61117,101772.64244999993,null,1.772029830533384E7,null,null,1.7720598305333845E7,null,null,null,null,2507952.6298449575
Fri Sep 18 23:00:00 UTC 2026,1.61117,101772.64244999993,null,1.7653888140447333E7,null,null,1.765418814044733E7,null,null,null,null,2495299.1634584027
Sat Sep 19 00:00:00 UTC 2026,1.61117,101772.64244999993,null,1.7587477975560814E7,null,null,1.7587777975560814E7,null,null,null,null,2482645.6970718484
Sat Sep 19 01:00:00 UTC 2026,1.61117,101772.64244999993,null,1.75210678106743E7,null,null,1.7521367810674302E7,null,null,null,null,2469992.2306852937
Sat Sep 19 02:00:00 UTC 2026,1.61117,101772.64244999993,null,1.7454657645787787E7,null,null,1.7454957645787787E7,null,null,null,null,2457338.764298739
Sat Sep 19 03:00:00 UTC 2026,1.61117,101772.64244999993,null,1.738824748090127E7,null,null,1.7388547480901267E7,null,null,null,null,2444685.297912184
Sat Sep 19 04:00:00 UTC 2026,1.61117,101772.64244999993,null,1.732183731601475E7,null,null,1.732213731601475E7,null,null,null,null,2432031.83152563
Sat Sep 19 05:00:00 UTC 2026,1.61117,101772.64244999993,null,1.7255427151128236E7,null,null,1.7255727151128236E7,null,null,null,null,2419378.365139075
Sat Sep 19 06:00:00 UTC 2026,1.61117,101772.64244999993,null,1.7189016986241724E7,null,null,1.7189316986241724E7,null,null,null,null,2406724.898752521
Sat Sep 19 07:00:00 UTC 2026,1.61117,101772.64244999993,null,1.712260682135521E7,null,null,1.712290682135521E7,null,null,null,null,2394071.432365966
Sat Sep 19 08:00:00 UTC 2026,1.61117,101772.64244999993,null,1.705619665646869E7,null,null,1.7056496656468693E7,null,null,null,null,2381417.9659794113
Sat Sep 19 09:00:00 UTC 2026,1.61117,101772.64244999993,null,1.698978649158218E7,null,null,1.6990086491582178E7,null,null,null,null,2368764.499592857
Sat Sep 19 10:00:00 UTC 2026,1.61117,101772.64244999993,null,1.6923376326695662E7,null,null,1.6923676326695662E7,null,null,null,null,2356111.033206302
Sat Sep 19 11:00:00 UTC 2026,1.61117,101772.64244999993,null,1.6856966161809146E7,null,null,1.6857266161809146E7,null,null,null,null,2343457.5668197474
Sat Sep 19 12:00:00 UTC 2026,1.61117,101772.64244999993,null,1.6790555996922627E7,null,null,1.679085599692263E7,null,null,null,null,2330804.100433193
Sat Sep 19 13:00:00 UTC 2026,1.61117,101772.64244999993,null,1.6724145832036117E7,null,null,1.6724445832036119E7,null,null,null,null,2318150.6340466384
Sat Sep 19 14:00:00 UTC 2026,1.61117,101772.64244999993,null,1.66577356671496E7,null,null,1.6658035667149602E7,null,null,null,null,2305497.1676600836
Sat Sep 19 15:00:00 UTC 2026,1.61117,101772.64244999993,null,1.6591325502263086E7,null,null,1.6591625502263086E7,null,null,null,null,2292843.7012735293
Sat Sep 19 16:00:00 UTC 2026,1.61117,101772.64244999993,null,1.652491533737657E7,null,null,1.652521533737657E7,null,null,null,null,2280190.2348869746
Sat Sep 19 17:00:00 UTC 2026,1.61117,101772.64244999993,null,1.6458505172490057E7,null,null,1.6458805172490053E7,null,null,null,null,2267536.7685004203
Sat Sep 19 18:00:00 UTC 2026,1.61117,101772.64244999993,null,1.6392095007603537E7,null,null,1.6392395007603537E7,null,null,null,null,2254883.3021138655
Sat Sep 19 19:00:00 UTC 2026,1.61117,101772.64244999993,null,1.6325684842717024E7,null,null,1.6325984842717022E7,null,null,null,null,2242229.8357273103
Sat Sep 19 20:00:00 UTC 2026,1.61117,101772.64244999993,null,1.6259274677830508E7,null,null,1.6259574677830508E7,null,null,null,null,2229576.369340756
Sat Sep 19 21:00:00 UTC 2026,1.61117,101772.64244999993,null,1.6192864512943994E7,null,null,1.6193164512943992E7,null,null,null,null,2216922.902954201
Sat Sep 19 22:00:00 UTC 2026,1.61117,101772.64244999993,null,1.6126454348057475E7,null,null,1.6126754348057477E7,null,null,null,null,2204269.4365676465
Sat Sep 19 23:00:00 UTC 2026,1.61117,101772.64244999993,null,1.6060044183170961E7,null,null,1.6060344183170963E7,null,null,null,null,2191615.970181092
Sun Sep 20 00:00:00 UTC 2026,1.61117,101772.64244999993,null,1.5993634018284447E7,null,null,1.5993934018284447E7,null,null,null,null,2178962.5037945374
Sun Sep 20 01:00:00 UTC 2026,1.61117,101772.64244999993,null,1.5927223853397932E7,null,null,1.5927523853397932E7,null,null,null,null,2166309.0374079826
Sun Sep 20 02:00:00 UTC 2026,1.61117,101772.64244999993,null,1.5860813688511414E7,null,null,1.5861113688511416E7,null,null,null,null,2153655.5710214283
Sun Sep 20 03:00:00 UTC 2026,1.61117,101772.64244999993,null,1.57944035236249E7,null,null,1.57947035236249E7,null,null,null,null,2141002.1046348736
Sun Sep 20 04:00:00 UTC 2026,1.61117,101772.64244999993,null,1.5727993358738385E7,null,null,1.5728293358738385E7,null,null,null,null,2128348.638248319
Sun Sep 20 05:00:00 UTC 2026,1.61117,101772.64244999993,null,1.566158319385187E7,null,null,1.566188319385187E7,null,null,null,null,2115695.1718617645
Sun Sep 20 06:00:00 UTC 2026,1.61117,101772.64244999993,null,1.5595173028965356E7,null,null,1.5595473028965356E7,null,null,null,null,2103041.7054752093
Sun Sep 20 07:00:00 UTC 2026,1.61117,101772.64244999993,null,1.552876286407884E7,null,null,1.552906286407884E7,null,null,null,null,2090388.2390886552
Sun Sep 20 08:00:00 UTC 2026,1.61117,101772.64244999993,null,1.5462352699192323E7,null,null,1.5462652699192325E7,null,null,null,null,2077734.7727021007
Sun Sep 20 09:00:00 UTC 2026,1.61117,101772.64244999993,null,1.5395942534305807E7,null,null,1.5396242534305807E7,null,null,null,null,2065081.306315546
Sun Sep 20 10:00:00 UTC 2026,1.61117,101772.64244999993,null,1.5329532369419293E7,null,null,1.5329832369419293E7,null,null,null,null,2052427.8399289914
Sun Sep 20 11:00:00 UTC 2026,1.61117,101772.64244999993,null,1.5263122204532778E7,null,null,1.5263422204532778E7,null,null,null,null,2039774.3735424369
Sun Sep 20 12:00:00 UTC 2026,1.61117,101772.64244999993,null,1.519671203964626E7,null,null,1.519701203964626E7,null,null,null,null,2027120.907155882
Sun Sep 20 13:00:00 UTC 2026,1.61117,101772.64244999993,null,1.5130301874759749E7,null,null,1.5130601874759749E7,null,null,null,null,2014467.4407693276
Sun Sep 20 14:00:00 UTC 2026,1.61117,101772.64244999993,null,1.5063891709873233E7,null,null,1.5064191709873233E7,null,null,null,null,2001813.974382773
Sun Sep 20 15:00:00 UTC 2026,1.61117,101772.64244999993,null,1.4997481544986716E7,null,null,1.4997781544986716E7,null,null,null,null,1989160.5079962183
Sun Sep 20 16:00:00 UTC 2026,1.61117,101772.64244999993,null,1.49310713801002E7,null,null,1.49313713801002E7,null,null,null,null,1976507.041609664
Sun Sep 20 17:00:00 UTC 2026,1.61117,101772.64244999993,null,1.4864661215213686E7,null,null,1.4864961215213686E7,null,null,null,null,1963853.5752231092
Sun Sep 20 18:00:00 UTC 2026,1.61117,101772.64244999993,null,1.479825105032717E7,null,null,1.479855105032717E7,null,null,null,null,1951200.1088365542
Sun Sep 20 19:00:00 UTC 2026,1.61117,101772.64244999993,null,1.4731840885440653E7,null,null,1.4732140885440653E7,null,null,null,null,1938546.6424499997
Sun Sep 20 20:00:00 UTC 2026,1.61117,101772.64244999993,null,1.4665430720554141E7,null,null,1.4665730720554141E7,null,null,null,null,1925893.176063445
Sun Sep 20 21:00:00 UTC 2026,1.61117,90924.64244999993,null,1.4599020555667626E7,null,null,1.4599320555667624E7,null,null,null,null,1913239.7096768904
Sun Sep 20 22:00:00 UTC 2026,1.61117,151329.64244999993,null,1.4532610390781108E7,null,null,1.4532910390781108E7,null,null,null,null,1900586.2432903359
Sun Sep 20 23:00:00 UTC 2026,1.61117,1473616.6424500002,null,1.4466200225894595E7,null,null,1.4466500225894595E7,null,null,null,null,1887932.776903781
Mon Sep 21 00:00:00 UTC 2026,1.61117,146867.64244999993,null,1.4399790061008079E7,null,null,1.4400090061008079E7,null,null,null,null,1875279.3105172263
Mon Sep 21 01:00:00 UTC 2026,1.61117,150821.64244999993,null,1.4333379896121563E7,null,null,1.4333679896121562E7,null,null,null,null,1862625.844130672
Mon Sep 21 02:00:00 UTC 2026,1.61117,163808.64244999993,null,1.4266969731235046E7,null,null,1.4267269731235046E7,null,null,null,null,1849972.3777441173
Mon Sep 21 03:00:00 UTC 2026,1.61117,136014.64244999993,null,1.4200559566348532E7,null,null,1.4200859566348534E7,null,null,null,null,1837318.9113575628
Mon Sep 21 04:00:00 UTC 2026,1.61117,146501.64244999993,null,1.4134149401462018E7,null,null,1.4134449401462017E7,null,null,null,null,1824665.4449710082
Mon Sep 21 05:00:00 UTC 2026,1.61117,186781.64244999993,null,1.4067739236575501E7,null,null,1.4068039236575501E7,null,null,null,null,1812011.978584453
Mon Sep 21 06:00:00 UTC 2026,1.61117,253492.64244999993,null,1.4001329071688987E7,null,null,1.4001629071688987E7,null,null,null,null,1799358.5121978985
Mon Sep 21 07:00:00 UTC 2026,1.61117,202427.64244999993,null,1.393491890680247E7,null,null,1.393521890680247E7,null,null,null,null,1786705.0458113444
Mon Sep 21 08:00:00 UTC 2026,1.61117,187483.64244999993,null,1.3868508741915956E7,null,null,1.3868808741915954E7,null,null,null,null,1774051.5794247896
Mon Sep 21 09:00:00 UTC 2026,1.61117,186845.64244999993,null,1.3802098577029439E7,null,null,1.3802398577029439E7,null,null,null,null,1761398.113038235
Mon Sep 21 10:00:00 UTC 2026,1.61117,212556.64244999993,null,1.3735688412142925E7,null,null,1.3735988412142925E7,null,null,null,null,1748744.6466516806
Mon Sep 21 11:00:00 UTC 2026,1.61117,172920.64244999993,null,1.366927824725641E7,null,null,1.366957824725641E7,null,null,null,null,1736091.1802651258
Mon Sep 21 12:00:00 UTC 2026,1.61117,158359.64244999993,null,1.3602868082369894E7,null,null,1.3603168082369894E7,null,null,null,null,1723437.7138785715
Mon Sep 21 13:00:00 UTC 2026,1.61117,127934.64244999993,null,1.353645791748338E7,null,null,1.3536757917483378E7,null,null,null,null,1710784.2474920168
Mon Sep 21 14:00:00 UTC 2026,1.61117,85490.64244999993,null,1.3470047752596863E7,null,null,1.3470347752596863E7,null,null,null,null,1698130.7811054622
Mon Sep 21 15:00:00 UTC 2026,1.61117,75027.64244999993,null,1.3403637587710347E7,null,null,1.3403937587710347E7,null,null,null,null,1685477.3147189077
Mon Sep 21 16:00:00 UTC 2026,1.61117,64088.64244999993,null,1.3337227422823831E7,null,null,1.3337527422823831E7,null,null,null,null,1672823.8483323525
Mon Sep 21 17:00:00 UTC 2026,1.61117,93797.64244999993,null,1.3270817257937318E7,null,null,1.3271117257937318E7,null,null,null,null,1660170.381945798
Mon Sep 21 18:00:00 UTC 2026,1.61117,70027.64244999993,null,1.32044070930508E7,null,null,1.3204707093050802E7,null,null,null,null,1647516.9155592434
Mon Sep 21 19:00:00 UTC 2026,1.61117,63216.64244999993,null,1.3137996928164285E7,null,null,1.3138296928164287E7,null,null,null,null,1634863.4491726886
Mon Sep 21 20:00:00 UTC 2026,1.61117,88574.64244999993,null,1.3071586763277773E7,null,null,1.3071886763277771E7,null,null,null,null,1622209.9827861341
Mon Sep 21 21:00:00 UTC 2026,1.61117,114717.64244999993,null,1.3005176598391255E7,null,null,1.3005476598391255E7,null,null,null,null,1609556.5163995796
Mon Sep 21 22:00:00 UTC 2026,1.61117,135240.64244999993,null,1.293876643350474E7,null,null,1.293906643350474E7,null,null,null,null,1596903.0500130248
Mon Sep 21 23:00:00 UTC 2026,1.61117,118469.64244999993,null,1.2872356268618222E7,null,null,1.2872656268618222E7,null,null,null,null,1584249.5836264703
Tue Sep 22 00:00:00 UTC 2026,1.61117,178778.64244999993,null,1.280594610373171E7,null,null,1.280624610373171E7,null,null,null,null,1571596.1172399158
Tue Sep 22 01:00:00 UTC 2026,1.61117,153038.64244999993,null,1.2739535938845193E7,null,null,1.2739835938845195E7,null,null,null,null,1558942.650853361
Tue Sep 22 02:00:00 UTC 2026,1.61117,142567.64244999993,null,1.2673125773958677E7,null,null,1.2673425773958677E7,null,null,null,null,1546289.1844668065
Tue Sep 22 03:00:00 UTC 2026,1.61117,114414.64244999993,null,1.2606715609072166E7,null,null,1.2607015609072164E7,null,null,null,null,1533635.7180802515
Tue Sep 22 04:00:00 UTC 2026,1.61117,112538.64244999993,null,1.2540305444185648E7,null,null,1.2540605444185648E7,null,null,null,null,1520982.2516936967
Tue Sep 22 05:00:00 UTC 2026,1.61117,142740.64244999993,null,1.2473895279299133E7,null,null,1.247419527929913E7,null,null,null,null,1508328.7853071422
Tue Sep 22 06:00:00 UTC 2026,1.61117,71670.64244999993,null,1.2407485114412615E7,null,null,1.2407785114412615E7,null,null,null,null,1495675.3189205877
Tue Sep 22 07:00:00 UTC 2026,1.61117,154625.64244999993,null,1.2341074949526103E7,null,null,1.2341374949526103E7,null,null,null,null,1483021.8525340334
Tue Sep 22 08:00:00 UTC 2026,1.61117,-234631.35754999996,null,1.2274664784639586E7,null,null,1.2274964784639588E7,null,null,null,null,1470368.386147479
Tue Sep 22 09:00:00 UTC 2026,1.61117,-231708.35754999996,null,1.220825461975307E7,null,null,1.220855461975307E7,null,null,null,null,1457714.9197609243
Tue Sep 22 10:00:00 UTC 2026,1.61117,-216164.35754999996,null,1.2141844454866558E7,null,null,1.2142144454866556E7,null,null,null,null,1445061.4533743698
Tue Sep 22 11:00:00 UTC 2026,1.61117,-172705.35755000007,null,1.207543428998004E7,null,null,1.207573428998004E7,null,null,null,null,1432407.9869878152
Tue Sep 22 12:00:00 UTC 2026,1.61117,-170895.35755000007,null,1.2009024125093525E7,null,null,1.2009324125093523E7,null,null,null,null,1419754.5206012605
Tue Sep 22 13:00:00 UTC 2026,1.61117,-203554.35754999996,null,1.1942613960207008E7,null,null,1.1942913960207008E7,null,null,null,null,1407101.054214706
Tue Sep 22 14:00:00 UTC 2026,1.61117,-218306.35754999996,null,1.1876203795320496E7,null,null,1.1876503795320496E7,null,null,null,null,1394447.587828151
Tue Sep 22 15:00:00 UTC 2026,1.61117,-240115.35754999996,null,1.1809793630433979E7,null,null,1.1810093630433979E7,null,null,null,null,1381794.1214415962
Tue Sep 22 16:00:00 UTC 2026,1.61117,-188048.35755000007,null,1.1743383465547463E7,null,null,1.1743683465547463E7,null,null,null,null,1369140.6550550417
Tue Sep 22 17:00:00 UTC 2026,1.61117,-209784.35754999996,null,1.167697330066095E7,null,null,1.167727330066095E7,null,null,null,null,1356487.1886684871
Tue Sep 22 18:00:00 UTC 2026,1.61117,-241412.35754999996,null,1.1610563135774434E7,null,null,1.1610863135774432E7,null,null,null,null,1343833.7222819324
Tue Sep 22 19:00:00 UTC 2026,1.61117,-258893.35754999996,null,1.1544152970887918E7,null,null,1.1544452970887916E7,null,null,null,null,1331180.255895378
Tue Sep 22 20:00:00 UTC 2026,1.61117,-216282.35754999996,null,1.14777428060014E7,null,null,1.1478042806001402E7,null,null,null,null,1318526.7895088233
Tue Sep 22 21:00:00 UTC 2026,1.61117,-227567.35754999996,null,1.1411332641114889E7,null,null,1.1411632641114887E7,null,null,null,null,1305873.3231222685
Tue Sep 22 22:00:00 UTC 2026,1.61117,-327206.35754999996,null,1.1344922476228371E7,null,null,1.1345222476228371E7,null,null,null,null,1293219.856735714
Tue Sep 22 23:00:00 UTC 2026,1.61117,-298514.35754999996,null,1.1278512311341858E7,null,null,1.1278812311341858E7,null,null,null,null,1280566.3903491595
Wed Sep 23 00:00:00 UTC 2026,1.61117,-254470.35754999996,null,1.121210214645534E7,null,null,1.121240214645534E7,null,null,null,null,1267912.9239626047
Wed Sep 23 01:00:00 UTC 2026,1.61117,-217370.35754999996,null,1.1145691981568826E7,null,null,1.1145991981568826E7,null,null,null,null,1255259.45757605
Wed Sep 23 02:00:00 UTC 2026,1.61117,-214208.35754999996,null,1.107928181668231E7,null,null,1.107958181668231E7,null,null,null,null,1242605.9911894954
Wed Sep 23 03:00:00 UTC 2026,1.61117,-205695.35754999996,null,1.1012871651795795E7,null,null,1.1013171651795795E7,null,null,null,null,1229952.524802941
Wed Sep 23 04:00:00 UTC 2026,1.61117,-180236.35755000007,null,1.0946461486909281E7,null,null,1.094676148690928E7,null,null,null,null,1217299.0584163861
Wed Sep 23 05:00:00 UTC 2026,1.61117,-187475.35755000007,null,1.0880051322022764E7,null,null,1.0880351322022764E7,null,null,null,null,1204645.5920298316
Wed Sep 23 06:00:00 UTC 2026,1.61117,-166895.35755000007,null,1.081364115713625E7,null,null,1.081394115713625E7,null,null,null,null,1191992.125643277
Wed Sep 23 07:00:00 UTC 2026,1.61117,-151672.35755000007,null,1.0747230992249733E7,null,null,1.0747530992249733E7,null,null,null,null,1179338.6592567223
Wed Sep 23 08:00:00 UTC 2026,1.61117,-153167.35755000007,null,1.068082082736322E7,null,null,1.068112082736322E7,null,null,null,null,1166685.192870168
Wed Sep 23 09:00:00 UTC 2026,1.61117,-156736.35755000007,null,1.0614410662476704E7,null,null,1.0614710662476704E7,null,null,null,null,1154031.7264836133
Wed Sep 23 10:00:00 UTC 2026,1.61117,-164265.35755000007,null,1.0548000497590188E7,null,null,1.0548300497590186E7,null,null,null,null,1141378.2600970585
Wed Sep 23 11:00:00 UTC 2026,1.61117,-152117.35755000007,null,1.0481590332703672E7,null,null,1.0481890332703672E7,null,null,null,null,1128724.7937105037
Wed Sep 23 12:00:00 UTC 2026,1.61117,-175183.35755000007,null,1.0415180167817157E7,null,null,1.0415480167817157E7,null,null,null,null,1116071.3273239494
Wed Sep 23 13:00:00 UTC 2026,1.61117,-233298.35754999996,null,1.0348770002930641E7,null,null,1.0349070002930641E7,null,null,null,null,1103417.860937395
Wed Sep 23 14:00:00 UTC 2026,1.61117,-269285.35754999996,null,1.0282359838044126E7,null,null,1.0282659838044126E7,null,null,null,null,1090764.3945508404
Wed Sep 23 15:00:00 UTC 2026,1.61117,-201047.35754999996,null,1.021594967315761E7,null,null,1.0216249673157612E7,null,null,null,null,1078110.9281642856
Wed Sep 23 16:00:00 UTC 2026,1.61117,-194766.35755000007,null,1.0149539508271096E7,null,null,1.0149839508271094E7,null,null,null,null,1065457.4617777308
Wed Sep 23 17:00:00 UTC 2026,1.61117,-205971.35754999996,null,1.0083129343384579E7,null,null,1.0083429343384579E7,null,null,null,null,1052803.9953911763
Wed Sep 23 18:00:00 UTC 2026,1.61117,-158065.35755000007,null,1.0016719178498065E7,null,null,1.0017019178498065E7,null,null,null,null,1040150.5290046216
Wed Sep 23 19:00:00 UTC 2026,1.61117,-140443.35755000007,null,9950309.013611548,null,null,9950609.013611548,null,null,null,null,1027497.062618067
Wed Sep 23 20:00:00 UTC 2026,1.61117,-142018.35755000007,null,9883898.848725034,null,null,9884198.848725034,null,null,null,null,1014843.5962315124
Wed Sep 23 21:00:00 UTC 2026,1.61117,-164883.35755000007,null,9817488.683838516,null,null,9817788.683838518,null,null,null,null,1002190.1298449576
Wed Sep 23 22:00:00 UTC 2026,1.61117,-100668.35755000007,null,9751078.518952003,null,null,9751378.518952005,null,null,null,null,989536.663458403
Wed Sep 23 23:00:00 UTC 2026,1.61117,-130325.35755000007,null,9684668.354065489,null,null,9684968.354065487,null,null,null,null,976883.1970718483
Thu Sep 24 00:00:00 UTC 2026,1.61117,-113018.35755000007,null,9618258.189178972,null,null,9618558.189178972,null,null,null,null,964229.7306852938
Thu Sep 24 01:00:00 UTC 2026,1.61117,-134119.35755000007,null,9551848.024292458,null,null,9552148.024292458,null,null,null,null,951576.2642987394
Thu Sep 24 02:00:00 UTC 2026,1.61117,646019.6424499999,null,9485437.85940594,null,null,9485737.85940594,null,null,null,null,938922.7979121848
Thu Sep 24 03:00:00 UTC 2026,1.61117,-108932.35755000007,null,9419027.694519427,null,null,9419327.694519427,null,null,null,null,926269.33152563
Thu Sep 24 04:00:00 UTC 2026,1.61117,-161130.35755000007,null,9352617.52963291,null,null,9352917.529632911,null,null,null,null,913615.8651390754
Thu Sep 24 05:00:00 UTC 2026,1.61117,-153891.35755000007,null,9286207.364746395,null,null,9286507.364746395,null,null,null,null,900962.3987525208
Thu Sep 24 06:00:00 UTC 2026,1.61117,-161256.35755000007,null,9219797.19985988,null,null,9220097.19985988,null,null,null,null,888308.9323659663
Thu Sep 24 07:00:00 UTC 2026,1.61117,-144965.35755000007,null,9153387.034973364,null,null,9153687.034973364,null,null,null,null,875655.4659794116
Thu Sep 24 08:00:00 UTC 2026,1.61117,-130120.35755000007,null,9086976.87008685,null,null,9087276.870086849,null,null,null,null,863001.9995928569
Thu Sep 24 09:00:00 UTC 2026,1.61117,-142046.35755000007,null,9020566.705200333,null,null,9020866.705200333,null,null,null,null,850348.5332063022
Thu Sep 24 10:00:00 UTC 2026,1.61117,-145843.35755000007,null,8954156.54031382,null,null,8954456.54031382,null,null,null,null,837695.0668197476
Thu Sep 24 11:00:00 UTC 2026,1.61117,-115052.35755000007,null,8887746.375427302,null,null,8888046.375427302,null,null,null,null,825041.600433193
Thu Sep 24 12:00:00 UTC 2026,1.61117,-95847.35755000007,null,8821336.210540788,null,null,8821636.210540788,null,null,null,null,812388.1340466384
Thu Sep 24 13:00:00 UTC 2026,1.61117,-148292.35755000007,null,8754926.045654273,null,null,8755226.045654273,null,null,null,null,799734.6676600841
Thu Sep 24 14:00:00 UTC 2026,1.61117,-159947.35755000007,null,8688515.880767757,null,null,8688815.880767757,null,null,null,null,787081.2012735292
Thu Sep 24 15:00:00 UTC 2026,1.61117,-86629.35755000007,null,8622105.715881243,null,null,8622405.715881241,null,null,null,null,774427.7348869747
Thu Sep 24 16:00:00 UTC 2026,1.61117,-99392.35755000007,null,8555695.550994726,null,null,8555995.550994726,null,null,null,null,761774.2685004199
Thu Sep 24 17:00:00 UTC 2026,1.61117,-54547.35755000007,null,8489285.386108212,null,null,8489585.386108212,null,null,null,null,749120.8021138654
Thu Sep 24 18:00:00 UTC 2026,1.61117,-113593.35755000007,null,8422875.221221697,null,null,8423175.221221697,null,null,null,null,736467.3357273107
Thu Sep 24 19:00:00 UTC 2026,1.61117,-121072.35755000007,null,8356465.056335181,null,null,8356765.056335181,null,null,null,null,723813.869340756
Thu Sep 24 20:00:00 UTC 2026,1.61117,-119143.35755000007,null,8290054.891448666,null,null,8290354.8914486645,null,null,null,null,711160.4029542013
Thu Sep 24 21:00:00 UTC 2026,1.61117,-112907.35755000007,null,8223644.72656215,null,null,8223944.726562151,null,null,null,null,698506.9365676467
Thu Sep 24 22:00:00 UTC 2026,1.61117,-112331.35755000007,null,8157234.561675635,null,null,8157534.561675634,null,null,null,null,685853.4701810922
Thu Sep 24 23:00:00 UTC 2026,1.61117,-85770.35755000007,null,8090824.396789119,null,null,8091124.396789119,null,null,null,null,673200.0037945375
Fri Sep 25 00:00:00 UTC 2026,1.61117,-118423.35755000007,null,8024414.231902604,null,null,8024714.231902604,null,null,null,null,660546.537407983
Fri Sep 25 01:00:00 UTC 2026,1.61117,-120707.35755000007,null,7958004.067016089,null,null,7958304.067016089,null,null,null,null,647893.0710214283
Fri Sep 25 02:00:00 UTC 2026,1.61117,-110284.35755000007,null,7891593.902129574,null,null,7891893.902129574,null,null,null,null,635239.6046348738
Fri Sep 25 03:00:00 UTC 2026,1.61117,-38105.35755000007,null,7825183.737243059,null,null,7825483.737243059,null,null,null,null,622586.1382483192
Fri Sep 25 04:00:00 UTC 2026,1.61117,-43875.35755000007,null,7758773.572356543,null,null,7759073.572356543,null,null,null,null,609932.6718617646
Fri Sep 25 05:00:00 UTC 2026,1.61117,-54722.35755000007,null,7692363.407470028,null,null,7692663.407470027,null,null,null,null,597279.20547521
Fri Sep 25 06:00:00 UTC 2026,1.61117,-85972.35755000007,null,7625953.242583511,null,null,7626253.2425835105,null,null,null,null,584625.7390886552
Fri Sep 25 07:00:00 UTC 2026,1.61117,-55206.35755000007,null,7559543.077696997,null,null,7559843.077696996,null,null,null,null,571972.2727021006
Fri Sep 25 08:00:00 UTC 2026,1.61117,-81394.35755000007,null,7493132.91281048,null,null,7493432.912810482,null,null,null,null,559318.8063155459
Fri Sep 25 09:00:00 UTC 2026,1.61117,-89201.35755000007,null,7426722.7479239665,null,null,7427022.747923966,null,null,null,null,546665.3399289914
Fri Sep 25 10:00:00 UTC 2026,1.61117,-128804.35755000007,null,7360312.583037451,null,null,7360612.583037451,null,null,null,null,534011.8735424367
Fri Sep 25 11:00:00 UTC 2026,1.61117,-108124.35755000007,null,7293902.418150934,null,null,7294202.418150934,null,null,null,null,521358.4071558822
Fri Sep 25 12:00:00 UTC 2026,1.61117,-63436.35755000007,null,7227492.25326442,null,null,7227792.25326442,null,null,null,null,508704.9407693276
Fri Sep 25 13:00:00 UTC 2026,1.61117,-57328.35755000007,null,7161082.088377903,null,null,7161382.088377904,null,null,null,null,496051.47438277304
Fri Sep 25 14:00:00 UTC 2026,1.61117,-31355.357550000073,null,7094671.923491389,null,null,7094971.923491389,null,null,null,null,483398.0079962184
Fri Sep 25 15:00:00 UTC 2026,1.61117,-40567.35755000007,null,7028261.758604874,null,null,7028561.758604874,null,null,null,null,470744.54160966375
Fri Sep 25 16:00:00 UTC 2026,1.61117,-35056.35755000007,null,6961851.593718357,null,null,6962151.593718358,null,null,null,null,458091.0752231091
Fri Sep 25 17:00:00 UTC 2026,1.61117,-34751.35755000007,null,6895441.428831844,null,null,6895741.428831843,null,null,null,null,445437.6088365546
Fri Sep 25 18:00:00 UTC 2026,1.61117,-10053.357550000073,null,6829031.263945327,null,null,6829331.263945326,null,null,null,null,432784.1424499997
Fri Sep 25 19:00:00 UTC 2026,1.61117,17096.642449999927,null,6762621.0990588125,null,null,6762921.0990588125,null,null,null,null,420130.67606344505
Fri Sep 25 20:00:00 UTC 2026,1.61117,20166.642449999927,null,6696210.934172297,null,null,6696510.934172297,null,null,null,null,407477.2096768905
Fri Sep 25 21:00:00 UTC 2026,1.61117,20166.642449999927,null,6629800.769285781,null,null,6630100.769285781,null,null,null,null,394823.7432903359
Fri Sep 25 22:00:00 UTC 2026,1.61117,20166.642449999927,null,6563390.604399266,null,null,6563690.604399267,null,null,null,null,382170.27690378134
Fri Sep 25 23:00:00 UTC 2026,1.61117,20166.642449999927,null,6496980.43951275,null,null,6497280.43951275,null,null,null,null,369516.81051722646
Sat Sep 26 00:00:00 UTC 2026,1.61117,20166.642449999927,null,6430570.2746262355,null,null,6430870.2746262355,null,null,null,null,356863.34413067217
Sat Sep 26 01:00:00 UTC 2026,1.61117,20166.642449999927,null,6364160.10973972,null,null,6364460.109739719,null,null,null,null,344209.8777441175
Sat Sep 26 02:00:00 UTC 2026,1.61117,20166.642449999927,null,6297749.944853204,null,null,6298049.944853205,null,null,null,null,331556.411357563
Sat Sep 26 03:00:00 UTC 2026,1.61117,20166.642449999927,null,6231339.77996669,null,null,6231639.77996669,null,null,null,null,318902.94497100834
Sat Sep 26 04:00:00 UTC 2026,1.61117,20166.642449999927,null,6164929.615080173,null,null,6165229.615080173,null,null,null,null,306249.4785844538
Sat Sep 26 05:00:00 UTC 2026,1.61117,20166.642449999927,null,6098519.4501936585,null,null,6098819.450193659,null,null,null,null,293596.01219789893
Sat Sep 26 06:00:00 UTC 2026,1.61117,20166.642449999927,null,6032109.285307142,null,null,6032409.285307143,null,null,null,null,280942.5458113443
Sat Sep 26 07:00:00 UTC 2026,1.61117,20166.642449999927,null,5965699.120420627,null,null,5965999.120420627,null,null,null,null,268289.07942478976
Sat Sep 26 08:00:00 UTC 2026,1.61117,20166.642449999927,null,5899288.955534112,null,null,5899588.955534112,null,null,null,null,255635.6130382351
Sat Sep 26 09:00:00 UTC 2026,1.61117,20166.642449999927,null,5832878.790647597,null,null,5833178.790647597,null,null,null,null,242982.14665168058
Sat Sep 26 10:00:00 UTC 2026,1.61117,20166.642449999927,null,5766468.625761082,null,null,5766768.625761082,null,null,null,null,230328.6802651257
Sat Sep 26 11:00:00 UTC 2026,1.61117,20166.642449999927,null,5700058.460874566,null,null,5700358.460874566,null,null,null,null,217675.21387857117
Sat Sep 26 12:00:00 UTC 2026,1.61117,20166.642449999927,null,5633648.295988051,null,null,5633948.295988051,null,null,null,null,205021.74749201676
Sat Sep 26 13:00:00 UTC 2026,1.61117,20166.642449999927,null,5567238.131101535,null,null,5567538.131101536,null,null,null,null,192368.2811054621
Sat Sep 26 14:00:00 UTC 2026,1.61117,20166.642449999927,null,5500827.96621502,null,null,5501127.96621502,null,null,null,null,179714.81471890747
Sat Sep 26 15:00:00 UTC 2026,1.61117,20166.642449999927,null,5434417.801328504,null,null,5434717.8013285035,null,null,null,null,167061.34833235294
Sat Sep 26 16:00:00 UTC 2026,1.61117,20166.642449999927,null,5368007.63644199,null,null,5368307.63644199,null,null,null,null,154407.88194579806
Sat Sep 26 17:00:00 UTC 2026,1.61117,20166.642449999927,null,5301597.471555475,null,null,5301897.471555474,null,null,null,null,141754.4155592434
Sat Sep 26 18:00:00 UTC 2026,1.61117,20166.642449999927,null,5235187.306668959,null,null,5235487.306668958,null,null,null,null,129100.94917268888
Sat Sep 26 19:00:00 UTC 2026,1.61117,20166.642449999927,null,5168777.141782444,null,null,5169077.141782444,null,null,null,null,116447.48278613423
Sat Sep 26 20:00:00 UTC 2026,1.61117,20166.642449999927,null,5102366.976895928,null,null,5102666.976895928,null,null,null,null,103794.0163995797
Sat Sep 26 21:00:00 UTC 2026,1.61117,20166.642449999927,null,5035956.812009413,null,null,5036256.812009413,null,null,null,null,91140.55001302494
Sat Sep 26 22:00:00 UTC 2026,1.61117,20166.642449999927,null,4969546.647122897,null,null,4969846.647122897,null,null,null,null,78487.08362647041
Sat Sep 26 23:00:00 UTC 2026,1.61117,20166.642449999927,null,4903136.482236383,null,null,4903436.482236382,null,null,null,null,65833.61723991577
Sun Sep 27 00:00:00 UTC 2026,1.61117,20166.642449999927,null,4836726.317349867,null,null,4837026.317349867,null,null,null,null,53180.150853361236
Sun Sep 27 01:00:00 UTC 2026,1.61117,20166.642449999927,null,4770316.152463351,null,null,4770616.152463351,null,null,null,null,40526.68446680659
Sun Sep 27 02:00:00 UTC 2026,1.61117,20166.642449999927,null,4703905.987576836,null,null,4704205.987576837,null,null,null,null,27873.218080251943
Sun Sep 27 03:00:00 UTC 2026,1.61117,20166.642449999927,null,4637495.82269032,null,null,4637795.822690321,null,null,null,null,15219.751693697413
Sun Sep 27 04:00:00 UTC 2026,1.61117,20166.642449999927,null,4571085.657803805,null,null,4571385.657803806,null,null,null,null,2566.2853071426507
Sun Sep 27 05:00:00 UTC 2026,1.61117,20166.642449999927,null,4504675.49291729,null,null,4504975.49291729,null,null,null,null,-10087.18107941188
Sun Sep 27 06:00:00 UTC 2026,1.61117,20166.642449999927,null,4438265.328030774,null,null,4438565.328030774,null,null,null,null,-22740.647465966525
Sun Sep 27 07:00:00 UTC 2026,1.61117,20166.642449999927,null,4371855.163144259,null,null,4372155.163144259,null,null,null,null,-35394.11385252117
Sun Sep 27 08:00:00 UTC 2026,1.61117,20166.642449999927,null,4305444.998257744,null,null,4305744.998257744,null,null,null,null,-48047.58023907582
Sun Sep 27 09:00:00 UTC 2026,1.61117,20166.642449999927,null,4239034.833371229,null,null,4239334.833371229,null,null,null,null,-60701.04662563023
Sun Sep 27 10:00:00 UTC 2026,1.61117,20166.642449999927,null,4172624.668484713,null,null,4172924.6684847134,null,null,null,null,-73354.513012185
Sun Sep 27 11:00:00 UTC 2026,1.61117,20166.642449999927,null,4106214.5035981974,null,null,4106514.5035981983,null,null,null,null,-86007.97939873964
Sun Sep 27 12:00:00 UTC 2026,1.61117,20166.642449999927,null,4039804.3387116822,null,null,4040104.338711682,null,null,null,null,-98661.44578529429
Sun Sep 27 13:00:00 UTC 2026,1.61117,20166.642449999927,null,3973394.1738251667,null,null,3973694.1738251667,null,null,null,null,-111314.91217184893
Sun Sep 27 14:00:00 UTC 2026,1.61117,20166.642449999927,null,3906984.0089386515,null,null,3907284.0089386515,null,null,null,null,-123968.37855840358
Sun Sep 27 15:00:00 UTC 2026,1.61117,20166.642449999927,null,3840573.844052137,null,null,3840873.844052136,null,null,null,null,-136621.8449449581
Sun Sep 27 16:00:00 UTC 2026,1.61117,20166.642449999927,null,3774163.6791656213,null,null,3774463.679165621,null,null,null,null,-149275.31133151276
Sun Sep 27 17:00:00 UTC 2026,1.61117,20166.642449999927,null,3707753.5142791057,null,null,3708053.5142791057,null,null,null,null,-161928.7777180674
Sun Sep 27 18:00:00 UTC 2026,1.61117,20166.642449999927,null,3641343.34939259,null,null,3641643.3493925906,null,null,null,null,-174582.24410462205
Sun Sep 27 19:00:00 UTC 2026,1.61117,20166.642449999927,null,3574933.184506075,null,null,3575233.1845060755,null,null,null,null,-187235.7104911767
Sun Sep 27 20:00:00 UTC 2026,1.61117,20166.642449999927,null,3508523.0196195594,null,null,3508823.019619559,null,null,null,null,-199889.17687773122
Sun Sep 27 21:00:00 UTC 2026,1.61117,29609.642449999927,null,3442112.8547330447,null,null,3442412.8547330447,null,null,null,null,-212542.64326428587
Sun Sep 27 22:00:00 UTC 2026,1.61117,48658.64244999993,null,3375702.6898465296,null,null,3376002.6898465296,null,null,null,null,-225196.1096508404
Sun Sep 27 23:00:00 UTC 2026,1.61117,78340.64244999993,null,3309292.524960014,null,null,3309592.524960013,null,null,null,null,-237849.57603739505
Mon Sep 28 00:00:00 UTC 2026,1.61117,112331.64244999993,null,3242882.3600734985,null,null,3243182.360073498,null,null,null,null,-250503.0424239497
Mon Sep 28 01:00:00 UTC 2026,1.61117,99821.64244999993,null,3176472.195186983,null,null,3176772.195186983,null,null,null,null,-263156.50881050434
Mon Sep 28 02:00:00 UTC 2026,1.61117,116877.64244999993,null,3110062.0303004673,null,null,3110362.0303004673,null,null,null,null,-275809.975197059
Mon Sep 28 03:00:00 UTC 2026,1.61117,89776.64244999993,null,3043651.8654139517,null,null,3043951.8654139517,null,null,null,null,-288463.4415836135
Mon Sep 28 04:00:00 UTC 2026,1.61117,71651.64244999993,null,2977241.700527437,null,null,2977541.700527437,null,null,null,null,-301116.90797016816
Mon Sep 28 05:00:00 UTC 2026,1.61117,70560.64244999993,null,2910831.5356409214,null,null,2911131.5356409214,null,null,null,null,-313770.3743567227
Mon Sep 28 06:00:00 UTC 2026,1.61117,64828.64244999993,null,2844421.3707544063,null,null,2844721.3707544063,null,null,null,null,-326423.84074327745
Mon Sep 28 07:00:00 UTC 2026,1.61117,69633.64244999993,null,2778011.2058678907,null,null,2778311.2058678903,null,null,null,null,-339077.307129832
Mon Sep 28 08:00:00 UTC 2026,1.61117,77316.64244999993,null,2711601.040981375,null,null,2711901.040981375,null,null,null,null,-351730.77351638675
Mon Sep 28 09:00:00 UTC 2026,1.61117,58227.64244999993,null,2645190.87609486,null,null,2645490.8760948596,null,null,null,null,-364384.23990294116
Mon Sep 28 10:00:00 UTC 2026,1.61117,109523.64244999993,null,2578780.711208345,null,null,2579080.7112083444,null,null,null,null,-377037.7062894959
Mon Sep 28 11:00:00 UTC 2026,1.61117,87569.64244999993,null,2512370.5463218293,null,null,2512670.5463218293,null,null,null,null,-389691.1726760507
Mon Sep 28 12:00:00 UTC 2026,1.61117,20144.642449999927,null,2445960.3814353137,null,null,2446260.3814353137,null,null,null,null,-402344.6390626052
Mon Sep 28 13:00:00 UTC 2026,1.61117,-14877.357550000073,null,2379550.2165487986,null,null,2379850.2165487986,null,null,null,null,-414998.10544915986
Mon Sep 28 14:00:00 UTC 2026,1.61117,-3724.3575500000734,null,2313140.051662283,null,null,2313440.051662283,null,null,null,null,-427651.5718357145
Mon Sep 28 15:00:00 UTC 2026,1.61117,-65880.35755000007,null,2246729.8867757674,null,null,2247029.8867757674,null,null,null,null,-440305.03822226904
Mon Sep 28 16:00:00 UTC 2026,1.61117,-70897.35755000007,null,2180319.721889252,null,null,2180619.721889252,null,null,null,null,-452958.50460882357
Mon Sep 28 17:00:00 UTC 2026,1.61117,-52562.35755000007,null,2113909.5570027377,null,null,2114209.557002737,null,null,null,null,-465611.97099537833
Mon Sep 28 18:00:00 UTC 2026,1.61117,-43866.35755000007,null,2047499.392116222,null,null,2047799.392116222,null,null,null,null,-478265.43738193286
Mon Sep 28 19:00:00 UTC 2026,1.61117,-45209.35755000007,null,1981089.2272297065,null,null,1981389.2272297067,null,null,null,null,-490918.90376848757
Mon Sep 28 20:00:00 UTC 2026,1.61117,15362.642449999927,null,1914679.0623431911,null,null,1914979.062343191,null,null,null,null,-503572.3701550421
Mon Sep 28 21:00:00 UTC 2026,1.61117,-36741.35755000007,null,1848268.8974566758,null,null,1848568.8974566758,null,null,null,null,-516225.83654159674
Mon Sep 28 22:00:00 UTC 2026,1.61117,-73845.35755000007,null,1781858.7325701602,null,null,1782158.7325701604,null,null,null,null,-528879.3029281513
Mon Sep 28 23:00:00 UTC 2026,1.61117,-42458.35755000007,null,1715448.5676836446,null,null,1715748.5676836446,null,null,null,null,-541532.769314706
Tue Sep 29 00:00:00 UTC 2026,1.61117,-7786.357550000073,null,1649038.4027971292,null,null,1649338.4027971295,null,null,null,null,-554186.2357012606
Tue Sep 29 01:00:00 UTC 2026,1.61117,-32473.357550000073,null,1582628.2379106143,null,null,1582928.2379106143,null,null,null,null,-566839.7020878152
Tue Sep 29 02:00:00 UTC 2026,1.61117,-11100.357550000073,null,1516218.0730240988,null,null,1516518.073024099,null,null,null,null,-579493.1684743699
Tue Sep 29 03:00:00 UTC 2026,1.61117,14763.642449999927,null,1449807.9081375832,null,null,1450107.9081375832,null,null,null,null,-592146.6348609244
Tue Sep 29 04:00:00 UTC 2026,1.61117,63754.64244999993,null,1383397.7432510683,null,null,1383697.743251068,null,null,null,null,-604800.101247479
Tue Sep 29 05:00:00 UTC 2026,1.61117,67468.64244999993,null,1316987.578364553,null,null,1317287.578364553,null,null,null,null,-617453.5676340336
Tue Sep 29 06:00:00 UTC 2026,1.61117,74679.64244999993,null,1250577.4134780373,null,null,1250877.4134780373,null,null,null,null,-630107.0340205883
Tue Sep 29 07:00:00 UTC 2026,1.61117,52564.64244999993,null,1184167.2485915225,null,null,1184467.2485915225,null,null,null,null,-642760.5004071428
Tue Sep 29 08:00:00 UTC 2026,1.61117,-854632.3575500001,null,1117757.083705007,null,null,1118057.0837050066,null,null,null,null,-655413.9667936976
Tue Sep 29 09:00:00 UTC 2026,1.61117,-864180.3575500001,null,1051346.9188184915,null,null,1051646.9188184915,null,null,null,null,-668067.4331802523
Tue Sep 29 10:00:00 UTC 2026,1.61117,-865840.3575500001,null,984936.7539319759,null,null,985236.7539319759,null,null,null,null,-680720.8995668069
Tue Sep 29 11:00:00 UTC 2026,1.61117,-867582.3575500001,null,918526.5890454608,null,null,918826.5890454606,null,null,null,null,-693374.3659533615
Tue Sep 29 12:00:00 UTC 2026,1.61117,-908108.3575500001,null,852116.4241589454,null,null,852416.4241589452,null,null,null,null,-706027.8323399161
Tue Sep 29 13:00:00 UTC 2026,1.61117,-941942.3575500001,null,785706.2592724299,null,null,786006.2592724296,null,null,null,null,-718681.2987264707
Tue Sep 29 14:00:00 UTC 2026,1.61117,-938418.3575500001,null,719296.0943859145,null,null,719596.0943859147,null,null,null,null,-731334.7651130253
Tue Sep 29 15:00:00 UTC 2026,1.61117,-944909.3575500001,null,652885.9294993991,null,null,653185.9294993991,null,null,null,null,-743988.23149958
Tue Sep 29 16:00:00 UTC 2026,1.61117,-953101.3575500001,null,586475.7646128836,null,null,586775.7646128838,null,null,null,null,-756641.6978861345
Tue Sep 29 17:00:00 UTC 2026,1.61117,-946111.3575500001,null,520065.5997263687,null,null,520365.59972636844,null,null,null,null,-769295.1642726893
Tue Sep 29 18:00:00 UTC 2026,1.61117,-953772.3575500001,null,453655.4348398531,null,null,453955.4348398533,null,null,null,null,-781948.6306592438
Tue Sep 29 19:00:00 UTC 2026,1.61117,-962038.3575500001,null,387245.26995333773,null,null,387545.26995333773,null,null,null,null,-794602.0970457984
Tue Sep 29 20:00:00 UTC 2026,1.61117,-975315.3575500001,null,320835.10506682214,null,null,321135.1050668224,null,null,null,null,-807255.5634323531
Tue Sep 29 21:00:00 UTC 2026,1.61117,-961353.3575500001,null,254424.94018030725,null,null,254724.94018030702,null,null,null,null,-819909.0298189076
Tue Sep 29 22:00:00 UTC 2026,1.61117,-961328.3575500001,null,188014.77529379167,null,null,188314.77529379167,null,null,null,null,-832562.4962054624
Tue Sep 29 23:00:00 UTC 2026,1.61117,-955391.3575500001,null,121604.61040727654,null,null,121904.61040727631,null,null,null,null,-845215.9625920169
Wed Sep 30 00:00:00 UTC 2026,1.61117,-1008745.35755,null,55194.44552076119,null,null,55494.44552076119,null,null,null,null,-857869.4289785716
Wed Sep 30 01:00:00 UTC 2026,1.61117,-1019968.35755,null,-11215.719365754165,null,null,-10915.719365754398,null,null,null,null,-870522.8953651261
Wed Sep 30 02:00:00 UTC 2026,1.61117,-1036533.35755,null,-77625.88425226964,null,null,-77325.88425226964,null,null,null,null,-883176.3617516806
Wed Sep 30 03:00:00 UTC 2026,1.61117,-1031602.35755,null,-144036.049138785,null,null,-143736.04913878522,null,null,null,null,-895829.8281382354
Wed Sep 30 04:00:00 UTC 2026,1.61117,-1030881.35755,null,-210446.21402530046,null,null,-210146.21402530035,null,null,null,null,-908483.29452479
Wed Sep 30 05:00:00 UTC 2026,1.61117,-1033531.35755,null,-276856.3789118158,null,null,-276556.3789118158,null,null,null,null,-921136.7609113446
Wed Sep 30 06:00:00 UTC 2026,1.61117,-1048366.35755,null,-343266.5437983312,null,null,-342966.54379833105,null,null,null,null,-933790.2272978993
Wed Sep 30 07:00:00 UTC 2026,1.61117,-1043636.35755,null,-409676.70868484664,null,null,-409376.7086848465,null,null,null,null,-946443.6936844538
Wed Sep 30 08:00:00 UTC 2026,1.61117,-1048747.35755,null,-476086.8735713619,null,null,-475786.873571362,null,null,null,null,-959097.1600710086
Wed Sep 30 09:00:00 UTC 2026,1.61117,-1050872.35755,null,-542497.0384578774,null,null,-542197.0384578772,null,null,null,null,-971750.6264575631
Wed Sep 30 10:00:00 UTC 2026,1.61117,-1044412.35755,null,-608907.2033443926,null,null,-608607.2033443928,null,null,null,null,-984404.0928441178
Wed Sep 30 11:00:00 UTC 2026,1.61117,-1046834.35755,null,-675317.3682309078,null,null,-675017.368230908,null,null,null,null,-997057.5592306723
Wed Sep 30 12:00:00 UTC 2026,1.61117,-1030925.35755,null,-741727.5331174231,null,null,-741427.5331174232,null,null,null,null,-1009711.0256172271
Wed Sep 30 13:00:00 UTC 2026,1.61117,-993824.35755,null,-808137.6980039387,null,null,-807837.6980039387,null,null,null,null,-1022364.4920037816
Wed Sep 30 14:00:00 UTC 2026,1.61117,-1019026.35755,null,-874547.8628904538,null,null,-874247.8628904539,null,null,null,null,-1035017.9583903361
Wed Sep 30 15:00:00 UTC 2026,1.61117,-1031984.35755,null,-940958.0277769694,null,null,-940658.0277769694,null,null,null,null,-1047671.4247768908
Wed Sep 30 16:00:00 UTC 2026,1.61117,-1040366.35755,null,-1007368.1926634846,null,null,-1007068.1926634846,null,null,null,null,-1060324.8911634455
Wed Sep 30 17:00:00 UTC 2026,1.61117,-1073878.35755,null,-1073778.35755,null,null,-1073478.35755,null,null,null,null,-1072978.35755
Wed Sep 30 18:00:00 UTC 2026,1.61117,-1063944.35755,null,null,null,null,null,null,null,null,null,null
Wed Sep 30 19:00:00 UTC 2026,1.61117,-1050492.35755,null,null,null,null,null,null,null,null,null,null
Wed Sep 30 20:00:00 UTC 2026,1.61117,-1044502.35755,null,null,null,null,null,null,null,null,null,null
Wed Sep 30 21:00:00 UTC 2026,1.61117,-1061414.35755,null,null,null,null,null,null,null,null,null,null
Wed Sep 30 22:00:00 UTC 2026,1.61117,-1051074.35755,null,null,null,null,null,null,null,null,null,null
Wed Sep 30 23:00:00 UTC 2026,1.61117,-1036304.35755,null,null,null,null,null,null,null,null,null,null
Thu Oct 01 00:00:00 UTC 2026,1.61117,-1004150.35755,null,null,null,null,null,null,null,null,null,null
Thu Oct 01 01:00:00 UTC 2026,1.61117,-991069.35755,null,null,null,null,null,null,null,null,null,null
Thu Oct 01 02:00:00 UTC 2026,1.61117,-985800.35755,null,null,null,null,null,null,null,null,null,null
Thu Oct 01 03:00:00 UTC 2026,1.61117,-990095.35755,null,null,null,null,null,null,null,null,null,null
Thu Oct 01 04:00:00 UTC 2026,1.61117,-992138.35755,null,null,null,null,null,null,null,null,null,null
Thu Oct 01 05:00:00 UTC 2026,1.61117,-987801.35755,null,null,null,null,null,null,null,null,null,null
Thu Oct 01 06:00:00 UTC 2026,1.61117,-969336.3575500001,null,null,null,null,null,null,null,null,null,null
Thu Oct 01 07:00:00 UTC 2026,1.61117,-969521.3575500001,null,null,null,null,null,null,null,null,null,null
Thu Oct 01 08:00:00 UTC 2026,1.61117,-985917.35755,null,null,null,null,null,null,null,null,null,null
Thu Oct 01 09:00:00 UTC 2026,1.61117,-1037775.35755,null,null,null,null,null,null,null,null,null,null
Thu Oct 01 10:00:00 UTC 2026,1.61117,-1033836.35755,null,null,null,null,null,null,null,null,null,null
Thu Oct 01 11:00:00 UTC 2026,1.61117,-1026065.35755,null,null,null,null,null,null,null,null,null,null
Thu Oct 01 12:00:00 UTC 2026,1.61117,-1017823.35755,null,null,null,null,null,null,null,null,null,null
Thu Oct 01 13:00:00 UTC 2026,1.61117,-1018355.35755,null,null,null,null,null,null,null,null,null,null
Thu Oct 01 14:00:00 UTC 2026,1.61117,-1030108.35755,null,null,null,null,null,null,null,null,null,null
Thu Oct 01 15:00:00 UTC 2026,1.61117,-1016277.35755,null,null,null,null,null,null,null,null,null,null
Thu Oct 01 16:00:00 UTC 2026,1.61117,-1018544.35755,null,null,null,null,null,null,null,null,null,null
Thu Oct 01 17:00:00 UTC 2026,1.61117,-992357.35755,null,null,null,null,null,null,null,null,null,null
Thu Oct 01 18:00:00 UTC 2026,1.61117,-999230.35755,null,null,null,null,null,null,null,null,null,null
Thu Oct 01 19:00:00 UTC 2026,1.61117,-1010327.35755,null,null,null,null,null,null,null,null,null,null
Thu Oct 01 20:00:00 UTC 2026,1.61117,-1015227.35755,null,null,null,null,null,null,null,null,null,null
Thu Oct 01 21:00:00 UTC 2026,1.61117,-983231.3575500001,null,null,null,null,null,null,null,null,null,null
Thu Oct 01 22:00:00 UTC 2026,1.61117,-979615.3575500001,null,null,null,null,null,null,null,null,null,null
Thu Oct 01 23:00:00 UTC 2026,1.61117,-990506.35755,null,null,null,null,null,null,null,null,null,null
Fri Oct 02 00:00:00 UTC 2026,1.61117,-993499.35755,null,null,null,null,null,null,null,null,null,null
Fri Oct 02 01:00:00 UTC 2026,1.61117,-998405.35755,null,null,null,null,null,null,null,null,null,null
Fri Oct 02 02:00:00 UTC 2026,1.61117,-997248.35755,null,null,null,null,null,null,null,null,null,null
Fri Oct 02 03:00:00 UTC 2026,1.61117,-997472.35755,null,null,null,null,null,null,null,null,null,null
Fri Oct 02 04:00:00 UTC 2026,1.61117,-997750.35755,null,null,null,null,null,null,null,null,null,null
Fri Oct 02 05:00:00 UTC 2026,1.61117,-999230.35755,null,null,null,null,null,null,null,null,null,null
Fri Oct 02 06:00:00 UTC 2026,1.61117,-1004895.35755,null,null,null,null,null,null,null,null,null,null
Fri Oct 02 07:00:00 UTC 2026,1.61117,-988102.35755,null,null,null,null,null,null,null,null,null,null
Fri Oct 02 08:00:00 UTC 2026,1.61117,-980913.3575500001,null,null,null,null,null,null,null,null,null,null
Fri Oct 02 09:00:00 UTC 2026,1.61117,-981194.3575500001,null,null,null,null,null,null,null,null,null,null
Fri Oct 02 10:00:00 UTC 2026,1.61117,-982719.3575500001,null,null,null,null,null,null,null,null,null,null
Fri Oct 02 11:00:00 UTC 2026,1.61117,-982069.3575500001,null,null,null,null,null,null,null,null,null,null
Fri Oct 02 12:00:00 UTC 2026,1.61117,-976374.3575500001,null,null,null,null,null,null,null,null,null,null
Fri Oct 02 13:00:00 UTC 2026,1.61117,-981344.3575500001,null,null,null,null,null,null,null,null,null,null
Fri Oct 02 14:00:00 UTC 2026,1.61117,-983233.3575500001,null,null,null,null,null,null,null,null,null,null
Fri Oct 02 15:00:00 UTC 2026,1.61117,-985881.35755,null,null,null,null,null,null,null,null,null,null
Fri Oct 02 16:00:00 UTC 2026,1.61117,-1003500.35755,null,null,null,null,null,null,null,null,null,null
Fri Oct 02 17:00:00 UTC 2026,1.61117,-1020545.35755,null,null,null,null,null,null,null,null,null,null
Fri Oct 02 18:00:00 UTC 2026,1.61117,-1022038.35755,null,null,null,null,null,null,null,null,null,null
Fri Oct 02 19:00:00 UTC 2026,1.61117,-1021643.35755,null,null,null,null,null,null,null,null,null,null
Fri Oct 02 20:00:00 UTC 2026,1.61117,-1014132.35755,null,null,null,null,null,null,null,null,null,null
Fri Oct 02 21:00:00 UTC 2026,1.61117,-1014132.35755,null,null,null,null,null,null,null,null,null,null
Fri Oct 02 22:00:00 UTC 2026,1.61117,-1014132.35755,null,null,null,null,null,null,null,null,null,null
Fri Oct 02 23:00:00 UTC 2026,1.61117,-1014132.35755,null,null,null,null,null,null,null,null,null,null
Sat Oct 03 00:00:00 UTC 2026,1.61117,-1014132.35755,null,null,null,null,null,null,null,null,null,null
Sat Oct 03 01:00:00 UTC 2026,1.61117,-1014132.35755,null,null,null,null,null,null,null,null,null,null
Sat Oct 03 02:00:00 UTC 2026,1.61117,-1014132.35755,null,null,null,null,null,null,null,null,null,null
Sat Oct 03 03:00:00 UTC 2026,1.61117,-1014132.35755,null,null,null,null,null,null,null,null,null,null
Sat Oct 03 04:00:00 UTC 2026,1.61117,-1014132.35755,null,null,null,null,null,null,null,null,null,null
Sat Oct 03 05:00:00 UTC 2026,1.61117,-1014132.35755,null,null,null,null,null,null,null,null,null,null
Sat Oct 03 06:00:00 UTC 2026,1.61117,-1014132.35755,null,null,null,null,null,null,null,null,null,null
Sat Oct 03 07:00:00 UTC 2026,1.61117,-1014132.35755,null,null,null,null,null,null,null,null,null,null
Sat Oct 03 08:00:00 UTC 2026,1.61117,-1014132.35755,null,null,null,null,null,null,null,null,null,null
Sat Oct 03 09:00:00 UTC 2026,1.61117,-1014132.35755,null,null,null,null,null,null,null,null,null,null
Sat Oct 03 10:00:00 UTC 2026,1.61117,-1014132.35755,null,null,null,null,null,null,null,null,null,null
Sat Oct 03 11:00:00 UTC 2026,1.61117,-1014132.35755,null,null,null,null,null,null,null,null,null,null
Sat Oct 03 12:00:00 UTC 2026,1.61117,-1014132.35755,null,null,null,null,null,null,null,null,null,null
Sat Oct 03 13:00:00 UTC 2026,1.61117,-1014132.35755,null,null,null,null,null,null,null,null,null,null
Sat Oct 03 14:00:00 UTC 2026,1.61117,-1014132.35755,null,null,null,null,null,null,null,null,null,null
Sat Oct 03 15:00:00 UTC 2026,1.61117,-1014132.35755,null,null,null,null,null,null,null,null,null,null
Sat Oct 03 16:00:00 UTC 2026,1.61117,-1014132.35755,null,null,null,null,null,null,null,null,null,null
Sat Oct 03 17:00:00 UTC 2026,1.61117,-1014132.35755,null,null,null,null,null,null,null,null,null,null
Sat Oct 03 18:00:00 UTC 2026,1.61117,-1014132.35755,null,null,null,null,null,null,null,null,null,null
Sat Oct 03 19:00:00 UTC 2026,1.61117,-1014132.35755,null,null,null,null,null,null,null,null,null,null
Sat Oct 03 20:00:00 UTC 2026,1.61117,-1014132.35755,null,null,null,null,null,null,null,null,null,null
Sat Oct 03 21:00:00 UTC 2026,1.61117,-1014132.35755,null,null,null,null,null,null,null,null,null,null
Sat Oct 03 22:00:00 UTC 2026,1.61117,-1014132.35755,null,null,null,null,null,null,null,null,null,null
Sat Oct 03 23:00:00 UTC 2026,1.61117,-1014132.35755,null,null,null,null,null,null,null,null,null,null
Sun Oct 04 00:00:00 UTC 2026,1.61117,-1014132.35755,null,null,null,null,null,null,null,null,null,null
Sun Oct 04 01:00:00 UTC 2026,1.61117,-1014132.35755,null,null,null,null,null,null,null,null,null,null
Sun Oct 04 02:00:00 UTC 2026,1.61117,-1014132.35755,null,null,null,null,null,null,null,null,null,null
Sun Oct 04 03:00:00 UTC 2026,1.61117,-1014132.35755,null,null,null,null,null,null,null,null,null,null
Sun Oct 04 04:00:00 UTC 2026,1.61117,-1014132.35755,null,null,null,null,null,null,null,null,null,null
Sun Oct 04 05:00:00 UTC 2026,1.61117,-1014132.35755,null,null,null,null,null,null,null,null,null,null
Sun Oct 04 06:00:00 UTC 2026,1.61117,-1014132.35755,null,null,null,null,null,null,null,null,null,null
Sun Oct 04 07:00:00 UTC 2026,1.61117,-1014132.35755,null,null,null,null,null,null,null,null,null,null
Sun Oct 04 08:00:00 UTC 2026,1.61117,-1014132.35755,null,null,null,null,null,null,null,null,null,null
Sun Oct 04 09:00:00 UTC 2026,1.61117,-1014132.35755,null,null,null,null,null,null,null,null,null,null
Sun Oct 04 10:00:00 UTC 2026,1.61117,-1014132.35755,null,null,null,null,null,null,null,null,null,null
Sun Oct 04 11:00:00 UTC 2026,1.61117,-1014132.35755,null,null,null,null,null,null,null,null,null,null
Sun Oct 04 12:00:00 UTC 2026,1.61117,-1014132.35755,null,null,null,null,null,null,null,null,null,null
Sun Oct 04 13:00:00 UTC 2026,1.61117,-1014132.35755,null,null,null,null,null,null,null,null,null,null
Sun Oct 04 14:00:00 UTC 2026,1.61117,-1014132.35755,null,null,null,null,null,null,null,null,null,null
Sun Oct 04 15:00:00 UTC 2026,1.61117,-1014132.35755,null,null,null,null,null,null,null,null,null,null
Sun Oct 04 16:00:00 UTC 2026,1.61117,-1014132.35755,null,null,null,null,null,null,null,null,null,null
Sun Oct 04 17:00:00 UTC 2026,1.61117,-1014132.35755,null,null,null,null,null,null,null,null,null,null
Sun Oct 04 18:00:00 UTC 2026,1.61117,-1014132.35755,null,null,null,null,null,null,null,null,null,null
Sun Oct 04 19:00:00 UTC 2026,1.61117,-1014132.35755,null,null,null,null,null,null,null,null,null,null
Sun Oct 04 20:00:00 UTC 2026,1.61117,-1014132.35755,null,null,null,null,null,null,null,null,null,null
Sun Oct 04 21:00:00 UTC 2026,1.61117,-1021868.35755,null,null,null,null,null,null,null,null,null,null
Sun Oct 04 22:00:00 UTC 2026,1.61117,-1020153.35755,null,null,null,null,null,null,null,null,null,null
Sun Oct 04 23:00:00 UTC 2026,1.61117,-1016687.35755,null,null,null,null,null,null,null,null,null,null
Mon Oct 05 00:00:00 UTC 2026,1.61117,-1009394.35755,null,null,null,null,null,null,null,null,null,null
Mon Oct 05 01:00:00 UTC 2026,1.61117,-1000978.35755,null,null,null,null,null,null,null,null,null,null
Mon Oct 05 02:00:00 UTC 2026,1.61117,-1017080.35755,null,null,null,null,null,null,null,null,null,null
Mon Oct 05 03:00:00 UTC 2026,1.61117,-1008707.35755,null,null,null,null,null,null,null,null,null,null
Mon Oct 05 04:00:00 UTC 2026,1.61117,-996093.35755,null,null,null,null,null,null,null,null,null,null
Mon Oct 05 05:00:00 UTC 2026,1.61117,-985139.3575500001,null,null,null,null,null,null,null,null,null,null
Mon Oct 05 06:00:00 UTC 2026,1.61117,-987583.35755,null,null,null,null,null,null,null,null,null,null
Mon Oct 05 07:00:00 UTC 2026,1.61117,-990043.35755,null,null,null,null,null,null,null,null,null,null
Mon Oct 05 08:00:00 UTC 2026,1.61117,-1000950.35755,null,null,null,null,null,null,null,null,null,null
Mon Oct 05 09:00:00 UTC 2026,1.61117,-1001233.35755,null,null,null,null,null,null,null,null,null,null
Mon Oct 05 10:00:00 UTC 2026,1.61117,-1001064.35755,null,null,null,null,null,null,null,null,null,null
Mon Oct 05 11:00:00 UTC 2026,1.61117,-1003492.35755,null,null,null,null,null,null,null,null,null,null
Mon Oct 05 12:00:00 UTC 2026,1.61117,-1012220.35755,null,null,null,null,null,null,null,null,null,null
Mon Oct 05 13:00:00 UTC 2026,1.61117,-1024599.35755,null,null,null,null,null,null,null,null,null,null
Mon Oct 05 14:00:00 UTC 2026,1.61117,-1034830.35755,null,null,null,null,null,null,null,null,null,null
Mon Oct 05 15:00:00 UTC 2026,1.61117,-1033214.35755,null,null,null,null,null,null,null,null,null,null
Mon Oct 05 16:00:00 UTC 2026,1.61117,-1070078.35755,null,null,null,null,null,null,null,null,null,null
Mon Oct 05 17:00:00 UTC 2026,1.61117,-1057172.35755,null,null,null,null,null,null,null,null,null,null
Mon Oct 05 18:00:00 UTC 2026,1.61117,-1038703.35755,null,null,null,null,null,null,null,null,null,null
Mon Oct 05 19:00:00 UTC 2026,1.61117,-1032626.35755,null,null,null,null,null,null,null,null,null,null
Mon Oct 05 20:00:00 UTC 2026,1.61117,-1023424.35755,null,null,null,null,null,null,null,null,null,null
Mon Oct 05 21:00:00 UTC 2026,1.61117,-1017061.35755,null,null,null,null,null,null,null,null,null,null
Mon Oct 05 22:00:00 UTC 2026,1.61117,-1009041.35755,null,null,null,null,null,null,null,null,null,null
Mon Oct 05 23:00:00 UTC 2026,1.61117,-997839.35755,null,null,null,null,null,null,null,null,null,null
Tue Oct 06 00:00:00 UTC 2026,1.61117,-998265.35755,null,null,null,null,null,null,null,null,null,null
Tue Oct 06 01:00:00 UTC 2026,1.61117,-1003134.35755,null,null,null,null,null,null,null,null,null,null
Tue Oct 06 02:00:00 UTC 2026,1.61117,-998415.35755,null,null,null,null,null,null,null,null,null,null
Tue Oct 06 03:00:00 UTC 2026,1.61117,-1012144.35755,null,null,null,null,null,null,null,null,null,null
Tue Oct 06 04:00:00 UTC 2026,1.61117,-1011640.35755,null,null,null,null,null,null,null,null,null,null
Tue Oct 06 05:00:00 UTC 2026,1.61117,-1011620.35755,null,null,null,null,null,null,null,null,null,null
