date,P_Kweek_-48_Kday_0_ETE_57_ORD_55_EXT_66_E2Ekor_68_EXTkor_57_DIFF_24621,a,b,c,d,e,f,g,h,i,j
Thu Sep 24 00:00:00 UTC 2026,-789697.6593322689,0.870299999951385,null,null,null,5749721.971994915,-474940.12969999993,null,-474740.12969999993,null
Thu Sep 24 01:00:00 UTC 2026,-838790.8716027299,260171.87029999995,null,null,null,5602882.717757627,-139732.62969999993,null,-139532.62969999993,null
Thu Sep 24 02:00:00 UTC 2026,-401217.1515963245,142298.87029999995,null,null,null,5456043.46352034,195474.87030000018,null,195674.87030000018,null
Thu Sep 24 03:00:00 UTC 2026,-165543.61928722076,-97535.12970000005,null,null,null,5309204.20928305,530682.3703000001,null,530882.3703000001,null
Thu Sep 24 04:00:00 UTC 2026,-1003914.6724485643,515934.8703,null,null,null,5162364.9550457625,865889.8703000001,null,866089.8703000001,null
Thu Sep 24 05:00:00 UTC 2026,-540358.1087139482,1321085.8703,null,null,null,5015525.700808475,1201097.3703,null,1201297.3703,null
Thu Sep 24 06:00:00 UTC 2026,-190786.5830434058,671035.8703000001,null,null,null,4868686.446571187,1536304.8703,null,1536504.8703,null
Thu Sep 24 07:00:00 UTC 2026,-291540.8263111906,1344831.8703,null,null,null,4721847.192333899,1871512.3703,null,1871712.3703,null
Thu Sep 24 08:00:00 UTC 2026,-450049.22975888103,2206119.8703,null,null,null,4575007.93809661,2206719.8703,null,2206919.8703,2207019.8703
Thu Sep 24 09:00:00 UTC 2026,-499882.32200149074,1983695.8703,null,null,null,4428168.683859322,null,null,null,2116894.9941938054
Thu Sep 24 10:00:00 UTC 2026,-584924.9964487599,1861856.8703,null,null,null,4281329.429622033,null,null,null,2026770.1180876107
Thu Sep 24 11:00:00 UTC 2026,-1276016.4127987195,1233114.8703,null,null,null,4134490.175384745,null,null,null,1936645.241981416
Thu Sep 24 12:00:00 UTC 2026,-2044490.569766432,942184.8703,null,null,null,3987650.9211474573,null,null,null,1846520.365875221
Thu Sep 24 13:00:00 UTC 2026,-2327603.464996306,674004.8703000001,null,null,null,3840811.6669101696,null,null,null,1756395.4897690269
Thu Sep 24 14:00:00 UTC 2026,-1549772.0024983175,306009.87029999995,null,null,null,3693972.412672882,null,null,null,1666270.613662832
Thu Sep 24 15:00:00 UTC 2026,-2339441.544550933,328290.8703,null,null,null,3547133.1584355943,null,null,null,1576145.7375566373
Thu Sep 24 16:00:00 UTC 2026,-753443.5406963639,800145.8703,null,null,null,3400293.9041983048,null,null,null,1486020.8614504426
Thu Sep 24 17:00:00 UTC 2026,60642.040437530726,119006.87029999995,null,null,null,3253454.649961017,null,null,null,1395895.985344248
Thu Sep 24 18:00:00 UTC 2026,-962307.3046023492,706979.8703,null,null,null,3106615.3957237294,null,null,null,1305771.1092380532
Thu Sep 24 19:00:00 UTC 2026,227071.51182251796,432432.8703,null,null,null,2959776.1414864417,null,null,null,1215646.2331318585
Thu Sep 24 20:00:00 UTC 2026,1595718.8932669265,1847781.8703,null,null,null,2812936.887249152,null,null,null,1125521.3570256638
Thu Sep 24 21:00:00 UTC 2026,1518640.8091082713,1385965.8703,null,null,null,2666097.6330118645,null,null,null,1035396.4809194691
Thu Sep 24 22:00:00 UTC 2026,2027373.5734961424,1124965.8703,null,null,null,2519258.378774576,null,null,null,945271.6048132746
Thu Sep 24 23:00:00 UTC 2026,1229086.6058853995,1321069.8703,null,null,null,2372419.124537288,null,null,null,855146.7287070798
Fri Sep 25 00:00:00 UTC 2026,1496836.111105172,1611711.8703,null,null,null,2225579.8702999996,null,null,null,765021.8526008851
Fri Sep 25 01:00:00 UTC 2026,2128040.772061292,1702045.8703,null,null,null,2078740.616062712,null,null,null,674896.9764946902
Fri Sep 25 02:00:00 UTC 2026,2206119.8702999996,643213.8703000001,null,null,null,1931901.3618254252,null,null,null,584772.1003884957
Fri Sep 25 03:00:00 UTC 2026,1738515.7278941004,-5727537.1297,null,null,null,1785062.1075881347,null,null,null,494647.22428230103
Fri Sep 25 04:00:00 UTC 2026,2192453.8519906597,-5483489.1297,null,null,null,1638222.853350848,null,null,null,404522.3481761061
Fri Sep 25 05:00:00 UTC 2026,1826648.4892839156,-4993606.1297,null,null,null,1491383.5991135584,null,null,null,314397.47206991166
Fri Sep 25 06:00:00 UTC 2026,2060668.1722433288,-4940493.1297,null,null,null,1344544.3448762707,null,null,null,224272.5959637172
Fri Sep 25 07:00:00 UTC 2026,1934932.0993272634,-4746810.1297,null,null,null,1197705.090638984,null,null,null,134147.71985752205
Fri Sep 25 08:00:00 UTC 2026,1720236.340346599,-4495320.1297,null,null,null,1050865.8364016935,null,null,null,44022.8437513276
Fri Sep 25 09:00:00 UTC 2026,1494355.3370808223,-4311731.1297,null,null,null,904026.5821644068,null,null,null,-46102.032354867086
Fri Sep 25 10:00:00 UTC 2026,1753008.670878224,-5788405.1297,null,null,null,757187.3279271191,null,null,null,-136226.90846106177
Fri Sep 25 11:00:00 UTC 2026,1129986.2119670585,-5541126.1297,null,null,null,610348.0736898305,null,null,null,-226351.7845672567
Fri Sep 25 12:00:00 UTC 2026,945756.0988989379,-5923420.1297,null,null,null,463508.81945254374,null,null,null,-316476.66067345114
Fri Sep 25 13:00:00 UTC 2026,188075.48505448084,-5714041.1297,null,null,null,316669.5652152533,null,null,null,-406601.53677964583
Fri Sep 25 14:00:00 UTC 2026,-221208.70660450868,-5090130.1297,null,null,null,169830.31097796652,null,null,null,-496726.4128858405
Fri Sep 25 15:00:00 UTC 2026,87712.94294842985,-5682765.1297,null,null,null,22991.056740676984,null,null,null,-586851.288992035
Fri Sep 25 16:00:00 UTC 2026,-638457.488552236,-4383781.1297,null,null,null,-123848.1974966107,null,null,null,-676976.1650982297
Fri Sep 25 17:00:00 UTC 2026,-1797805.8825776093,-4608785.1297,null,null,null,-270687.45173389744,null,null,null,-767101.0412044248
Fri Sep 25 18:00:00 UTC 2026,-1367195.7387797637,-4281339.1297,null,null,null,-417526.705971187,null,null,null,-857225.9173106197
Fri Sep 25 19:00:00 UTC 2026,-1279280.589146413,-4088836.1297000004,null,null,null,-564365.9602084747,null,null,null,-947350.793416814
Fri Sep 25 20:00:00 UTC 2026,-1551817.553009618,-3474715.1297000004,null,null,null,-711205.2144457623,null,null,null,-1037475.6695230086
Fri Sep 25 21:00:00 UTC 2026,-2590826.645680553,-3474715.1297000004,null,null,null,-858044.468683051,null,null,null,-1127600.545629203
Fri Sep 25 22:00:00 UTC 2026,-3680539.277620199,-3474715.1297000004,null,null,null,-1004883.7229203377,null,null,null,-1217725.421735398
Fri Sep 25 23:00:00 UTC 2026,-3733114.2779949405,-3474715.1297000004,null,null,null,-1151722.9771576272,null,null,null,-1307850.2978415927
Sat Sep 26 00:00:00 UTC 2026,-5923420.1297,-3474715.1297000004,null,null,null,-1298562.231394915,null,null,null,-1397975.1739477874
Sat Sep 26 01:00:00 UTC 2026,-5367509.13649914,-3474715.1297000004,null,null,null,-1445401.4856322045,null,null,null,-1488100.0500539823
Sat Sep 26 02:00:00 UTC 2026,-4701791.250959194,-3474715.1297000004,null,null,null,-1592240.7398694912,null,null,null,-1578224.926160177
Sat Sep 26 03:00:00 UTC 2026,-5234765.965023073,-3474715.1297000004,null,null,null,-1739079.9941067798,null,null,null,-1668349.8022663712
Sat Sep 26 04:00:00 UTC 2026,-4975720.930064062,-3474715.1297000004,null,null,null,-1885919.2483440693,null,null,null,-1758474.678372566
Sat Sep 26 05:00:00 UTC 2026,-5535374.845477107,-3474715.1297000004,null,null,null,-2032758.502581356,null,null,null,-1848599.554478761
Sat Sep 26 06:00:00 UTC 2026,-5191417.703124779,-3474715.1297000004,null,null,null,-2179597.756818643,null,null,null,-1938724.4305849557
Sat Sep 26 07:00:00 UTC 2026,-4844849.21969415,-3474715.1297000004,null,null,null,-2326437.0110559324,null,null,null,-2028849.30669115
Sat Sep 26 08:00:00 UTC 2026,-4923232.974391956,-3474715.1297000004,null,null,null,-2473276.265293221,null,null,null,-2118974.182797345
Sat Sep 26 09:00:00 UTC 2026,-4935941.50097256,-3474715.1297000004,null,null,null,-2620115.5195305087,null,null,null,-2209099.0589035396
Sat Sep 26 10:00:00 UTC 2026,-4936202.635080464,-3474715.1297000004,null,null,null,-2766954.7737677973,null,null,null,-2299223.9350097342
Sat Sep 26 11:00:00 UTC 2026,-4855381.6287096245,-3474715.1297000004,null,null,null,-2913794.028005086,null,null,null,-2389348.811115929
Sat Sep 26 12:00:00 UTC 2026,-4855381.6287096245,-3474715.1297000004,null,null,null,-3060633.2822423726,null,null,null,-2479473.687222124
Sat Sep 26 13:00:00 UTC 2026,-4856643.776897458,-3474715.1297000004,null,null,null,-3207472.5364796612,null,null,null,-2569598.5633283183
Sat Sep 26 14:00:00 UTC 2026,-4855338.106358307,-3474715.1297000004,null,null,null,-3354311.790716951,null,null,null,-2659723.439434513
Sat Sep 26 15:00:00 UTC 2026,-4852857.332333957,-3474715.1297000004,null,null,null,-3501151.0449542375,null,null,null,-2749848.3155407077
Sat Sep 26 16:00:00 UTC 2026,-4856600.254546141,-3474715.1297000004,null,null,null,-3647990.2991915243,null,null,null,-2839973.191646902
Sat Sep 26 17:00:00 UTC 2026,-4856165.031033091,-3474715.1297000004,null,null,null,-3794829.553428814,null,null,null,-2930098.067753097
Sat Sep 26 18:00:00 UTC 2026,-4858036.4921391215,-3474715.1297000004,null,null,null,-3941668.8076661024,null,null,null,-3020222.943859292
Sat Sep 26 19:00:00 UTC 2026,-4856208.553384408,-3474715.1297000004,null,null,null,-4088508.06190339,null,null,null,-3110347.8199654864
Sat Sep 26 20:00:00 UTC 2026,-4856339.120438361,-3474715.1297000004,null,null,null,-4235347.316140679,null,null,null,-3200472.6960716816
Sat Sep 26 21:00:00 UTC 2026,-4856643.776897458,-3474715.1297000004,null,null,null,-4382186.570377967,null,null,null,-3290597.572177876
Sat Sep 26 22:00:00 UTC 2026,-4856556.732194824,-3474715.1297000004,null,null,null,-4529025.824615254,null,null,null,-3380722.44828407
Sat Sep 26 23:00:00 UTC 2026,-4862649.861377283,-3474715.1297000004,null,null,null,-4675865.078852543,null,null,null,-3470847.324390265
Sun Sep 27 00:00:00 UTC 2026,-4856208.553384408,-3474715.1297000004,null,null,null,-4822704.333089832,null,null,null,-3560972.2004964594
Sun Sep 27 01:00:00 UTC 2026,-4856339.120438361,-3474715.1297000004,null,null,null,-4969543.587327119,null,null,null,-3651097.0766026545
Sun Sep 27 02:00:00 UTC 2026,-4857253.089815656,-3474715.1297000004,null,null,null,-5116382.841564406,null,null,null,-3741221.9527088497
Sun Sep 27 03:00:00 UTC 2026,-4856208.553384408,-3474715.1297000004,null,null,null,-5263222.095801695,null,null,null,-3831346.828815044
Sun Sep 27 04:00:00 UTC 2026,-4855468.67341226,-3474715.1297000004,null,null,null,-5410061.350038984,null,null,null,-3921471.704921239
Sun Sep 27 05:00:00 UTC 2026,-4856426.165140872,-3474715.1297000004,null,null,null,-5556900.604276271,null,null,null,-4011596.5810274323
Sun Sep 27 06:00:00 UTC 2026,-4855947.419276628,-3474715.1297000004,null,null,null,-5703739.85851356,null,null,null,-4101721.457133628
Sun Sep 27 07:00:00 UTC 2026,-4856556.732194824,-3474715.1297000004,null,null,null,-5850579.112750849,null,null,null,-4191846.3332398217
Sun Sep 27 08:00:00 UTC 2026,-4855990.941627821,-3474715.1297000004,null,null,null,-5997418.3669881355,null,null,null,-4281971.209346017
Sun Sep 27 09:00:00 UTC 2026,-4856469.687492189,-3474715.1297000004,null,null,null,-6144257.621225424,null,null,null,-4372096.085452212
Sun Sep 27 10:00:00 UTC 2026,-4857035.478059192,-3474715.1297000004,null,null,null,-6291096.875462714,null,null,null,-4462220.961558407
Sun Sep 27 11:00:00 UTC 2026,-4856382.642789554,-3474715.1297000004,null,null,null,-6437936.1297,null,null,null,-4552345.837664601
Sun Sep 27 12:00:00 UTC 2026,-4857688.313328706,-3474715.1297000004,null,null,null,-6584775.383937287,null,null,null,-4642470.713770796
Sun Sep 27 13:00:00 UTC 2026,-4857035.478059192,-3474715.1297000004,null,null,null,-6731614.638174577,null,null,null,-4732595.589876991
Sun Sep 27 14:00:00 UTC 2026,-4857035.478059192,-3474715.1297000004,null,null,null,-6878453.892411864,null,null,null,-4822720.465983186
Sun Sep 27 15:00:00 UTC 2026,-4856513.209843507,-3474715.1297000004,null,null,null,-7025293.146649151,null,null,null,-4912845.34208938
Sun Sep 27 16:00:00 UTC 2026,-4861257.146135621,-3474715.1297000004,null,null,null,-7172132.400886442,null,null,null,-5002970.218195575
Sun Sep 27 17:00:00 UTC 2026,-4876489.969091892,-3474715.1297000004,null,null,null,-7318971.655123731,null,null,null,-5093095.0943017695
Sun Sep 27 18:00:00 UTC 2026,-4938117.618537812,-3474715.1297000004,null,null,null,-7465810.909361018,null,null,null,-5183219.970407965
Sun Sep 27 19:00:00 UTC 2026,-4905562.89976265,-3474715.1297000004,null,null,null,-7612650.163598306,null,null,null,-5273344.846514159
Sun Sep 27 20:00:00 UTC 2026,-4893463.686100243,-3474715.1297000004,null,null,null,-7759489.417835595,null,null,null,-5363469.722620354
Sun Sep 27 21:00:00 UTC 2026,-4893463.686100243,-4351031.1297,null,null,null,-7906328.672072882,null,null,null,-5453594.598726548
Sun Sep 27 22:00:00 UTC 2026,-4893463.686100243,-4155861.1297000004,null,null,null,-8053167.926310169,null,null,null,-5543719.4748327425
Sun Sep 27 23:00:00 UTC 2026,-4893463.686100243,-5110298.1297,null,null,null,-8200007.180547458,null,null,null,-5633844.350938938
Mon Sep 28 00:00:00 UTC 2026,1.5728638000000001,-4999890.1297,null,null,null,null,-8346846.434784746,null,null,null,null,-5723969.227045132
Mon Sep 28 01:00:00 UTC 2026,1.5728638000000001,-4833718.1297,null,null,null,null,-8493685.689022033,null,null,null,null,-5814094.103151327
Mon Sep 28 02:00:00 UTC 2026,1.5728638000000001,-5815733.1297,null,null,null,null,-8640524.943259323,null,null,null,null,-5904218.979257522
Mon Sep 28 03:00:00 UTC 2026,1.5728638000000001,-6844820.1297,null,null,null,null,-8787364.197496612,null,null,null,null,-5994343.855363716
Mon Sep 28 04:00:00 UTC 2026,1.5728638000000001,-5707283.1297,null,null,null,null,-8934203.451733898,null,null,null,null,-6084468.7314699115
Mon Sep 28 05:00:00 UTC 2026,1.5728638000000001,-5341615.1297,null,null,null,null,-9081042.705971187,null,null,null,null,-6174593.607576105
Mon Sep 28 06:00:00 UTC 2026,1.5728638000000001,-5641683.1297,null,null,null,null,-9227881.960208476,null,null,null,null,-6264718.4836823
Mon Sep 28 07:00:00 UTC 2026,1.5728638000000001,-6068462.1297,null,null,null,null,-9374721.214445762,null,null,null,null,-6354843.359788494
Mon Sep 28 08:00:00 UTC 2026,1.5728638000000001,-6786417.1297,null,null,null,null,-9521560.46868305,null,null,null,null,-6444968.235894689
Mon Sep 28 09:00:00 UTC 2026,1.5728638000000001,-6725108.1297,null,null,null,null,-9668399.72292034,null,null,null,null,-6535093.1120008845
Mon Sep 28 10:00:00 UTC 2026,1.5728638000000001,-7081234.1297,null,null,null,null,-9815238.977157626,null,null,null,null,-6625217.988107079
Mon Sep 28 11:00:00 UTC 2026,1.5728638000000001,-6600132.1297,null,null,null,null,-9962078.231394913,null,null,null,null,-6715342.864213274
Mon Sep 28 12:00:00 UTC 2026,1.5728638000000001,-5619809.1297,null,null,null,null,-1.0108917485632204E7,null,null,null,null,-6805467.740319468
Mon Sep 28 13:00:00 UTC 2026,1.5728638000000001,-6462457.1297,null,null,null,null,-1.0255756739869494E7,null,null,null,null,-6895592.616425663
Mon Sep 28 14:00:00 UTC 2026,1.5728638000000001,-7248666.1297,null,null,null,null,-1.040259599410678E7,null,null,null,null,-6985717.492531858
Mon Sep 28 15:00:00 UTC 2026,1.5728638000000001,-7539245.1297,null,null,null,null,-1.0549435248344067E7,null,null,null,null,-7075842.368638053
Mon Sep 28 16:00:00 UTC 2026,1.5728638000000001,-6460271.1297,null,null,null,null,-1.0696274502581358E7,null,null,null,null,-7165967.244744248
Mon Sep 28 17:00:00 UTC 2026,1.5728638000000001,-6057749.1297,null,null,null,null,-1.0843113756818645E7,null,null,null,null,-7256092.120850442
Mon Sep 28 18:00:00 UTC 2026,1.5728638000000001,-6080375.1297,null,null,null,null,-1.0989953011055931E7,null,null,null,null,-7346216.996956637
Mon Sep 28 19:00:00 UTC 2026,1.5728638000000001,-5754666.1297,null,null,null,null,-1.1136792265293222E7,null,null,null,null,-7436341.873062831
Mon Sep 28 20:00:00 UTC 2026,1.5728638000000001,-6522891.1297,null,null,null,null,-1.1283631519530509E7,null,null,null,null,-7526466.7491690265
Mon Sep 28 21:00:00 UTC 2026,1.5728638000000001,-7000971.1297,null,null,null,null,-1.1430470773767795E7,null,null,null,null,-7616591.625275221
Mon Sep 28 22:00:00 UTC 2026,1.5728638000000001,-6966553.1297,null,null,null,null,-1.1577310028005086E7,null,null,null,null,-7706716.501381415
Mon Sep 28 23:00:00 UTC 2026,1.5728638000000001,-6922714.1297,null,null,null,null,-1.1724149282242373E7,null,null,null,null,-7796841.37748761
Tue Sep 29 00:00:00 UTC 2026,1.5728638000000001,-7784926.1296999995,null,null,null,null,-1.1870988536479663E7,null,null,null,null,-7886966.253593804
Tue Sep 29 01:00:00 UTC 2026,1.5728638000000001,-7977991.1296999995,null,null,null,null,-1.201782779071695E7,null,null,null,null,-7977091.1296999995
Tue Sep 29 02:00:00 UTC 2026,1.5728638000000001,-7226767.1297,null,null,null,null,-1.2164667044954238E7,null,null,null,null,null
Tue Sep 29 03:00:00 UTC 2026,1.5728638000000001,-7654093.1296999995,null,null,null,null,-1.2311506299191527E7,null,null,null,null,null
Tue Sep 29 04:00:00 UTC 2026,1.5728638000000001,-7821971.1296999995,null,null,null,null,-1.2458345553428814E7,null,null,null,null,null
Tue Sep 29 05:00:00 UTC 2026,1.5728638000000001,-7970701.1296999995,null,null,null,null,-1.2605184807666102E7,null,null,null,null,null
Tue Sep 29 06:00:00 UTC 2026,1.5728638000000001,-7606915.1296999995,null,null,null,null,-1.275202406190339E7,null,null,null,null,null
Tue Sep 29 07:00:00 UTC 2026,1.5728638000000001,-7655555.1296999995,null,null,null,null,-1.2898863316140678E7,null,null,null,null,null
Tue Sep 29 08:00:00 UTC 2026,1.5728638000000001,-6404677.1297,null,null,null,null,-1.3045702570377968E7,null,null,null,null,null
Tue Sep 29 09:00:00 UTC 2026,1.5728638000000001,-5809904.1297,null,null,null,null,-1.3192541824615255E7,null,null,null,null,null
Tue Sep 29 10:00:00 UTC 2026,1.5728638000000001,-5986715.1297,null,null,null,null,-1.3339381078852545E7,null,null,null,null,null
Tue Sep 29 11:00:00 UTC 2026,1.5728638000000001,-5714624.1297,null,null,null,null,-1.3486220333089832E7,null,null,null,null,null
Tue Sep 29 12:00:00 UTC 2026,1.5728638000000001,-5338740.1297,null,null,null,null,-1.363305958732712E7,null,null,null,null,null
Tue Sep 29 13:00:00 UTC 2026,1.5728638000000001,-5019159.1297,null,null,null,null,-1.3779898841564408E7,null,null,null,null,null
Tue Sep 29 14:00:00 UTC 2026,1.5728638000000001,-4398255.1297,null,null,null,null,-1.3926738095801694E7,null,null,null,null,null
Tue Sep 29 15:00:00 UTC 2026,1.5728638000000001,-4252741.1297,null,null,null,null,-1.4073577350038983E7,null,-4252141.1297,null,null,null
Tue Sep 29 16:00:00 UTC 2026,1.5728638000000001,-5467765.1297,null,null,null,null,-1.422041660427627E7,null,-4831844.283546154,null,null,null
Tue Sep 29 17:00:00 UTC 2026,1.5728638000000001,-4467283.1297,null,null,null,null,-1.436725585851356E7,null,-5411547.437392308,null,null,null
Tue Sep 29 18:00:00 UTC 2026,1.5728638000000001,-6029787.1297,null,null,null,null,-1.451409511275085E7,null,-5991250.591238461,null,null,null
Tue Sep 29 19:00:00 UTC 2026,1.5728638000000001,-6508224.1297,null,null,null,null,-1.4660934366988137E7,null,-6570953.745084615,null,null,null
Tue Sep 29 20:00:00 UTC 2026,1.5728638000000001,-5942360.1297,null,null,null,null,-1.4807773621225426E7,null,-7150656.898930769,null,null,null
Tue Sep 29 21:00:00 UTC 2026,1.5728638000000001,-7055677.1297,null,null,null,null,-1.4954612875462713E7,null,-7730360.052776923,null,null,null
Tue Sep 29 22:00:00 UTC 2026,1.5728638000000001,-7796192.1296999995,null,null,null,null,-1.51014521297E7,null,-8310063.206623076,null,null,null
Tue Sep 29 23:00:00 UTC 2026,1.5728638000000001,-8569407.1297,null,null,null,null,-1.5248291383937288E7,null,-8889766.360469231,null,null,null
Wed Sep 30 00:00:00 UTC 2026,1.5728638000000001,-1.02750991297E7,null,null,null,null,-1.5395130638174579E7,null,-9469469.514315384,null,null,null
Wed Sep 30 01:00:00 UTC 2026,1.5728638000000001,-1.15496091297E7,null,null,null,null,-1.5541969892411865E7,null,-1.0049172668161537E7,null,null,null
Wed Sep 30 02:00:00 UTC 2026,1.5728638000000001,-1.17511441297E7,null,null,null,null,-1.5688809146649152E7,null,-1.0628875822007691E7,null,null,null
Wed Sep 30 03:00:00 UTC 2026,1.5728638000000001,-1.15512131297E7,null,null,null,null,-1.5835648400886443E7,null,-1.1208578975853845E7,null,null,null
Wed Sep 30 04:00:00 UTC 2026,1.5728638000000001,-1.17888821297E7,null,null,null,null,-1.5982487655123731E7,null,-1.17882821297E7,null,null,null
Wed Sep 30 05:00:00 UTC 2026,1.5728638000000001,-1.16654471297E7,null,null,null,null,-1.6129326909361018E7,null,null,null,null,null
Wed Sep 30 06:00:00 UTC 2026,1.5728638000000001,-1.12651831297E7,null,null,null,null,-1.6276166163598305E7,null,null,null,null,null
Wed Sep 30 07:00:00 UTC 2026,1.5728638000000001,-1.14853671297E7,null,null,null,null,-1.6423005417835597E7,null,null,null,null,null
Wed Sep 30 08:00:00 UTC 2026,1.5728638000000001,-1.07068951297E7,null,null,null,null,-1.6569844672072884E7,null,null,null,null,null
Wed Sep 30 09:00:00 UTC 2026,1.5728638000000001,-1.07586631297E7,null,null,null,null,-1.671668392631017E7,null,null,null,null,null
Wed Sep 30 10:00:00 UTC 2026,1.5728638000000001,-1.16028411297E7,null,null,null,null,-1.6863523180547457E7,null,null,null,null,null
Wed Sep 30 11:00:00 UTC 2026,1.5728638000000001,-1.08837861297E7,null,null,null,null,-1.7010362434784744E7,null,null,null,null,null
Wed Sep 30 12:00:00 UTC 2026,1.5728638000000001,-9784321.1297,null,null,null,null,-1.715720168902203E7,null,null,null,null,null
Wed Sep 30 13:00:00 UTC 2026,1.5728638000000001,-8367853.1296999995,null,null,null,null,-1.730404094325932E7,null,null,null,null,null
Wed Sep 30 14:00:00 UTC 2026,1.5728638000000001,-8464880.1297,null,null,null,null,-1.7450880197496615E7,null,null,null,null,null
Wed Sep 30 15:00:00 UTC 2026,1.5728638000000001,-8833015.1297,null,null,null,null,-1.7597719451733902E7,null,null,null,null,null
Wed Sep 30 16:00:00 UTC 2026,1.5728638000000001,-1.07823481297E7,null,null,null,null,-1.774455870597119E7,null,null,null,null,null
Wed Sep 30 17:00:00 UTC 2026,1.5728638000000001,-1.13902031297E7,null,null,null,null,-1.7891397960208476E7,null,null,null,null,null
Wed Sep 30 18:00:00 UTC 2026,1.5728638000000001,-1.06741351297E7,null,null,null,null,-1.8038237214445762E7,null,null,null,null,null
Wed Sep 30 19:00:00 UTC 2026,1.5728638000000001,-1.10339341297E7,null,null,null,null,-1.818507646868305E7,null,null,null,null,null
Wed Sep 30 20:00:00 UTC 2026,1.5728638000000001,-1.14474281297E7,null,null,null,null,-1.833191572292034E7,null,null,null,null,null
Wed Sep 30 21:00:00 UTC 2026,1.5728638000000001,-1.17244391297E7,null,null,null,null,-1.847875497715763E7,null,null,null,null,null
Wed Sep 30 22:00:00 UTC 2026,1.5728638000000001,-1.32018491297E7,null,null,null,null,-1.8625594231394917E7,null,null,null,null,null
Wed Sep 30 23:00:00 UTC 2026,1.5728638000000001,-1.11517201297E7,null,null,null,null,-1.8772433485632207E7,null,null,null,null,null
Thu Oct 01 00:00:00 UTC 2026,1.5728638000000001,-1.19048701297E7,null,null,null,null,-1.8919272739869494E7,null,null,null,null,null
Thu Oct 01 01:00:00 UTC 2026,1.5728638000000001,-9831926.1297,null,null,null,null,-1.906611199410678E7,null,null,null,null,null
Thu Oct 01 02:00:00 UTC 2026,1.5728638000000001,-9317542.1297,null,null,null,null,-1.9212951248344067E7,null,-9316942.1297,null,null,null
Thu Oct 01 03:00:00 UTC 2026,1.5728638000000001,-9779494.1297,null,null,null,null,-1.9359790502581358E7,null,-9926251.034461904,null,null,null
Thu Oct 01 04:00:00 UTC 2026,1.5728638000000001,-9901433.1297,null,null,null,null,-1.9506629756818645E7,null,-1.053555993922381E7,null,null,null
Thu Oct 01 05:00:00 UTC 2026,1.5728638000000001,-1.01163491297E7,null,null,null,null,-1.965346901105593E7,null,-1.1144868843985714E7,null,null,null
Thu Oct 01 06:00:00 UTC 2026,1.5728638000000001,-9862144.1297,null,null,null,null,-1.9800308265293222E7,null,-1.1754177748747617E7,null,null,null
Thu Oct 01 07:00:00 UTC 2026,1.5728638000000001,-9685431.1297,null,null,null,null,-1.994714751953051E7,null,-1.2363486653509524E7,null,null,null
Thu Oct 01 08:00:00 UTC 2026,1.5728638000000001,-9946064.1297,null,null,null,null,-2.0093986773767795E7,null,-1.2972795558271429E7,null,null,null
Thu Oct 01 09:00:00 UTC 2026,1.5728638000000001,-1.13372241297E7,null,null,null,null,-2.0240826028005086E7,null,-1.3582104463033333E7,null,null,null
Thu Oct 01 10:00:00 UTC 2026,1.5728638000000001,-1.13629931297E7,null,null,null,null,-2.0387665282242373E7,null,-1.4191413367795236E7,null,null,null
Thu Oct 01 11:00:00 UTC 2026,1.5728638000000001,-1.15821141297E7,null,null,null,null,-2.0534504536479663E7,null,-1.4800722272557143E7,null,null,null
Thu Oct 01 12:00:00 UTC 2026,1.5728638000000001,-1.19071201297E7,null,null,null,null,-2.068134379071695E7,null,-1.5410031177319046E7,null,null,null
Thu Oct 01 13:00:00 UTC 2026,1.5728638000000001,-1.16916011297E7,null,null,null,null,-2.082818304495424E7,null,-1.6019340082080953E7,null,null,null
Thu Oct 01 14:00:00 UTC 2026,1.5728638000000001,-1.73750791297E7,null,null,null,null,-2.0975022299191527E7,null,-1.6628648986842856E7,null,null,null
Thu Oct 01 15:00:00 UTC 2026,1.5728638000000001,-1.95893321297E7,null,null,null,null,-2.1121861553428814E7,null,-1.7237957891604763E7,null,null,null
Thu Oct 01 16:00:00 UTC 2026,1.5728638000000001,-1.81511101297E7,null,null,null,null,-2.1268700807666104E7,null,-1.7847266796366666E7,null,null,null
Thu Oct 01 17:00:00 UTC 2026,1.5728638000000001,-2.09752581297E7,null,null,null,null,-2.141554006190339E7,null,-1.8456575701128572E7,null,null,null
Thu Oct 01 18:00:00 UTC 2026,1.5728638000000001,-2.18635861297E7,null,null,null,null,-2.1562379316140678E7,null,-1.9065884605890475E7,null,null,null
Thu Oct 01 19:00:00 UTC 2026,1.5728638000000001,-2.19012251297E7,null,null,null,null,-2.170921857037797E7,null,-1.9675193510652382E7,null,null,null
Thu Oct 01 20:00:00 UTC 2026,1.5728638000000001,-2.09350201297E7,null,null,null,null,-2.1856057824615255E7,null,-2.0284502415414285E7,null,null,null
Thu Oct 01 21:00:00 UTC 2026,1.5728638000000001,-2.14766921297E7,null,null,null,null,-2.200289707885254E7,null,-2.089381132017619E7,null,null,null
Thu Oct 01 22:00:00 UTC 2026,1.5728638000000001,-2.16476081297E7,null,null,null,null,-2.2149736333089832E7,null,-2.1503120224938095E7,null,null,null
Thu Oct 01 23:00:00 UTC 2026,1.5728638000000001,-2.21130291297E7,null,null,null,null,-2.2296575587327123E7,null,-2.21124291297E7,null,null,null
Fri Oct 02 00:00:00 UTC 2026,1.5728638000000001,-2.10245171297E7,null,null,null,null,-2.244341484156441E7,null,null,null,null,null
Fri Oct 02 01:00:00 UTC 2026,1.5728638000000001,-2.02931081297E7,null,null,null,null,-2.2590254095801696E7,null,null,null,null,null
Fri Oct 02 02:00:00 UTC 2026,1.5728638000000001,-1.89381301297E7,null,null,null,null,-2.2737093350038983E7,null,null,null,null,null
Fri Oct 02 03:00:00 UTC 2026,1.5728638000000001,-1.99047241297E7,null,null,null,null,-2.288393260427627E7,null,null,null,null,null
Fri Oct 02 04:00:00 UTC 2026,1.5728638000000001,-1.98613511297E7,null,null,null,null,-2.3030771858513556E7,null,null,null,null,null
Fri Oct 02 05:00:00 UTC 2026,1.5728638000000001,-2.00027121297E7,null,null,null,null,-2.317761111275085E7,null,null,null,null,null
Fri Oct 02 06:00:00 UTC 2026,1.5728638000000001,-2.02764381297E7,null,null,null,null,-2.3324450366988137E7,null,null,null,null,null
Fri Oct 02 07:00:00 UTC 2026,1.5728638000000001,-2.06992601297E7,null,null,null,null,-2.3471289621225428E7,null,null,null,null,null
Fri Oct 02 08:00:00 UTC 2026,1.5728638000000001,-2.08400591297E7,null,null,null,null,-2.3618128875462715E7,null,null,null,null,null
Fri Oct 02 09:00:00 UTC 2026,1.5728638000000001,-2.37653681297E7,null,null,null,null,-2.37649681297E7,null,null,null,null,null
Fri Oct 02 10:00:00 UTC 2026,1.5728638000000001,-1.28681801297E7,null,null,null,null,null,null,null,null,null,null
Fri Oct 02 11:00:00 UTC 2026,1.5728638000000001,-1.80970871297E7,null,null,null,null,null,null,null,null,null,null
Fri Oct 02 12:00:00 UTC 2026,1.5728638000000001,-1.72750341297E7,null,null,null,null,null,null,null,null,null,null
Fri Oct 02 13:00:00 UTC 2026,1.5728638000000001,-1.73124351297E7,null,null,null,null,null,null,null,null,null,null
Fri Oct 02 14:00:00 UTC 2026,1.5728638000000001,-1.58470711297E7,null,null,null,null,null,null,null,null,null,null
Fri Oct 02 15:00:00 UTC 2026,1.5728638000000001,-1.6112545129700001E7,null,null,null,null,null,null,null,null,null,null
Fri Oct 02 16:00:00 UTC 2026,1.5728638000000001,-1.71690451297E7,null,null,null,null,null,null,null,null,null,null
Fri Oct 02 17:00:00 UTC 2026,1.5728638000000001,-1.77663411297E7,null,null,null,null,null,null,null,null,null,null
Fri Oct 02 18:00:00 UTC 2026,1.5728638000000001,-1.68626031297E7,null,null,null,null,null,null,null,null,null,null
Fri Oct 02 19:00:00 UTC 2026,1.5728638000000001,-1.69912091297E7,null,null,null,null,null,null,null,null,null,null
Fri Oct 02 20:00:00 UTC 2026,1.5728638000000001,-1.81944611297E7,null,null,null,null,null,null,null,null,null,null
Fri Oct 02 21:00:00 UTC 2026,1.5728638000000001,-1.81944611297E7,null,null,null,null,null,null,null,null,null,null
Fri Oct 02 22:00:00 UTC 2026,1.5728638000000001,-1.81944611297E7,null,null,null,null,null,null,null,null,null,null
Fri Oct 02 23:00:00 UTC 2026,1.5728638000000001,-1.81944611297E7,null,null,null,null,null,null,null,null,null,null
Sat Oct 03 00:00:00 UTC 2026,1.5728638000000001,-1.81944611297E7,null,null,null,null,null,null,null,null,null,null
Sat Oct 03 01:00:00 UTC 2026,1.5728638000000001,-1.81944611297E7,null,null,null,null,null,null,null,null,null,null
Sat Oct 03 02:00:00 UTC 2026,1.5728638000000001,-1.81944611297E7,null,null,null,null,null,null,null,null,null,null
Sat Oct 03 03:00:00 UTC 2026,1.5728638000000001,-1.81944611297E7,null,null,null,null,null,null,null,null,null,null
Sat Oct 03 04:00:00 UTC 2026,1.5728638000000001,-1.81944611297E7,null,null,null,null,null,null,null,null,null,null
Sat Oct 03 05:00:00 UTC 2026,1.5728638000000001,-1.81944611297E7,null,null,null,null,null,null,null,null,null,null
Sat Oct 03 06:00:00 UTC 2026,1.5728638000000001,-1.81944611297E7,null,null,null,null,null,null,null,null,null,null
Sat Oct 03 07:00:00 UTC 2026,1.5728638000000001,-1.81944611297E7,null,null,null,null,null,null,null,null,null,null
Sat Oct 03 08:00:00 UTC 2026,1.5728638000000001,-1.81944611297E7,null,null,null,null,null,null,null,null,null,null
Sat Oct 03 09:00:00 UTC 2026,1.5728638000000001,-1.81944611297E7,null,null,null,null,null,null,null,null,null,null
Sat Oct 03 10:00:00 UTC 2026,1.5728638000000001,-1.81944611297E7,null,null,null,null,null,null,null,null,null,null
Sat Oct 03 11:00:00 UTC 2026,1.5728638000000001,-1.81944611297E7,null,null,null,null,null,null,null,null,null,null
Sat Oct 03 12:00:00 UTC 2026,1.5728638000000001,-1.81944611297E7,null,null,null,null,null,null,null,null,null,null
Sat Oct 03 13:00:00 UTC 2026,1.5728638000000001,-1.81944611297E7,null,null,null,null,null,null,null,null,null,null
Sat Oct 03 14:00:00 UTC 2026,1.5728638000000001,-1.81944611297E7,null,null,null,null,null,null,null,null,null,null
Sat Oct 03 15:00:00 UTC 2026,1.5728638000000001,-1.81944611297E7,null,null,null,null,null,null,null,null,null,null
Sat Oct 03 16:00:00 UTC 2026,1.5728638000000001,-1.81944611297E7,null,null,null,null,null,null,null,null,null,null
Sat Oct 03 17:00:00 UTC 2026,1.5728638000000001,-1.81944611297E7,null,null,null,null,null,null,null,null,null,null
Sat Oct 03 18:00:00 UTC 2026,1.5728638000000001,-1.81944611297E7,null,null,null,null,null,null,null,null,null,null
Sat Oct 03 19:00:00 UTC 2026,1.5728638000000001,-1.81944611297E7,null,null,null,null,null,null,null,null,null,null
Sat Oct 03 20:00:00 UTC 2026,1.5728638000000001,-1.81944611297E7,null,null,null,null,null,null,null,null,null,null
Sat Oct 03 21:00:00 UTC 2026,1.5728638000000001,-1.81944611297E7,null,null,null,null,null,null,null,null,null,null
Sat Oct 03 22:00:00 UTC 2026,1.5728638000000001,-1.81944611297E7,null,null,null,null,null,null,null,null,null,null
Sat Oct 03 23:00:00 UTC 2026,1.5728638000000001,-1.81944611297E7,null,null,null,null,null,null,null,null,null,null
Sun Oct 04 00:00:00 UTC 2026,1.5728638000000001,-1.81944611297E7,null,null,null,null,null,null,null,null,null,null
Sun Oct 04 01:00:00 UTC 2026,1.5728638000000001,-1.81944611297E7,null,null,null,null,null,null,null,null,null,null
Sun Oct 04 02:00:00 UTC 2026,1.5728638000000001,-1.81944611297E7,null,null,null,null,null,null,null,null,null,null
Sun Oct 04 03:00:00 UTC 2026,1.5728638000000001,-1.81944611297E7,null,null,null,null,null,null,null,null,null,null
Sun Oct 04 04:00:00 UTC 2026,1.5728638000000001,-1.81944611297E7,null,null,null,null,null,null,null,null,null,null
Sun Oct 04 05:00:00 UTC 2026,1.5728638000000001,-1.81944611297E7,null,null,null,null,null,null,null,null,null,null
Sun Oct 04 06:00:00 UTC 2026,1.5728638000000001,-1.81944611297E7,null,null,null,null,null,null,null,null,null,null
Sun Oct 04 07:00:00 UTC 2026,1.5728638000000001,-1.81944611297E7,null,null,null,null,null,null,null,null,null,null
Sun Oct 04 08:00:00 UTC 2026,1.5728638000000001,-1.81944611297E7,null,null,null,null,null,null,null,null,null,null
Sun Oct 04 09:00:00 UTC 2026,1.5728638000000001,-1.81944611297E7,null,null,null,null,null,null,null,null,null,null
Sun Oct 04 10:00:00 UTC 2026,1.5728638000000001,-1.81944611297E7,null,null,null,null,null,null,null,null,null,null
Sun Oct 04 11:00:00 UTC 2026,1.5728638000000001,-1.81944611297E7,null,null,null,null,null,null,null,null,null,null
Sun Oct 04 12:00:00 UTC 2026,1.5728638000000001,-1.81944611297E7,null,null,null,null,null,null,null,null,null,null
Sun Oct 04 13:00:00 UTC 2026,1.5728638000000001,-1.81944611297E7,null,null,null,null,null,null,null,null,null,null
Sun Oct 04 14:00:00 UTC 2026,1.5728638000000001,-1.81944611297E7,null,null,null,null,null,null,null,null,null,null
Sun Oct 04 15:00:00 UTC 2026,1.5728638000000001,-1.81944611297E7,null,null,null,null,null,null,null,null,null,null
Sun Oct 04 16:00:00 UTC 2026,1.5728638000000001,-1.81944611297E7,null,null,null,null,null,null,null,null,null,null
Sun Oct 04 17:00:00 UTC 2026,1.5728638000000001,-1.81944611297E7,null,null,null,null,null,null,null,null,null,null
Sun Oct 04 18:00:00 UTC 2026,1.5728638000000001,-1.81944611297E7,null,null,null,null,null,null,null,null,null,null
Sun Oct 04 19:00:00 UTC 2026,1.5728638000000001,-1.81944611297E7,null,null,null,null,null,null,null,null,null,null
Sun Oct 04 20:00:00 UTC 2026,1.5728638000000001,-1.81944611297E7,null,null,null,null,null,null,null,null,null,null
Sun Oct 04 21:00:00 UTC 2026,1.5728638000000001,-1.83894651297E7,null,null,null,null,null,null,null,null,null,null
Sun Oct 04 22:00:00 UTC 2026,1.5728638000000001,-1.78691201297E7,null,null,null,null,null,null,null,null,null,null
Sun Oct 04 23:00:00 UTC 2026,1.5728638000000001,-1.75570731297E7,null,null,null,null,null,null,null,null,null,null
Mon Oct 05 00:00:00 UTC 2026,1.5728638000000001,-1.70513471297E7,null,null,null,null,null,null,null,null,null,null
Mon Oct 05 01:00:00 UTC 2026,1.5728638000000001,-2.02394231297E7,null,null,null,null,null,null,null,null,null,null
Mon Oct 05 02:00:00 UTC 2026,1.5728638000000001,-1.92597991297E7,null,null,null,null,null,null,null,null,null,null
Mon Oct 05 03:00:00 UTC 2026,1.5728638000000001,-1.91129391297E7,null,null,null,null,null,null,null,null,null,null
Mon Oct 05 04:00:00 UTC 2026,1.5728638000000001,-1.95060621297E7,null,null,null,null,null,null,null,null,null,null
Mon Oct 05 05:00:00 UTC 2026,1.5728638000000001,-1.96199311297E7,null,null,null,null,null,null,null,null,null,null
Mon Oct 05 06:00:00 UTC 2026,1.5728638000000001,-1.96475651297E7,null,null,null,null,null,null,null,null,null,null
Mon Oct 05 07:00:00 UTC 2026,1.5728638000000001,-1.91434151297E7,null,null,null,null,null,null,null,null,null,null
Mon Oct 05 08:00:00 UTC 2026,1.5728638000000001,-1.88896371297E7,null,null,null,null,null,null,null,null,null,null
Mon Oct 05 09:00:00 UTC 2026,1.5728638000000001,-1.82382091297E7,null,null,null,null,null,null,null,null,null,null
Mon Oct 05 10:00:00 UTC 2026,1.5728638000000001,-1.82438051297E7,null,null,null,null,null,null,null,null,null,null
Mon Oct 05 11:00:00 UTC 2026,1.5728638000000001,-1.92981191297E7,null,null,null,null,null,null,null,null,null,null
Mon Oct 05 12:00:00 UTC 2026,1.5728638000000001,-2.01537431297E7,null,null,null,null,null,null,null,null,null,null
Mon Oct 05 13:00:00 UTC 2026,1.5728638000000001,-2.03939151297E7,null,null,null,null,null,null,null,null,null,null
Mon Oct 05 14:00:00 UTC 2026,1.5728638000000001,-2.05660051297E7,null,null,null,null,null,null,null,null,null,null
Mon Oct 05 15:00:00 UTC 2026,1.5728638000000001,-2.18630031297E7,null,null,null,null,null,null,null,null,null,null
Mon Oct 05 16:00:00 UTC 2026,1.5728638000000001,-2.11819461297E7,null,null,null,null,null,null,null,null,null,null
Mon Oct 05 17:00:00 UTC 2026,1.5728638000000001,-2.15708821297E7,null,null,null,null,null,null,null,null,null,null
Mon Oct 05 18:00:00 UTC 2026,1.5728638000000001,-2.07483771297E7,null,null,null,null,null,null,null,null,null,null
Mon Oct 05 19:00:00 UTC 2026,1.5728638000000001,-2.16719381297E7,null,null,null,null,null,null,null,null,null,null
Mon Oct 05 20:00:00 UTC 2026,1.5728638000000001,-2.08940691297E7,null,null,null,null,null,null,null,null,null,null
Mon Oct 05 21:00:00 UTC 2026,1.5728638000000001,-2.08252161297E7,null,null,null,null,null,null,null,null,null,null
Mon Oct 05 22:00:00 UTC 2026,1.5728638000000001,-2.04411251297E7,null,null,null,null,null,null,null,null,null,null
Mon Oct 05 23:00:00 UTC 2026,1.5728638000000001,-2.01925681297E7,null,null,null,null,null,null,null,null,null,null
Tue Oct 06 00:00:00 UTC 2026,1.5728638000000001,-2.06198031297E7,null,null,null,null,null,null,null,null,null,null
Tue Oct 06 01:00:00 UTC 2026,1.5728638000000001,-2.08594611297E7,null,null,null,null,null,null,null,null,null,null
Tue Oct 06 02:00:00 UTC 2026,1.5728638000000001,-1.94371191297E7,null,null,null,null,null,null,null,null,null,null
Tue Oct 06 03:00:00 UTC 2026,1.5728638000000001,-1.92295761297E7,null,null,null,null,null,null,null,null,null,null
Tue Oct 06 04:00:00 UTC 2026,1.5728638000000001,-2.01325451297E7,null,null,null,null,null,null,null,null,null,null
Tue Oct 06 05:00:00 UTC 2026,1.5728638000000001,-2.01794201297E7,null,null,null,null,null,null,null,null,null,null
Tue Oct 06 06:00:00 UTC 2026,1.5728638000000001,-1.92116791297E7,null,null,null,null,null,null,null,null,null,null
Tue Oct 06 07:00:00 UTC 2026,1.5728638000000001,-1.92351521297E7,null,null,null,null,null,null,null,null,null,null
Tue Oct 06 08:00:00 UTC 2026,1.5728638000000001,-1.84631631297E7,null,null,null,null,null,null,-1.84625631297E7,null,null,null
Tue Oct 06 09:00:00 UTC 2026,1.5728638000000001,-1.96866781297E7,null,null,null,null,null,null,-1.8856711012052942E7,null,null,null
Tue Oct 06 10:00:00 UTC 2026,1.5728638000000001,-1.90009061297E7,null,null,null,null,null,null,-1.9250858894405883E7,null,null,null
Tue Oct 06 11:00:00 UTC 2026,1.5728638000000001,-1.94420081297E7,null,null,null,null,null,null,-1.9645006776758824E7,null,null,null
Tue Oct 06 12:00:00 UTC 2026,1.5728638000000001,-2.04342511297E7,null,null,null,null,null,null,-2.0039154659111764E7,null,null,null
Tue Oct 06 13:00:00 UTC 2026,1.5728638000000001,-2.03711901297E7,null,null,null,null,null,null,-2.043330254146471E7,null,null,null
Tue Oct 06 14:00:00 UTC 2026,1.5728638000000001,-2.04750161297E7,null,null,null,null,null,null,-2.082745042381765E7,null,null,null
Tue Oct 06 15:00:00 UTC 2026,1.5728638000000001,-2.08217671297E7,null,null,null,null,null,null,-2.122159830617059E7,null,null,null
Tue Oct 06 16:00:00 UTC 2026,1.5728638000000001,-2.11502551297E7,null,null,null,null,null,null,-2.161574618852353E7,null,null,null
Tue Oct 06 17:00:00 UTC 2026,1.5728638000000001,-2.10707311297E7,null,null,null,null,null,null,-2.200989407087647E7,null,null,null
Tue Oct 06 18:00:00 UTC 2026,1.5728638000000001,-2.17719031297E7,null,null,null,null,null,null,-2.2404041953229412E7,null,null,null
Tue Oct 06 19:00:00 UTC 2026,1.5728638000000001,-2.24913371297E7,null,null,null,null,null,null,-2.2798189835582357E7,null,null,null
Tue Oct 06 20:00:00 UTC 2026,1.5728638000000001,-2.24212371297E7,null,null,null,null,null,null,-2.3192337717935298E7,null,null,null
Tue Oct 06 21:00:00 UTC 2026,1.5728638000000001,-2.19552261297E7,null,null,null,null,null,null,-2.3586485600288235E7,null,null,null
Tue Oct 06 22:00:00 UTC 2026,1.5728638000000001,-2.24550421297E7,null,null,null,null,null,null,-2.398063348264118E7,null,null,null
Tue Oct 06 23:00:00 UTC 2026,1.5728638000000001,-2.23615391297E7,null,null,null,null,null,null,-2.437478136499412E7,null,null,null
Wed Oct 07 00:00:00 UTC 2026,1.5728638000000001,-2.39194261297E7,null,null,null,null,null,null,-2.4768929247347057E7,null,null,null
Wed Oct 07 01:00:00 UTC 2026,1.5728638000000001,-2.51636771297E7,null,-2.51635771297E7,null,null,null,null,-2.51630771297E7,null,null,null
Wed Oct 07 02:00:00 UTC 2026,1.5728638000000001,-2.36604081297E7,null,-2.495335225721678E7,null,null,null,null,null,null,null,null
Wed Oct 07 03:00:00 UTC 2026,1.5728638000000001,-2.42632021297E7,null,-2.4743127384733558E7,null,null,null,null,null,null,null,null
Wed Oct 07 04:00:00 UTC 2026,1.5728638000000001,-2.33690921297E7,null,-2.4532902512250338E7,null,null,null,null,null,null,null,null
Wed Oct 07 05:00:00 UTC 2026,1.5728638000000001,-2.30218041297E7,null,-2.4322677639767118E7,null,null,null,null,null,null,null,null
Wed Oct 07 06:00:00 UTC 2026,1.5728638000000001,-2.17258711297E7,null,-2.4112452767283894E7,null,null,null,null,null,null,null,null
Wed Oct 07 07:00:00 UTC 2026,1.5728638000000001,-2.19071851297E7,null,-2.390222789480067E7,null,null,null,null,null,null,null,null
Wed Oct 07 08:00:00 UTC 2026,1.5728638000000001,-2.17981651297E7,null,-2.369200302231745E7,null,null,null,null,null,null,null,null
Wed Oct 07 09:00:00 UTC 2026,1.5728638000000001,-2.21660471297E7,null,-2.348177814983423E7,null,null,null,null,null,null,null,null
Wed Oct 07 10:00:00 UTC 2026,1.5728638000000001,-2.23959191297E7,null,-2.3271553277351007E7,null,null,null,null,null,null,null,null
Wed Oct 07 11:00:00 UTC 2026,1.5728638000000001,-2.27705791297E7,null,-2.3061328404867787E7,null,null,null,null,null,null,null,null
Wed Oct 07 12:00:00 UTC 2026,1.5728638000000001,-2.21428051297E7,null,-2.2851103532384567E7,null,null,null,null,null,null,null,null
Wed Oct 07 13:00:00 UTC 2026,1.5728638000000001,-2.19698071297E7,null,-2.2640878659901347E7,null,null,null,null,null,null,null,null
Wed Oct 07 14:00:00 UTC 2026,1.5728638000000001,-2.29437071297E7,null,-2.2430653787418123E7,null,null,null,null,null,null,null,null
Wed Oct 07 15:00:00 UTC 2026,1.5728638000000001,-2.25365241297E7,null,-2.2220428914934903E7,null,null,null,null,null,null,null,null
Wed Oct 07 16:00:00 UTC 2026,1.5728638000000001,-2.20514221297E7,null,-2.201020404245168E7,null,null,null,null,null,null,null,null
Wed Oct 07 17:00:00 UTC 2026,1.5728638000000001,-2.13158841297E7,null,-2.1799979169968456E7,null,null,null,null,null,null,null,null
Wed Oct 07 18:00:00 UTC 2026,1.5728638000000001,-2.04925811297E7,null,-2.1589754297485236E7,null,null,null,null,null,null,null,null
Wed Oct 07 19:00:00 UTC 2026,1.5728638000000001,-1.97492721297E7,null,-2.1379529425002012E7,null,null,null,null,null,null,null,null
Wed Oct 07 20:00:00 UTC 2026,1.5728638000000001,-2.00648861297E7,null,-2.1169304552518792E7,null,null,null,null,null,null,null,null
Wed Oct 07 21:00:00 UTC 2026,1.5728638000000001,-2.02650951297E7,null,-2.095907968003557E7,null,null,null,null,null,null,null,null
Wed Oct 07 22:00:00 UTC 2026,1.5728638000000001,-2.04073191297E7,null,-2.074885480755235E7,null,null,null,null,null,null,null,null
Wed Oct 07 23:00:00 UTC 2026,1.5728638000000001,-2.06621191297E7,null,-2.053862993506913E7,null,null,null,null,null,null,null,null
Thu Oct 08 00:00:00 UTC 2026,1.5728638000000001,-2.13586891297E7,null,-2.0328405062585905E7,null,null,null,null,null,null,null,null
Thu Oct 08 01:00:00 UTC 2026,1.5728638000000001,-2.13023111297E7,null,-2.0118180190102685E7,null,null,null,null,null,null,null,null
Thu Oct 08 02:00:00 UTC 2026,1.5728638000000001,-2.10021581297E7,null,-1.9907955317619465E7,null,null,null,null,null,null,null,null
Thu Oct 08 03:00:00 UTC 2026,1.5728638000000001,-2.00561291297E7,null,-1.969773044513624E7,null,null,null,null,null,null,null,null
Thu Oct 08 04:00:00 UTC 2026,1.5728638000000001,-1.99940381297E7,null,-1.948750557265302E7,null,null,null,null,null,null,null,null
Thu Oct 08 05:00:00 UTC 2026,1.5728638000000001,-2.07350001297E7,null,-1.92772807001698E7,null,null,null,null,null,null,null,null
Thu Oct 08 06:00:00 UTC 2026,1.5728638000000001,-1.87217851297E7,null,-1.9067055827686578E7,null,null,null,null,null,null,null,null
Thu Oct 08 07:00:00 UTC 2026,1.5728638000000001,-1.79363151297E7,null,-1.8856830955203354E7,null,null,null,null,null,null,null,null
Thu Oct 08 08:00:00 UTC 2026,1.5728638000000001,-1.77047741297E7,null,-1.8646606082720134E7,null,null,null,null,null,null,null,null
Thu Oct 08 09:00:00 UTC 2026,1.5728638000000001,-1.78065811297E7,null,-1.8436381210236914E7,null,null,null,null,null,null,null,null
Thu Oct 08 10:00:00 UTC 2026,1.5728638000000001,-1.70716861297E7,null,-1.8226156337753695E7,null,null,null,null,null,null,null,null
Thu Oct 08 11:00:00 UTC 2026,1.5728638000000001,-1.71748741297E7,null,-1.801593146527047E7,null,null,null,null,null,null,null,null
Thu Oct 08 12:00:00 UTC 2026,1.5728638000000001,-1.77071331297E7,null,-1.780570659278725E7,null,null,null,null,null,null,null,null
Thu Oct 08 13:00:00 UTC 2026,1.5728638000000001,-1.91248421297E7,null,-1.759548172030403E7,null,null,null,null,null,null,null,null
Thu Oct 08 14:00:00 UTC 2026,1.5728638000000001,-1.85352181297E7,null,-1.7385256847820807E7,null,null,null,null,null,null,null,null
Thu Oct 08 15:00:00 UTC 2026,1.5728638000000001,-1.69818571297E7,null,-1.7175031975337587E7,null,null,null,null,null,null,null,null
Thu Oct 08 16:00:00 UTC 2026,1.5728638000000001,-1.68364381297E7,null,-1.6964807102854367E7,null,null,null,null,null,null,null,null
Thu Oct 08 17:00:00 UTC 2026,1.5728638000000001,-1.6295162129700001E7,null,-1.6754582230371142E7,null,null,null,null,null,null,null,null
Thu Oct 08 18:00:00 UTC 2026,1.5728638000000001,-1.55957351297E7,null,-1.6544357357887918E7,null,null,null,null,null,null,null,null
Thu Oct 08 19:00:00 UTC 2026,1.5728638000000001,-1.42018771297E7,null,-1.6334132485404698E7,null,null,null,null,null,null,null,null
Thu Oct 08 20:00:00 UTC 2026,1.5728638000000001,-1.42560841297E7,null,-1.6123907612921478E7,null,null,null,null,null,null,null,null
Thu Oct 08 21:00:00 UTC 2026,1.5728638000000001,-1.43123971297E7,null,-1.5913682740438255E7,null,null,null,null,null,null,null,null
Thu Oct 08 22:00:00 UTC 2026,1.5728638000000001,-1.43949991297E7,null,-1.5703457867955035E7,null,null,null,null,null,null,null,null
Thu Oct 08 23:00:00 UTC 2026,1.5728638000000001,-1.43041431297E7,null,-1.5493232995471815E7,null,null,null,null,null,null,null,null
Fri Oct 09 00:00:00 UTC 2026,1.5728638000000001,-1.35673241297E7,null,-1.5283008122988591E7,null,null,null,null,null,null,null,null
Fri Oct 09 01:00:00 UTC 2026,1.5728638000000001,-1.32510711297E7,null,-1.5072783250505371E7,null,null,null,null,null,null,null,null
Fri Oct 09 02:00:00 UTC 2026,1.5728638000000001,-1.21652431297E7,null,-1.486255837802215E7,null,null,null,null,null,null,null,null
Fri Oct 09 03:00:00 UTC 2026,1.5728638000000001,-1.17638491297E7,null,-1.4652333505538927E7,null,null,null,null,null,null,null,null
Fri Oct 09 04:00:00 UTC 2026,1.5728638000000001,-1.17202601297E7,null,-1.4442108633055706E7,null,null,null,null,null,null,null,null
Fri Oct 09 05:00:00 UTC 2026,1.5728638000000001,-1.17835601297E7,null,-1.4231883760572482E7,null,null,null,null,null,null,null,null
Fri Oct 09 06:00:00 UTC 2026,1.5728638000000001,-1.13945621297E7,null,-1.4021658888089262E7,null,null,null,null,null,null,null,null
Fri Oct 09 07:00:00 UTC 2026,1.5728638000000001,-9844700.1297,null,-1.381143401560604E7,null,null,null,null,null,null,null,null
Fri Oct 09 08:00:00 UTC 2026,1.5728638000000001,-1.02276161297E7,null,-1.3601209143122818E7,null,null,null,null,null,null,null,null
Fri Oct 09 09:00:00 UTC 2026,1.5728638000000001,-1.09488111297E7,null,-1.3390984270639598E7,null,null,null,null,null,null,null,null
Fri Oct 09 10:00:00 UTC 2026,1.5728638000000001,-1.05546481297E7,null,-1.3180759398156377E7,null,null,null,null,null,null,null,null
Fri Oct 09 11:00:00 UTC 2026,1.5728638000000001,-1.17599671297E7,null,-1.2970534525673155E7,null,null,null,null,null,null,null,null
Fri Oct 09 12:00:00 UTC 2026,1.5728638000000001,-1.12174201297E7,null,-1.2760309653189935E7,null,null,null,null,null,null,null,null
Fri Oct 09 13:00:00 UTC 2026,1.5728638000000001,-1.20997261297E7,null,-1.2550084780706713E7,null,null,null,null,null,null,null,null
Fri Oct 09 14:00:00 UTC 2026,1.5728638000000001,-1.20826571297E7,null,-1.2339859908223493E7,null,null,null,null,null,null,null,null
Fri Oct 09 15:00:00 UTC 2026,1.5728638000000001,-2570378.1297,null,-1.2129635035740271E7,null,null,null,null,-2569778.1297,null,null,null
Fri Oct 09 16:00:00 UTC 2026,1.5728638000000001,-3292295.1297,null,-1.1919410163257048E7,null,null,null,null,-2633478.4745275863,null,null,null
Fri Oct 09 17:00:00 UTC 2026,1.5728638000000001,-3459735.1297000004,null,-1.1709185290773824E7,null,null,null,null,-2697178.819355172,null,null,null
Fri Oct 09 18:00:00 UTC 2026,1.5728638000000001,-4850978.1297,null,-1.1498960418290604E7,null,null,null,null,-2760879.1641827584,null,null,null
Fri Oct 09 19:00:00 UTC 2026,1.5728638000000001,-4778777.1297,null,-1.1288735545807382E7,null,null,null,null,-2824579.5090103447,null,null,null
Fri Oct 09 20:00:00 UTC 2026,1.5728638000000001,-4496554.1297,null,-1.107851067332416E7,null,null,null,null,-2888279.853837931,null,null,null
Fri Oct 09 21:00:00 UTC 2026,1.5728638000000001,-4496554.1297,null,-1.086828580084094E7,null,null,null,null,-2951980.1986655174,null,null,null
Fri Oct 09 22:00:00 UTC 2026,1.5728638000000001,-4496554.1297,null,-1.0658060928357719E7,null,null,null,null,-3015680.5434931037,null,null,null
Fri Oct 09 23:00:00 UTC 2026,1.5728638000000001,-4496554.1297,null,-1.0447836055874499E7,null,null,null,null,-3079380.8883206896,null,null,null
Sat Oct 10 00:00:00 UTC 2026,1.5728638000000001,-4496554.1297,null,-1.0237611183391277E7,null,null,null,null,-3143081.233148276,null,null,null
Sat Oct 10 01:00:00 UTC 2026,1.5728638000000001,-4496554.1297,null,-1.0027386310908055E7,null,null,null,null,-3206781.5779758617,null,null,null
Sat Oct 10 02:00:00 UTC 2026,1.5728638000000001,-4496554.1297,null,-9817161.438424835,null,null,null,null,-3270481.922803448,null,null,null
Sat Oct 10 03:00:00 UTC 2026,1.5728638000000001,-4496554.1297,null,-9606936.565941613,null,null,null,null,-3334182.2676310344,null,null,null
Sat Oct 10 04:00:00 UTC 2026,1.5728638000000001,-4496554.1297,null,-9396711.69345839,null,null,null,null,-3397882.6124586207,null,null,null
Sat Oct 10 05:00:00 UTC 2026,1.5728638000000001,-4496554.1297,null,-9186486.82097517,null,null,null,null,-3461582.957286207,null,null,null
Sat Oct 10 06:00:00 UTC 2026,1.5728638000000001,-4496554.1297,null,-8976261.948491946,null,null,null,null,-3525283.3021137933,null,null,null
Sat Oct 10 07:00:00 UTC 2026,1.5728638000000001,-4496554.1297,null,-8766037.076008726,null,null,null,null,-3588983.6469413796,null,null,null
Sat Oct 10 08:00:00 UTC 2026,1.5728638000000001,-4496554.1297,null,-8555812.203525502,null,null,null,null,-3652683.9917689655,null,null,null
Sat Oct 10 09:00:00 UTC 2026,1.5728638000000001,-4496554.1297,null,-8345587.331042282,null,null,null,null,-3716384.3365965523,null,null,null
Sat Oct 10 10:00:00 UTC 2026,1.5728638000000001,-4496554.1297,null,-8135362.4585590605,null,null,null,null,-3780084.681424138,null,null,null
Sat Oct 10 11:00:00 UTC 2026,1.5728638000000001,-4496554.1297,null,-7925137.5860758405,null,null,null,null,-3843785.026251724,null,null,null
Sat Oct 10 12:00:00 UTC 2026,1.5728638000000001,-4496554.1297,null,-7714912.713592619,null,null,null,null,-3907485.371079311,null,null,null
Sat Oct 10 13:00:00 UTC 2026,1.5728638000000001,-4496554.1297,null,-7504687.841109397,null,null,null,null,-3971185.7159068966,null,null,null
Sat Oct 10 14:00:00 UTC 2026,1.5728638000000001,-4496554.1297,null,-7294462.968626175,null,null,null,null,-4034886.0607344825,null,null,null
Sat Oct 10 15:00:00 UTC 2026,1.5728638000000001,-4496554.1297,null,-7084238.096142953,null,null,null,null,-4098586.4055620693,null,null,null
Sat Oct 10 16:00:00 UTC 2026,1.5728638000000001,-4496554.1297,null,-6874013.223659733,null,null,null,null,-4162286.750389655,null,null,null
Sat Oct 10 17:00:00 UTC 2026,1.5728638000000001,-4496554.1297,null,-6663788.3511765115,null,null,null,null,-4225987.095217241,null,null,null
Sat Oct 10 18:00:00 UTC 2026,1.5728638000000001,-4496554.1297,null,-6453563.47869329,null,null,null,null,-4289687.440044828,null,null,null
Sat Oct 10 19:00:00 UTC 2026,1.5728638000000001,-4496554.1297,null,-6243338.606210067,null,null,null,null,-4353387.784872415,null,null,null
Sat Oct 10 20:00:00 UTC 2026,1.5728638000000001,-4496554.1297,null,-6033113.733726847,null,null,null,null,-4417088.1297,null,null,null
Sat Oct 10 21:00:00 UTC 2026,1.5728638000000001,-4496554.1297,null,-5822888.861243625,null,null,null,null,-4480788.474527586,null,null,null
Sat Oct 10 22:00:00 UTC 2026,1.5728638000000001,-4496554.1297,null,-5612663.988760403,null,null,null,null,-4544488.819355172,null,null,null
Sat Oct 10 23:00:00 UTC 2026,1.5728638000000001,-4496554.1297,null,-5402439.116277183,null,null,null,null,-4608189.164182759,null,null,null
Sun Oct 11 00:00:00 UTC 2026,1.5728638000000001,-4496554.1297,null,-5192214.24379396,null,null,null,null,-4671889.509010345,null,null,null
Sun Oct 11 01:00:00 UTC 2026,1.5728638000000001,-4496554.1297,null,-4981989.371310739,null,null,null,null,-4735589.8538379315,null,null,null
Sun Oct 11 02:00:00 UTC 2026,1.5728638000000001,-4496554.1297,null,-4771764.498827517,null,null,null,null,-4799290.198665517,null,null,null
Sun Oct 11 03:00:00 UTC 2026,1.5728638000000001,-4496554.1297,null,-4561539.626344295,null,null,null,null,-4862990.543493104,null,null,null
Sun Oct 11 04:00:00 UTC 2026,1.5728638000000001,-4496554.1297,null,-4351314.753861075,null,null,null,null,-4926690.88832069,null,null,null
Sun Oct 11 05:00:00 UTC 2026,1.5728638000000001,-4496554.1297,null,-4141089.881377853,null,null,null,null,-4990391.233148276,null,null,null
Sun Oct 11 06:00:00 UTC 2026,1.5728638000000001,-4496554.1297,null,-3930865.008894631,null,null,null,null,-5054091.577975863,null,null,null
Sun Oct 11 07:00:00 UTC 2026,1.5728638000000001,-4496554.1297,null,-3720640.13641141,null,null,null,null,-5117791.9228034485,null,null,null
Sun Oct 11 08:00:00 UTC 2026,1.5728638000000001,-4496554.1297,null,-3510415.263928188,null,null,null,null,-5181492.267631034,null,null,null
Sun Oct 11 09:00:00 UTC 2026,1.5728638000000001,-4496554.1297,null,-3300190.391444967,null,null,null,null,-5245192.612458621,null,null,null
Sun Oct 11 10:00:00 UTC 2026,1.5728638000000001,-4496554.1297,null,-3089965.5189617462,null,null,null,null,-5308892.957286207,null,null,null
Sun Oct 11 11:00:00 UTC 2026,1.5728638000000001,-4496554.1297,null,-2879740.6464785244,null,null,null,null,-5372593.302113793,null,null,null
Sun Oct 11 12:00:00 UTC 2026,1.5728638000000001,-4496554.1297,null,-2669515.7739953026,null,null,null,null,-5436293.64694138,null,null,null
Sun Oct 11 13:00:00 UTC 2026,1.5728638000000001,-4496554.1297,null,-2459290.901512081,null,null,null,null,-5499993.9917689655,null,null,null
Sun Oct 11 14:00:00 UTC 2026,1.5728638000000001,-4496554.1297,null,-2249066.029028859,null,null,null,null,-5563694.336596551,null,null,null
Sun Oct 11 15:00:00 UTC 2026,1.5728638000000001,-4496554.1297,null,-2038841.156545638,null,null,null,null,-5627394.681424138,null,null,null
Sun Oct 11 16:00:00 UTC 2026,1.5728638000000001,-4496554.1297,null,-1828616.2840624172,null,null,null,null,-5691095.026251724,null,null,null
Sun Oct 11 17:00:00 UTC 2026,1.5728638000000001,-4496554.1297,null,-1618391.4115791954,null,null,null,null,-5754795.371079311,null,null,null
Sun Oct 11 18:00:00 UTC 2026,1.5728638000000001,-4496554.1297,null,-1408166.5390959736,null,null,null,null,-5818495.715906898,null,null,null
Sun Oct 11 19:00:00 UTC 2026,1.5728638000000001,-4496554.1297,null,-1197941.6666127518,null,null,null,null,-5882196.060734483,null,null,null
Sun Oct 11 20:00:00 UTC 2026,1.5728638000000001,-4496554.1297,null,-987716.7941295309,null,null,null,null,-5945896.40556207,null,null,null
Sun Oct 11 21:00:00 UTC 2026,1.5728638000000001,-5154379.1297,null,-777491.92164631,null,null,null,null,-6009596.750389656,null,null,null
Sun Oct 11 22:00:00 UTC 2026,1.5728638000000001,-5143621.1297,null,-567267.0491630882,null,null,null,null,-6073297.095217242,null,null,null
Sun Oct 11 23:00:00 UTC 2026,1.5728638000000001,-4034011.1297000004,null,-357042.1766798673,null,null,null,null,-6136997.440044829,null,null,null
Mon Oct 12 00:00:00 UTC 2026,1.5728638000000001,-5169728.1297,null,-146817.3041966455,null,null,null,null,-6200697.784872414,null,null,null
Mon Oct 12 01:00:00 UTC 2026,1.5728638000000001,-6264998.1297,null,63407.56828657631,null,null,null,null,-6264398.1297,null,null,null
Mon Oct 12 02:00:00 UTC 2026,1.5728638000000001,-5125086.1297,null,273632.4407697981,null,null,null,null,null,null,null,null
Mon Oct 12 03:00:00 UTC 2026,1.5728638000000001,-4777219.1297,null,483857.31325301994,null,null,null,null,null,null,null,null
Mon Oct 12 04:00:00 UTC 2026,1.5728638000000001,-5170139.1297,null,694082.1857362418,null,null,null,null,null,null,null,null
Mon Oct 12 05:00:00 UTC 2026,1.5728638000000001,-4085701.1297000004,null,904307.0582194626,null,null,null,null,null,null,null,null
Mon Oct 12 06:00:00 UTC 2026,1.5728638000000001,-4500195.1297,null,1114531.9307026844,null,null,null,null,null,null,null,null
Mon Oct 12 07:00:00 UTC 2026,1.5728638000000001,-4335486.1297,null,1324756.8031859058,null,null,null,null,null,null,null,null
Mon Oct 12 08:00:00 UTC 2026,1.5728638000000001,-3822798.1297000004,null,1534981.6756691267,null,null,null,null,null,null,null,null
Mon Oct 12 09:00:00 UTC 2026,1.5728638000000001,-4195887.1297,null,1745206.5481523485,null,null,null,null,null,null,null,null
Mon Oct 12 10:00:00 UTC 2026,1.5728638000000001,-3361593.1297000004,null,1955431.4206355698,null,null,null,null,null,null,null,null
Mon Oct 12 11:00:00 UTC 2026,1.5728638000000001,-3589906.1297000004,null,2165656.2931187907,null,null,null,null,null,null,null,null
Mon Oct 12 12:00:00 UTC 2026,1.5728638000000001,-3002386.1297,null,2375881.1656020125,null,null,null,null,null,null,null,null
Mon Oct 12 13:00:00 UTC 2026,1.5728638000000001,-3294820.1297,null,2586106.038085235,null,null,null,null,null,null,null,null
Mon Oct 12 14:00:00 UTC 2026,1.5728638000000001,-3053295.1297,null,2796330.910568456,null,null,null,null,null,null,null,null
Mon Oct 12 15:00:00 UTC 2026,1.5728638000000001,-3723223.1297000004,null,3006555.7830516775,null,null,null,null,null,null,null,null
Mon Oct 12 16:00:00 UTC 2026,1.5728638000000001,-2136919.1297,null,3216780.655534899,null,null,null,null,null,null,null,null
Mon Oct 12 17:00:00 UTC 2026,1.5728638000000001,-2229055.1297,null,3427005.52801812,null,null,null,null,null,null,null,null
Mon Oct 12 18:00:00 UTC 2026,1.5728638000000001,-1705386.1297,null,3637230.4005013416,null,null,null,null,null,null,null,null
Mon Oct 12 19:00:00 UTC 2026,1.5728638000000001,-2119137.1297,null,3847455.2729845624,null,null,null,null,null,null,null,null
Mon Oct 12 20:00:00 UTC 2026,1.5728638000000001,-2394902.1297,null,4057680.1454677843,null,null,null,null,null,null,null,null
Mon Oct 12 21:00:00 UTC 2026,1.5728638000000001,-2864230.1297,null,4267905.017951006,null,null,null,null,null,null,null,null
Mon Oct 12 22:00:00 UTC 2026,1.5728638000000001,-2913608.1297,null,4478129.890434228,null,null,null,null,null,null,null,null
Mon Oct 12 23:00:00 UTC 2026,1.5728638000000001,-2079753.1297,null,4688354.76291745,null,null,null,null,null,null,null,null
Tue Oct 13 00:00:00 UTC 2026,1.5728638000000001,-2652815.1297,null,4898579.635400671,null,null,null,null,null,null,null,null
Tue Oct 13 01:00:00 UTC 2026,1.5728638000000001,-1994038.1297,null,5108804.507883893,null,null,null,null,null,null,null,null
Tue Oct 13 02:00:00 UTC 2026,1.5728638000000001,-2238224.1297,null,5319029.380367114,null,null,null,null,null,null,null,null
Tue Oct 13 03:00:00 UTC 2026,1.5728638000000001,-2005285.1297,null,5529254.252850335,null,null,null,null,null,null,null,null
Tue Oct 13 04:00:00 UTC 2026,1.5728638000000001,-2189823.1297,null,5739479.125333557,null,null,null,null,null,null,null,null
Tue Oct 13 05:00:00 UTC 2026,1.5728638000000001,5361646.8703,null,5949703.997816779,null,null,null,null,null,null,null,null
Tue Oct 13 06:00:00 UTC 2026,1.5728638000000001,6159828.8703,null,6159928.8703,null,null,null,null,6160428.8703,null,null,null
Tue Oct 13 07:00:00 UTC 2026,1.5728638000000001,6145794.8703,null,null,null,null,null,null,5703580.592522222,null,null,null
Tue Oct 13 08:00:00 UTC 2026,1.5728638000000001,-594316.1296999999,null,null,null,null,null,null,5246732.314744444,null,null,null
Tue Oct 13 09:00:00 UTC 2026,1.5728638000000001,-887047.1296999999,null,null,null,null,null,null,4789884.036966667,null,null,null
Tue Oct 13 10:00:00 UTC 2026,1.5728638000000001,-480212.12969999993,null,null,null,null,null,null,4333035.759188889,null,null,null
Tue Oct 13 11:00:00 UTC 2026,1.5728638000000001,-430950.12969999993,null,null,null,null,null,null,3876187.4814111106,null,null,null
Tue Oct 13 12:00:00 UTC 2026,1.5728638000000001,-1419216.1297,null,null,null,null,null,null,3419339.203633333,null,null,null
Tue Oct 13 13:00:00 UTC 2026,1.5728638000000001,-1315038.1297,null,null,null,null,null,null,2962490.9258555556,null,null,null
Tue Oct 13 14:00:00 UTC 2026,1.5728638000000001,-1890023.1297,null,null,null,null,null,null,2505642.648077778,null,null,null
Tue Oct 13 15:00:00 UTC 2026,1.5728638000000001,-1710848.1297,null,null,null,null,null,null,2048794.3702999998,null,null,null
Tue Oct 13 16:00:00 UTC 2026,1.5728638000000001,-1718552.1297,null,null,null,null,null,null,1591946.0925222216,null,null,null
Tue Oct 13 17:00:00 UTC 2026,1.5728638000000001,-1773505.1297,null,null,null,null,null,null,1135097.814744444,null,null,null
Tue Oct 13 18:00:00 UTC 2026,1.5728638000000001,-1341843.1297,null,null,null,null,null,null,678249.5369666666,null,null,null
Tue Oct 13 19:00:00 UTC 2026,1.5728638000000001,-1288533.1297,null,null,null,null,null,null,221401.25918888906,null,null,null
Tue Oct 13 20:00:00 UTC 2026,1.5728638000000001,-1166853.1297,null,null,null,null,null,null,-235447.01858888916,null,null,null
Tue Oct 13 21:00:00 UTC 2026,1.5728638000000001,-1358706.1297,null,null,null,null,null,null,-692295.2963666667,null,null,null
Tue Oct 13 22:00:00 UTC 2026,1.5728638000000001,-1342281.1297,null,null,null,null,null,null,-1149143.5741444444,null,null,null
Tue Oct 13 23:00:00 UTC 2026,1.5728638000000001,-1427347.1297,null,null,null,null,null,null,-1605991.851922222,null,null,null
Wed Oct 14 00:00:00 UTC 2026,1.5728638000000001,-2063440.1297,null,-2063340.1297,null,null,null,null,-2062840.1297,null,null,null
Wed Oct 14 01:00:00 UTC 2026,1.5728638000000001,-1787295.1297,null,-1953369.964137086,null,null,null,null,null,null,null,null
Wed Oct 14 02:00:00 UTC 2026,1.5728638000000001,-1541128.1297,null,-1843399.7985741724,null,null,null,null,null,null,null,null
Wed Oct 14 03:00:00 UTC 2026,1.5728638000000001,-1194877.1297,null,-1733429.6330112582,null,null,null,null,null,null,null,null
Wed Oct 14 04:00:00 UTC 2026,1.5728638000000001,-968640.1296999999,null,-1623459.4674483442,null,null,null,null,null,null,null,null
Wed Oct 14 05:00:00 UTC 2026,1.5728638000000001,5372653.8703,null,-1513489.3018854305,null,null,null,null,null,null,null,null
Wed Oct 14 06:00:00 UTC 2026,1.5728638000000001,5285713.8703,null,-1403519.1363225165,null,null,null,null,null,null,null,null
Wed Oct 14 07:00:00 UTC 2026,1.5728638000000001,5441423.8703,null,-1293548.9707596023,null,null,null,null,null,null,null,null
Wed Oct 14 08:00:00 UTC 2026,1.5728638000000001,5602894.8703,null,-1183578.8051966885,null,null,null,null,null,null,null,null
Wed Oct 14 09:00:00 UTC 2026,1.5728638000000001,5802156.8703,null,-1073608.6396337748,null,null,null,null,null,null,null,null
Wed Oct 14 10:00:00 UTC 2026,1.5728638000000001,6229197.8703,null,-963638.4740708608,null,null,null,null,null,null,null,null
Wed Oct 14 11:00:00 UTC 2026,1.5728638000000001,5973082.8703,null,-853668.3085079468,null,null,null,null,null,null,null,null
Wed Oct 14 12:00:00 UTC 2026,1.5728638000000001,6177963.8703,null,-743698.142945033,null,null,null,null,null,null,null,null
Wed Oct 14 13:00:00 UTC 2026,1.5728638000000001,6209586.8703,null,-633727.9773821193,null,null,null,null,null,null,null,null
Wed Oct 14 14:00:00 UTC 2026,1.5728638000000001,5687266.8703,null,-523757.81181920506,null,null,null,null,null,null,null,null
Wed Oct 14 15:00:00 UTC 2026,1.5728638000000001,5520113.8703,null,-413787.64625629154,null,null,null,null,null,null,null,null
Wed Oct 14 16:00:00 UTC 2026,1.5728638000000001,4779911.8703000005,null,-303817.4806933773,null,null,null,null,null,null,null,null
Wed Oct 14 17:00:00 UTC 2026,1.5728638000000001,5203454.8703,null,-193847.31513046334,null,null,null,null,null,null,null,null
Wed Oct 14 18:00:00 UTC 2026,1.5728638000000001,4924361.8703000005,null,-83877.14956754958,null,null,null,null,null,null,null,null
Wed Oct 14 19:00:00 UTC 2026,1.5728638000000001,4810407.8703000005,null,26093.01599536417,null,null,null,null,null,null,null,null
Wed Oct 14 20:00:00 UTC 2026,1.5728638000000001,4222945.8703000005,null,136063.18155827862,null,null,null,null,null,null,null,null
Wed Oct 14 21:00:00 UTC 2026,1.5728638000000001,5194711.8703,null,246033.34712119214,null,null,null,null,null,null,null,null
Wed Oct 14 22:00:00 UTC 2026,1.5728638000000001,5077823.8703,null,356003.5126841059,null,null,null,null,null,null,null,null
Wed Oct 14 23:00:00 UTC 2026,1.5728638000000001,5348256.8703,null,465973.6782470199,null,null,null,null,null,null,null,null
Thu Oct 15 00:00:00 UTC 2026,1.5728638000000001,5305779.8703,null,575943.8438099341,null,null,null,null,null,null,null,null
Thu Oct 15 01:00:00 UTC 2026,1.5728638000000001,5231149.8703,null,685914.0093728479,null,null,null,null,null,null,null,null
Thu Oct 15 02:00:00 UTC 2026,1.5728638000000001,4768428.8703000005,null,795884.1749357614,null,null,null,null,null,null,null,null
Thu Oct 15 03:00:00 UTC 2026,1.5728638000000001,4690715.8703000005,null,905854.3404986758,null,null,null,null,null,null,null,null
Thu Oct 15 04:00:00 UTC 2026,1.5728638000000001,4589532.8703000005,null,1015824.5060615896,null,null,null,null,null,null,null,null
Thu Oct 15 05:00:00 UTC 2026,1.5728638000000001,5055383.8703,null,1125794.6716245038,null,null,null,null,null,null,null,null
Thu Oct 15 06:00:00 UTC 2026,1.5728638000000001,5138443.8703,null,1235764.8371874173,null,null,null,null,null,null,null,null
Thu Oct 15 07:00:00 UTC 2026,1.5728638000000001,5180253.8703,null,1345735.0027503313,null,null,null,null,null,null,null,null
Thu Oct 15 08:00:00 UTC 2026,1.5728638000000001,4649877.8703000005,null,1455705.168313245,null,null,null,null,null,null,null,null
Thu Oct 15 09:00:00 UTC 2026,1.5728638000000001,4294175.8703000005,null,1565675.3338761593,null,null,null,null,null,null,null,null
Thu Oct 15 10:00:00 UTC 2026,1.5728638000000001,4315397.8703000005,null,1675645.4994390733,null,null,null,null,null,null,null,null
Thu Oct 15 11:00:00 UTC 2026,1.5728638000000001,4232606.8703000005,null,1785615.6650019865,null,null,null,null,null,null,null,null
Thu Oct 15 12:00:00 UTC 2026,1.5728638000000001,4305676.8703000005,null,1895585.8305649005,null,null,null,null,null,null,null,null
Thu Oct 15 13:00:00 UTC 2026,1.5728638000000001,4954577.8703000005,null,2005555.9961278148,null,null,null,null,null,null,null,null
Thu Oct 15 14:00:00 UTC 2026,1.5728638000000001,4771403.8703000005,null,2115526.1616907287,null,null,null,null,null,null,null,null
Thu Oct 15 15:00:00 UTC 2026,1.5728638000000001,5506849.8703,null,2225496.3272536425,null,null,null,null,null,null,null,null
Thu Oct 15 16:00:00 UTC 2026,1.5728638000000001,5663498.8703,null,2335466.492816557,null,null,null,null,null,null,null,null
Thu Oct 15 17:00:00 UTC 2026,1.5728638000000001,6674874.8703,null,2445436.6583794705,null,null,null,null,null,null,null,null
Thu Oct 15 18:00:00 UTC 2026,1.5728638000000001,6809825.8703,null,2555406.8239423838,null,null,null,null,null,null,null,null
Thu Oct 15 19:00:00 UTC 2026,1.5728638000000001,6854187.8703,null,2665376.9895052984,null,null,null,null,null,null,null,null
Thu Oct 15 20:00:00 UTC 2026,1.5728638000000001,7121830.8703,null,2775347.155068212,null,null,null,null,null,null,null,null
Thu Oct 15 21:00:00 UTC 2026,1.5728638000000001,7069902.8703,null,2885317.320631126,null,null,null,null,null,null,null,null
Thu Oct 15 22:00:00 UTC 2026,1.5728638000000001,7024037.8703,null,2995287.4861940397,null,null,null,null,null,null,null,null
Thu Oct 15 23:00:00 UTC 2026,1.5728638000000001,7432545.8703,null,3105257.6517569534,null,null,null,null,null,null,null,null
Fri Oct 16 00:00:00 UTC 2026,1.5728638000000001,7576094.8703,null,3215227.8173198677,null,null,null,null,null,null,null,null
Fri Oct 16 01:00:00 UTC 2026,1.5728638000000001,8163773.8703,null,3325197.982882781,null,null,null,null,null,null,null,null
Fri Oct 16 02:00:00 UTC 2026,1.5728638000000001,8014531.8703,null,3435168.1484456956,null,null,null,null,null,null,null,null
Fri Oct 16 03:00:00 UTC 2026,1.5728638000000001,7583446.8703,null,3545138.3140086094,null,null,null,null,null,null,null,null
Fri Oct 16 04:00:00 UTC 2026,1.5728638000000001,7487557.8703,null,3655108.4795715227,null,null,null,null,null,null,null,null
Fri Oct 16 05:00:00 UTC 2026,1.5728638000000001,7418796.8703,null,3765078.645134437,null,null,null,null,null,null,null,null
Fri Oct 16 06:00:00 UTC 2026,1.5728638000000001,7602854.8703,null,3875048.8106973516,null,null,null,null,null,null,null,null
Fri Oct 16 07:00:00 UTC 2026,1.5728638000000001,7343531.8703,null,3985018.9762602653,null,null,null,null,null,null,null,null
Fri Oct 16 08:00:00 UTC 2026,1.5728638000000001,7769180.8703,null,4094989.1418231796,null,null,null,null,null,null,null,null
Fri Oct 16 09:00:00 UTC 2026,1.5728638000000001,7637113.8703,null,4204959.307386093,null,null,null,null,null,null,null,null
Fri Oct 16 10:00:00 UTC 2026,1.5728638000000001,7959522.8703,null,4314929.4729490075,null,null,null,null,null,null,null,null
Fri Oct 16 11:00:00 UTC 2026,1.5728638000000001,7637701.8703,null,4424899.638511921,null,null,null,null,null,null,null,null
Fri Oct 16 12:00:00 UTC 2026,1.5728638000000001,7655230.8703,null,4534869.804074835,null,null,null,null,null,null,null,null
Fri Oct 16 13:00:00 UTC 2026,1.5728638000000001,7660162.8703,null,4644839.969637749,null,null,null,null,null,null,null,null
Fri Oct 16 14:00:00 UTC 2026,1.5728638000000001,7761044.8703,null,4754810.135200663,null,null,null,null,null,null,null,null
Fri Oct 16 15:00:00 UTC 2026,1.5728638000000001,8040095.8703,null,4864780.300763577,null,null,null,null,null,null,null,null
Fri Oct 16 16:00:00 UTC 2026,1.5728638000000001,8123389.8703,null,4974750.46632649,null,null,null,null,null,null,null,null
Fri Oct 16 17:00:00 UTC 2026,1.5728638000000001,8498859.870299999,null,5084720.631889404,null,null,null,null,null,null,null,null
Fri Oct 16 18:00:00 UTC 2026,1.5728638000000001,7956677.8703,null,5194690.7974523185,null,null,null,null,null,null,null,null
Fri Oct 16 19:00:00 UTC 2026,1.5728638000000001,7836660.8703,null,5304660.963015232,null,null,null,null,null,null,null,null
Fri Oct 16 20:00:00 UTC 2026,1.5728638000000001,7997799.8703,null,5414631.128578146,null,null,null,null,null,null,null,null
Fri Oct 16 21:00:00 UTC 2026,1.5728638000000001,7997799.8703,null,5524601.29414106,null,null,null,null,null,null,null,null
Fri Oct 16 22:00:00 UTC 2026,1.5728638000000001,7997799.8703,null,5634571.4597039735,null,null,null,null,null,null,null,null
Fri Oct 16 23:00:00 UTC 2026,1.5728638000000001,7997799.8703,null,5744541.625266887,null,null,null,null,null,null,null,null
Sat Oct 17 00:00:00 UTC 2026,1.5728638000000001,7997799.8703,null,5854511.790829801,null,null,null,null,null,null,null,null
Sat Oct 17 01:00:00 UTC 2026,1.5728638000000001,7997799.8703,null,5964481.956392716,null,null,null,null,null,null,null,null
Sat Oct 17 02:00:00 UTC 2026,1.5728638000000001,7997799.8703,null,6074452.121955629,null,null,null,null,null,null,null,null
Sat Oct 17 03:00:00 UTC 2026,1.5728638000000001,7997799.8703,null,6184422.287518543,null,null,null,null,null,null,null,null
Sat Oct 17 04:00:00 UTC 2026,1.5728638000000001,7997799.8703,null,6294392.453081457,null,null,null,null,null,null,null,null
Sat Oct 17 05:00:00 UTC 2026,1.5728638000000001,7997799.8703,null,6404362.618644372,null,null,null,null,null,null,null,null
Sat Oct 17 06:00:00 UTC 2026,1.5728638000000001,7997799.8703,null,6514332.784207284,null,null,null,null,null,null,null,null
Sat Oct 17 07:00:00 UTC 2026,1.5728638000000001,7997799.8703,null,6624302.949770199,null,null,null,null,null,null,null,null
Sat Oct 17 08:00:00 UTC 2026,1.5728638000000001,7997799.8703,null,6734273.115333114,null,null,null,null,null,null,null,null
Sat Oct 17 09:00:00 UTC 2026,1.5728638000000001,7997799.8703,null,6844243.280896027,null,null,null,null,null,null,null,null
Sat Oct 17 10:00:00 UTC 2026,1.5728638000000001,7997799.8703,null,6954213.446458941,null,null,null,null,null,null,null,null
Sat Oct 17 11:00:00 UTC 2026,1.5728638000000001,7997799.8703,null,7064183.612021855,null,null,null,null,null,null,null,null
Sat Oct 17 12:00:00 UTC 2026,1.5728638000000001,7997799.8703,null,7174153.777584768,null,null,null,null,null,null,null,null
Sat Oct 17 13:00:00 UTC 2026,1.5728638000000001,7997799.8703,null,7284123.943147683,null,null,null,null,null,null,null,null
Sat Oct 17 14:00:00 UTC 2026,1.5728638000000001,7997799.8703,null,7394094.108710596,null,null,null,null,null,null,null,null
Sat Oct 17 15:00:00 UTC 2026,1.5728638000000001,7997799.8703,null,7504064.274273509,null,null,null,null,null,null,null,null
Sat Oct 17 16:00:00 UTC 2026,1.5728638000000001,7997799.8703,null,7614034.439836424,null,null,null,null,null,null,null,null
Sat Oct 17 17:00:00 UTC 2026,1.5728638000000001,7997799.8703,null,7724004.605399339,null,null,null,null,null,null,null,null
Sat Oct 17 18:00:00 UTC 2026,1.5728638000000001,7997799.8703,null,7833974.770962252,null,null,null,null,null,null,null,null
Sat Oct 17 19:00:00 UTC 2026,1.5728638000000001,7997799.8703,null,7943944.936525166,null,null,null,null,null,null,null,null
Sat Oct 17 20:00:00 UTC 2026,1.5728638000000001,7997799.8703,null,8053915.10208808,null,null,null,null,null,null,null,null
Sat Oct 17 21:00:00 UTC 2026,1.5728638000000001,7997799.8703,null,8163885.267650995,null,null,null,null,null,null,null,null
Sat Oct 17 22:00:00 UTC 2026,1.5728638000000001,7997799.8703,null,8273855.433213906,null,null,null,null,null,null,null,null
Sat Oct 17 23:00:00 UTC 2026,1.5728638000000001,7997799.8703,null,8383825.598776822,null,null,null,null,null,null,null,null
Sun Oct 18 00:00:00 UTC 2026,1.5728638000000001,7997799.8703,null,8493795.764339736,null,null,null,null,null,null,null,null
Sun Oct 18 01:00:00 UTC 2026,1.5728638000000001,7997799.8703,null,8603765.929902649,null,null,null,null,null,null,null,null
Sun Oct 18 02:00:00 UTC 2026,1.5728638000000001,7997799.8703,null,8713736.095465563,null,null,null,null,null,null,null,null
Sun Oct 18 03:00:00 UTC 2026,1.5728638000000001,7997799.8703,null,8823706.261028478,null,null,null,null,null,null,null,null
Sun Oct 18 04:00:00 UTC 2026,1.5728638000000001,7997799.8703,null,8933676.42659139,null,null,null,null,null,null,null,null
Sun Oct 18 05:00:00 UTC 2026,1.5728638000000001,7997799.8703,null,9043646.592154305,null,null,null,null,null,null,null,null
Sun Oct 18 06:00:00 UTC 2026,1.5728638000000001,7997799.8703,null,9153616.757717218,null,null,null,null,null,null,null,null
Sun Oct 18 07:00:00 UTC 2026,1.5728638000000001,7997799.8703,null,9263586.923280133,null,null,null,null,null,null,null,null
Sun Oct 18 08:00:00 UTC 2026,1.5728638000000001,7997799.8703,null,9373557.088843046,null,null,null,null,null,null,null,null
Sun Oct 18 09:00:00 UTC 2026,1.5728638000000001,7997799.8703,null,9483527.25440596,null,null,null,null,null,null,null,null
Sun Oct 18 10:00:00 UTC 2026,1.5728638000000001,7997799.8703,null,9593497.419968873,null,null,null,null,null,null,null,null
Sun Oct 18 11:00:00 UTC 2026,1.5728638000000001,7997799.8703,null,9703467.585531788,null,null,null,null,null,null,null,null
Sun Oct 18 12:00:00 UTC 2026,1.5728638000000001,7997799.8703,null,9813437.751094703,null,null,null,null,null,null,null,null
Sun Oct 18 13:00:00 UTC 2026,1.5728638000000001,7997799.8703,null,9923407.916657617,null,null,null,null,null,null,null,null
Sun Oct 18 14:00:00 UTC 2026,1.5728638000000001,7997799.8703,null,1.003337808222053E7,null,null,null,null,null,null,null,null
Sun Oct 18 15:00:00 UTC 2026,1.5728638000000001,7997799.8703,null,1.0143348247783443E7,null,null,null,null,null,null,null,null
Sun Oct 18 16:00:00 UTC 2026,1.5728638000000001,7997799.8703,null,1.025331841334636E7,null,null,null,null,null,null,null,null
Sun Oct 18 17:00:00 UTC 2026,1.5728638000000001,7997799.8703,null,1.0363288578909272E7,null,null,null,null,null,null,null,null
Sun Oct 18 18:00:00 UTC 2026,1.5728638000000001,7997799.8703,null,1.0473258744472185E7,null,null,null,null,null,null,null,null
Sun Oct 18 19:00:00 UTC 2026,1.5728638000000001,7997799.8703,null,1.05832289100351E7,null,null,null,null,null,null,null,null
Sun Oct 18 20:00:00 UTC 2026,1.5728638000000001,7997799.8703,null,1.0693199075598015E7,null,null,null,null,null,null,null,null
Sun Oct 18 21:00:00 UTC 2026,1.5728638000000001,7539680.8703,null,1.0803169241160927E7,null,null,null,null,null,null,null,null
Sun Oct 18 22:00:00 UTC 2026,1.5728638000000001,7636096.8703,null,1.0913139406723842E7,null,null,null,null,null,null,null,null
Sun Oct 18 23:00:00 UTC 2026,1.5728638000000001,7997378.8703,null,1.1023109572286755E7,null,null,null,null,null,null,null,null
Mon Oct 19 00:00:00 UTC 2026,1.5728638000000001,8042047.8703,null,1.113307973784967E7,null,null,null,null,null,null,null,null
Mon Oct 19 01:00:00 UTC 2026,1.5728638000000001,8269637.8703,null,1.1243049903412582E7,null,null,null,null,null,null,null,null
Mon Oct 19 02:00:00 UTC 2026,1.5728638000000001,8618708.870299999,null,1.1353020068975497E7,null,null,null,null,null,null,null,null
Mon Oct 19 03:00:00 UTC 2026,1.5728638000000001,8806528.870299999,null,1.1462990234538412E7,null,null,null,null,null,null,null,null
Mon Oct 19 04:00:00 UTC 2026,1.5728638000000001,9069979.870299999,null,1.1572960400101325E7,null,null,null,null,null,null,null,null
Mon Oct 19 05:00:00 UTC 2026,1.5728638000000001,8939400.870299999,null,1.168293056566424E7,null,null,null,null,null,null,null,null
Mon Oct 19 06:00:00 UTC 2026,1.5728638000000001,9034882.870299999,null,1.1792900731227154E7,null,null,null,null,null,null,null,null
Mon Oct 19 07:00:00 UTC 2026,1.5728638000000001,8708059.870299999,null,1.1902870896790065E7,null,null,null,null,null,null,null,null
Mon Oct 19 08:00:00 UTC 2026,1.5728638000000001,9039834.870299999,null,1.2012841062352981E7,null,null,null,null,null,null,null,null
Mon Oct 19 09:00:00 UTC 2026,1.5728638000000001,8821864.870299999,null,1.2122811227915894E7,null,null,null,null,null,null,null,null
Mon Oct 19 10:00:00 UTC 2026,1.5728638000000001,8907088.870299999,null,1.2232781393478807E7,null,null,null,null,null,null,null,null
Mon Oct 19 11:00:00 UTC 2026,1.5728638000000001,8869450.870299999,null,1.2342751559041724E7,null,null,null,null,null,null,null,null
Mon Oct 19 12:00:00 UTC 2026,1.5728638000000001,8742707.870299999,null,1.2452721724604636E7,null,null,null,null,null,null,null,null
Mon Oct 19 13:00:00 UTC 2026,1.5728638000000001,9406386.8703,null,1.256269189016755E7,null,null,null,null,null,null,null,null
Mon Oct 19 14:00:00 UTC 2026,1.5728638000000001,9642816.8703,null,1.2672662055730464E7,null,null,null,null,null,null,null,null
Mon Oct 19 15:00:00 UTC 2026,1.5728638000000001,9598299.8703,null,1.2782632221293379E7,null,null,null,null,null,null,null,null
Mon Oct 19 16:00:00 UTC 2026,1.5728638000000001,1.09566418703E7,null,1.2892602386856293E7,null,null,null,null,null,null,null,null
Mon Oct 19 17:00:00 UTC 2026,1.5728638000000001,9377622.8703,null,1.3002572552419206E7,null,null,null,null,null,null,null,null
Mon Oct 19 18:00:00 UTC 2026,1.5728638000000001,1.00085318703E7,null,1.3112542717982119E7,null,null,null,null,null,null,null,null
Mon Oct 19 19:00:00 UTC 2026,1.5728638000000001,1.03475128703E7,null,1.3222512883545035E7,null,null,null,null,null,null,null,null
Mon Oct 19 20:00:00 UTC 2026,1.5728638000000001,1.01519348703E7,null,1.3332483049107946E7,null,null,null,null,null,null,null,null
Mon Oct 19 21:00:00 UTC 2026,1.5728638000000001,9996195.8703,null,1.3442453214670861E7,null,null,null,null,null,null,null,null
Mon Oct 19 22:00:00 UTC 2026,1.5728638000000001,1.02151078703E7,null,1.3552423380233776E7,null,null,null,null,null,null,null,null
Mon Oct 19 23:00:00 UTC 2026,1.5728638000000001,1.02780648703E7,null,1.3662393545796689E7,null,null,null,null,null,null,null,null
Tue Oct 20 00:00:00 UTC 2026,1.5728638000000001,1.40101888703E7,null,1.3772363711359601E7,null,null,null,null,null,null,null,null
Tue Oct 20 01:00:00 UTC 2026,1.5728638000000001,1.44872888703E7,null,1.3882333876922518E7,null,null,null,null,null,null,null,null
Tue Oct 20 02:00:00 UTC 2026,1.5728638000000001,1.41602008703E7,null,1.399230404248543E7,null,null,null,null,null,null,null,null
Tue Oct 20 03:00:00 UTC 2026,1.5728638000000001,1.41501698703E7,null,1.4102274208048346E7,null,null,null,null,null,null,null,null
Tue Oct 20 04:00:00 UTC 2026,1.5728638000000001,1.42735538703E7,null,1.4212244373611258E7,null,null,null,null,null,null,null,null
Tue Oct 20 05:00:00 UTC 2026,1.5728638000000001,1.41021308703E7,null,1.4322214539174173E7,null,null,null,null,null,null,null,null
Tue Oct 20 06:00:00 UTC 2026,1.5728638000000001,1.45405598703E7,null,1.4432184704737088E7,null,null,null,null,null,null,null,null
Tue Oct 20 07:00:00 UTC 2026,1.5728638000000001,1.45420548703E7,null,1.45421548703E7,null,null,null,null,1.45426548703E7,null,null,null
Tue Oct 20 08:00:00 UTC 2026,1.5728638000000001,6141506.8703,null,null,null,null,null,null,1.4500358642336475E7,null,null,null
Tue Oct 20 09:00:00 UTC 2026,1.5728638000000001,6239641.8703,null,null,null,null,null,null,1.4458062414372949E7,null,null,null
Tue Oct 20 10:00:00 UTC 2026,1.5728638000000001,6379761.8703,null,null,null,null,null,null,1.4415766186409423E7,null,null,null
Tue Oct 20 11:00:00 UTC 2026,1.5728638000000001,6568846.8703,null,null,null,null,null,null,1.4373469958445897E7,null,null,null
Tue Oct 20 12:00:00 UTC 2026,1.5728638000000001,6557632.8703,null,null,null,null,null,null,1.4331173730482372E7,null,null,null
Tue Oct 20 13:00:00 UTC 2026,1.5728638000000001,6459765.8703,null,null,null,null,null,null,1.4288877502518846E7,null,null,null
Tue Oct 20 14:00:00 UTC 2026,1.5728638000000001,6537512.8703,null,null,null,null,null,null,1.424658127455532E7,null,null,null
Tue Oct 20 15:00:00 UTC 2026,1.5728638000000001,6585951.8703,null,null,null,null,null,null,1.4204285046591794E7,null,null,null
Tue Oct 20 16:00:00 UTC 2026,1.5728638000000001,6393653.8703,null,null,null,null,null,null,1.4161988818628268E7,null,null,null
Tue Oct 20 17:00:00 UTC 2026,1.5728638000000001,6475948.8703,null,null,null,null,null,null,1.4119692590664743E7,null,null,null
Tue Oct 20 18:00:00 UTC 2026,1.5728638000000001,6439794.8703,null,null,null,null,null,null,1.4077396362701217E7,null,null,null
Tue Oct 20 19:00:00 UTC 2026,1.5728638000000001,6490692.8703,null,null,null,null,null,null,1.4035100134737689E7,null,null,null
Tue Oct 20 20:00:00 UTC 2026,1.5728638000000001,6579630.8703,null,null,null,null,null,null,1.3992803906774165E7,null,null,null
Tue Oct 20 21:00:00 UTC 2026,1.5728638000000001,6605638.8703,null,null,null,null,null,null,1.395050767881064E7,null,null,null
Tue Oct 20 22:00:00 UTC 2026,1.5728638000000001,6524529.8703,null,null,null,null,null,null,1.3908211450847112E7,null,null,null
Tue Oct 20 23:00:00 UTC 2026,1.5728638000000001,6521803.8703,null,null,null,null,null,null,1.3865915222883588E7,null,null,null
Wed Oct 21 00:00:00 UTC 2026,1.5728638000000001,6574666.8703,null,null,null,null,null,null,1.3823618994920062E7,null,null,null
Wed Oct 21 01:00:00 UTC 2026,1.5728638000000001,6682931.8703,null,null,null,null,null,null,1.3781322766956538E7,null,null,null
Wed Oct 21 02:00:00 UTC 2026,1.5728638000000001,6877107.8703,null,null,null,null,null,null,1.3739026538993008E7,null,null,null
Wed Oct 21 03:00:00 UTC 2026,1.5728638000000001,6799442.8703,null,null,null,null,null,null,1.3696730311029484E7,null,null,null
Wed Oct 21 04:00:00 UTC 2026,1.5728638000000001,6791382.8703,null,null,null,null,null,null,1.3654434083065959E7,null,null,null
Wed Oct 21 05:00:00 UTC 2026,1.5728638000000001,6156200.8703,null,null,null,null,null,null,1.3612137855102433E7,null,null,null
Wed Oct 21 06:00:00 UTC 2026,1.5728638000000001,6214125.8703,null,null,null,null,null,null,1.3569841627138905E7,null,null,null
Wed Oct 21 07:00:00 UTC 2026,1.5728638000000001,6090031.8703,null,null,null,null,null,null,1.3527545399175381E7,null,null,null
Wed Oct 21 08:00:00 UTC 2026,1.5728638000000001,5773960.8703,null,null,null,null,null,null,1.3485249171211854E7,null,null,null
Wed Oct 21 09:00:00 UTC 2026,1.5728638000000001,5889187.8703,null,null,null,null,null,null,1.344295294324833E7,null,null,null
Wed Oct 21 10:00:00 UTC 2026,1.5728638000000001,5968301.8703,null,null,null,null,null,null,1.3400656715284802E7,null,null,null
Wed Oct 21 11:00:00 UTC 2026,1.5728638000000001,5867320.8703,null,null,null,null,null,null,1.3358360487321276E7,null,null,null
Wed Oct 21 12:00:00 UTC 2026,1.5728638000000001,5749530.8703,null,null,null,null,null,null,1.331606425935775E7,null,null,null
Wed Oct 21 13:00:00 UTC 2026,1.5728638000000001,5994334.8703,null,null,null,null,null,null,1.3273768031394226E7,null,null,null
Wed Oct 21 14:00:00 UTC 2026,1.5728638000000001,6021072.8703,null,null,null,null,null,null,1.32314718034307E7,null,null,null
Wed Oct 21 15:00:00 UTC 2026,1.5728638000000001,5942927.8703,null,null,null,null,null,null,1.3189175575467173E7,null,null,null
Wed Oct 21 16:00:00 UTC 2026,1.5728638000000001,5984940.8703,null,null,null,null,null,null,1.314687934750365E7,null,null,null
Wed Oct 21 17:00:00 UTC 2026,1.5728638000000001,5573153.8703,null,null,null,null,null,null,1.3104583119540123E7,null,null,null
Wed Oct 21 18:00:00 UTC 2026,1.5728638000000001,5527327.8703,null,null,null,null,null,null,1.3062286891576596E7,null,null,null
Wed Oct 21 19:00:00 UTC 2026,1.5728638000000001,5555665.8703,null,null,null,null,null,null,1.301999066361307E7,null,null,null
Wed Oct 21 20:00:00 UTC 2026,1.5728638000000001,5514918.8703,null,null,null,null,null,null,1.2977694435649546E7,null,null,null
Wed Oct 21 21:00:00 UTC 2026,1.5728638000000001,5661462.8703,null,null,null,null,null,null,1.2935398207686018E7,null,null,null
Wed Oct 21 22:00:00 UTC 2026,1.5728638000000001,5725051.8703,null,null,null,null,null,null,1.2893101979722492E7,null,null,null
Wed Oct 21 23:00:00 UTC 2026,1.5728638000000001,5740887.8703,null,null,null,null,null,null,1.2850805751758967E7,null,null,null
Thu Oct 22 00:00:00 UTC 2026,1.5728638000000001,5681591.8703,null,null,null,null,null,null,1.2808509523795443E7,null,null,null
Thu Oct 22 01:00:00 UTC 2026,1.5728638000000001,5687510.8703,null,null,null,null,null,null,1.2766213295831915E7,null,null,null
Thu Oct 22 02:00:00 UTC 2026,1.5728638000000001,5643885.8703,null,null,null,null,null,null,1.272391706786839E7,null,null,null
Thu Oct 22 03:00:00 UTC 2026,1.5728638000000001,5582321.8703,null,null,null,null,null,null,1.2681620839904863E7,null,null,null
Thu Oct 22 04:00:00 UTC 2026,1.5728638000000001,5557868.8703,null,null,null,null,null,null,1.2639324611941338E7,null,null,null
Thu Oct 22 05:00:00 UTC 2026,1.5728638000000001,5579253.8703,null,null,null,null,null,null,1.2597028383977812E7,null,null,null
Thu Oct 22 06:00:00 UTC 2026,1.5728638000000001,5610092.8703,null,null,null,null,null,null,1.2554732156014286E7,null,null,null
Thu Oct 22 07:00:00 UTC 2026,1.5728638000000001,5696586.8703,null,null,null,null,null,null,1.251243592805076E7,null,null,null
Thu Oct 22 08:00:00 UTC 2026,1.5728638000000001,5808091.8703,null,null,null,null,null,null,1.2470139700087234E7,null,null,null
Thu Oct 22 09:00:00 UTC 2026,1.5728638000000001,5795153.8703,null,null,null,null,null,null,1.242784347212371E7,null,null,null
Thu Oct 22 10:00:00 UTC 2026,1.5728638000000001,5827336.8703,null,null,null,null,null,null,1.238554724416018E7,null,null,null
Thu Oct 22 11:00:00 UTC 2026,1.5728638000000001,5894134.8703,null,null,null,null,null,null,1.2343251016196657E7,null,null,null
Thu Oct 22 12:00:00 UTC 2026,1.5728638000000001,5952495.8703,null,null,null,null,null,null,1.2300954788233131E7,null,null,null
Thu Oct 22 13:00:00 UTC 2026,1.5728638000000001,5801065.8703,null,null,null,null,null,null,1.2258658560269607E7,null,null,null
Thu Oct 22 14:00:00 UTC 2026,1.5728638000000001,5869371.8703,null,null,null,null,null,null,1.2216362332306078E7,null,null,null
Thu Oct 22 15:00:00 UTC 2026,1.5728638000000001,5992029.8703,null,null,null,null,null,null,1.2174066104342554E7,null,null,null
Thu Oct 22 16:00:00 UTC 2026,1.5728638000000001,6108175.8703,null,null,null,null,null,null,1.2131769876379028E7,null,null,null
Thu Oct 22 17:00:00 UTC 2026,1.5728638000000001,5897484.8703,null,null,null,null,null,null,1.2089473648415502E7,null,null,null
Thu Oct 22 18:00:00 UTC 2026,1.5728638000000001,5998636.8703,null,null,null,null,null,null,1.2047177420451974E7,null,null,null
Thu Oct 22 19:00:00 UTC 2026,1.5728638000000001,6055014.8703,null,null,null,null,null,null,1.200488119248845E7,null,null,null
Thu Oct 22 20:00:00 UTC 2026,1.5728638000000001,6007897.8703,null,null,null,null,null,null,1.1962584964524923E7,null,null,null
Thu Oct 22 21:00:00 UTC 2026,1.5728638000000001,5890440.8703,null,null,null,null,null,null,1.1920288736561399E7,null,null,null
Thu Oct 22 22:00:00 UTC 2026,1.5728638000000001,5919872.8703,null,null,null,null,null,null,1.1877992508597873E7,null,null,null
Thu Oct 22 23:00:00 UTC 2026,1.5728638000000001,5968053.8703,null,null,null,null,null,null,1.1835696280634347E7,null,null,null
Fri Oct 23 00:00:00 UTC 2026,1.5728638000000001,6003035.8703,null,null,null,null,null,null,1.1793400052670822E7,null,null,null
Fri Oct 23 01:00:00 UTC 2026,1.5728638000000001,5952846.8703,null,null,null,null,null,null,1.1751103824707296E7,null,null,null
Fri Oct 23 02:00:00 UTC 2026,1.5728638000000001,6005640.8703,null,null,null,null,null,null,1.1708807596743772E7,null,null,null
Fri Oct 23 03:00:00 UTC 2026,1.5728638000000001,6085406.8703,null,null,null,null,null,null,1.1666511368780242E7,null,null,null
Fri Oct 23 04:00:00 UTC 2026,1.5728638000000001,6139622.8703,null,null,null,null,null,null,1.1624215140816718E7,null,null,null
Fri Oct 23 05:00:00 UTC 2026,1.5728638000000001,6223048.8703,null,null,null,null,null,null,1.1581918912853193E7,null,null,null
Fri Oct 23 06:00:00 UTC 2026,1.5728638000000001,6161773.8703,null,null,null,null,null,null,1.1539622684889667E7,null,null,null
Fri Oct 23 07:00:00 UTC 2026,1.5728638000000001,6006168.8703,null,null,null,null,null,null,1.149732645692614E7,null,null,null
Fri Oct 23 08:00:00 UTC 2026,1.5728638000000001,5999702.8703,null,null,null,null,null,null,1.1455030228962615E7,null,null,null
Fri Oct 23 09:00:00 UTC 2026,1.5728638000000001,6060542.8703,null,null,null,null,null,null,1.1412734000999087E7,null,null,null
Fri Oct 23 10:00:00 UTC 2026,1.5728638000000001,5938991.8703,null,null,null,null,null,null,1.1370437773035564E7,null,null,null
Fri Oct 23 11:00:00 UTC 2026,1.5728638000000001,6061416.8703,null,null,null,null,null,null,1.1328141545072036E7,null,null,null
Fri Oct 23 12:00:00 UTC 2026,1.5728638000000001,6096620.8703,null,null,null,null,null,null,1.1285845317108512E7,null,null,null
Fri Oct 23 13:00:00 UTC 2026,1.5728638000000001,6040205.8703,null,null,null,null,null,null,1.1243549089144984E7,null,null,null
Fri Oct 23 14:00:00 UTC 2026,1.5728638000000001,5960057.8703,null,null,null,null,null,null,1.120125286118146E7,null,null,null
Fri Oct 23 15:00:00 UTC 2026,1.5728638000000001,5920970.8703,null,null,null,null,null,null,1.1158956633217935E7,null,null,null
Fri Oct 23 16:00:00 UTC 2026,1.5728638000000001,5835875.8703,null,null,null,null,null,null,1.1116660405254407E7,null,null,null
Fri Oct 23 17:00:00 UTC 2026,1.5728638000000001,5685673.8703,null,null,null,null,null,null,1.1074364177290883E7,null,null,null
Fri Oct 23 18:00:00 UTC 2026,1.5728638000000001,5563388.8703,null,null,null,null,null,null,1.1032067949327357E7,null,null,null
Fri Oct 23 19:00:00 UTC 2026,1.5728638000000001,5461966.8703,null,null,null,null,null,null,1.098977172136383E7,null,null,null
Fri Oct 23 20:00:00 UTC 2026,1.5728638000000001,5508691.8703,null,null,null,null,null,null,1.0947475493400304E7,null,null,null
Fri Oct 23 21:00:00 UTC 2026,1.5728638000000001,5508691.8703,null,null,null,null,null,null,1.090517926543678E7,null,null,null
Fri Oct 23 22:00:00 UTC 2026,1.5728638000000001,5508691.8703,null,null,null,null,null,null,1.0862883037473254E7,null,null,null
Fri Oct 23 23:00:00 UTC 2026,1.5728638000000001,5508691.8703,null,null,null,null,null,null,1.0820586809509726E7,null,null,null
Sat Oct 24 00:00:00 UTC 2026,1.5728638000000001,5508691.8703,null,null,null,null,null,null,1.07782905815462E7,null,null,null
Sat Oct 24 01:00:00 UTC 2026,1.5728638000000001,5508691.8703,null,null,null,null,null,null,1.0735994353582677E7,null,null,null
Sat Oct 24 02:00:00 UTC 2026,1.5728638000000001,5508691.8703,null,null,null,null,null,null,1.0693698125619149E7,null,null,null
Sat Oct 24 03:00:00 UTC 2026,1.5728638000000001,5508691.8703,null,null,null,null,null,null,1.0651401897655623E7,null,null,null
Sat Oct 24 04:00:00 UTC 2026,1.5728638000000001,5508691.8703,null,null,null,null,null,null,1.0609105669692097E7,null,null,null
Sat Oct 24 05:00:00 UTC 2026,1.5728638000000001,5508691.8703,null,null,null,null,null,null,1.0566809441728571E7,null,null,null
Sat Oct 24 06:00:00 UTC 2026,1.5728638000000001,5508691.8703,null,null,null,null,null,null,1.0524513213765046E7,null,null,null
Sat Oct 24 07:00:00 UTC 2026,1.5728638000000001,5508691.8703,null,null,null,null,null,null,1.048221698580152E7,null,null,null
Sat Oct 24 08:00:00 UTC 2026,1.5728638000000001,5508691.8703,null,null,null,null,null,null,1.0439920757837994E7,null,null,null
Sat Oct 24 09:00:00 UTC 2026,1.5728638000000001,5508691.8703,null,null,null,null,null,null,1.0397624529874468E7,null,null,null
Sat Oct 24 10:00:00 UTC 2026,1.5728638000000001,5508691.8703,null,null,null,null,null,null,1.0355328301910944E7,null,null,null
Sat Oct 24 11:00:00 UTC 2026,1.5728638000000001,5508691.8703,null,null,null,null,null,null,1.0313032073947417E7,null,null,null
Sat Oct 24 12:00:00 UTC 2026,1.5728638000000001,5508691.8703,null,null,null,null,null,null,1.027073584598389E7,null,null,null
Sat Oct 24 13:00:00 UTC 2026,1.5728638000000001,5508691.8703,null,null,null,null,null,null,1.0228439618020365E7,null,null,null
Sat Oct 24 14:00:00 UTC 2026,1.5728638000000001,5508691.8703,null,null,null,null,null,null,1.0186143390056841E7,null,null,null
Sat Oct 24 15:00:00 UTC 2026,1.5728638000000001,5508691.8703,null,null,null,null,null,null,1.0143847162093312E7,null,null,null
Sat Oct 24 16:00:00 UTC 2026,1.5728638000000001,5508691.8703,null,null,null,null,null,null,1.0101550934129788E7,null,null,null
Sat Oct 24 17:00:00 UTC 2026,1.5728638000000001,5508691.8703,null,null,null,null,null,null,1.0059254706166262E7,null,null,null
Sat Oct 24 18:00:00 UTC 2026,1.5728638000000001,5508691.8703,null,null,null,null,null,null,1.0016958478202736E7,null,null,null
Sat Oct 24 19:00:00 UTC 2026,1.5728638000000001,5508691.8703,null,null,null,null,null,null,9974662.25023921,null,null,null
Sat Oct 24 20:00:00 UTC 2026,1.5728638000000001,5508691.8703,null,null,null,null,null,null,9932366.022275684,null,null,null
Sat Oct 24 21:00:00 UTC 2026,1.5728638000000001,5508691.8703,null,null,null,null,null,null,9890069.794312157,null,null,null
Sat Oct 24 22:00:00 UTC 2026,1.5728638000000001,5508691.8703,null,null,null,null,null,null,9847773.566348633,null,null,null
Sat Oct 24 23:00:00 UTC 2026,1.5728638000000001,5508691.8703,null,null,null,null,null,null,9805477.338385107,null,null,null
Sun Oct 25 00:00:00 UTC 2026,1.5728638000000001,5508691.8703,null,null,null,null,null,null,9763181.110421581,null,null,null
Sun Oct 25 01:00:00 UTC 2026,1.5728638000000001,5508691.8703,null,null,null,null,null,null,9720884.882458055,null,null,null
Sun Oct 25 02:00:00 UTC 2026,1.5728638000000001,5508691.8703,null,null,null,null,null,null,9678588.65449453,null,null,null
Sun Oct 25 03:00:00 UTC 2026,1.5728638000000001,5508691.8703,null,null,null,null,null,null,9636292.426531004,null,null,null
Sun Oct 25 04:00:00 UTC 2026,1.5728638000000001,5508691.8703,null,null,null,null,null,null,9593996.198567476,null,null,null
Sun Oct 25 05:00:00 UTC 2026,1.5728638000000001,5508691.8703,null,null,null,null,null,null,9551699.970603952,null,null,null
Sun Oct 25 06:00:00 UTC 2026,1.5728638000000001,5508691.8703,null,null,null,null,null,null,9509403.742640426,null,null,null
Sun Oct 25 07:00:00 UTC 2026,1.5728638000000001,5508691.8703,null,null,null,null,null,null,9467107.514676899,null,null,null
Sun Oct 25 08:00:00 UTC 2026,1.5728638000000001,5508691.8703,null,null,null,null,null,null,9424811.286713373,null,null,null
Sun Oct 25 09:00:00 UTC 2026,1.5728638000000001,5508691.8703,null,null,null,null,null,null,9382515.058749849,null,null,null
Sun Oct 25 10:00:00 UTC 2026,1.5728638000000001,5508691.8703,null,null,null,null,null,null,9340218.830786323,null,null,null
Sun Oct 25 11:00:00 UTC 2026,1.5728638000000001,5508691.8703,null,null,null,null,null,null,9297922.602822796,null,null,null
Sun Oct 25 12:00:00 UTC 2026,1.5728638000000001,5508691.8703,null,null,null,null,null,null,9255626.374859272,null,null,null
Sun Oct 25 13:00:00 UTC 2026,1.5728638000000001,5508691.8703,null,null,null,null,null,null,9213330.146895746,null,null,null
Sun Oct 25 14:00:00 UTC 2026,1.5728638000000001,5508691.8703,null,null,null,null,null,null,9171033.91893222,null,null,null
Sun Oct 25 15:00:00 UTC 2026,1.5728638000000001,5508691.8703,null,null,null,null,null,null,9128737.690968692,null,null,null
Sun Oct 25 16:00:00 UTC 2026,1.5728638000000001,5508691.8703,null,null,null,null,null,null,9086441.463005168,null,null,null
Sun Oct 25 17:00:00 UTC 2026,1.5728638000000001,5508691.8703,null,null,null,null,null,null,9044145.23504164,null,null,null
Sun Oct 25 18:00:00 UTC 2026,1.5728638000000001,5508691.8703,null,null,null,null,null,null,9001849.007078117,null,null,null
Sun Oct 25 19:00:00 UTC 2026,1.5728638000000001,5508691.8703,null,null,null,null,null,null,8959552.779114591,null,null,null
Sun Oct 25 20:00:00 UTC 2026,1.5728638000000001,5508691.8703,null,null,null,null,null,null,8917256.551151063,null,null,null
Sun Oct 25 21:00:00 UTC 2026,1.5728638000000001,5367315.8703,null,null,null,null,null,null,8874960.323187537,null,null,null
Sun Oct 25 22:00:00 UTC 2026,1.5728638000000001,5330314.8703,null,null,null,null,null,null,8832664.095224014,null,null,null
Sun Oct 25 23:00:00 UTC 2026,1.5728638000000001,5332163.8703,null,null,null,null,null,null,8790367.867260488,null,null,null
